:04000000FEEFFFF020
:10D9420000819FE0FC407E80FC00001000C35CE789
:10D95200C358E77F00436F7079726967687420313A
:10D96200393739202863292062792044696769742C
:10D97200616C2052657365617263682020202020EB
:10D982002000000000000000000000000000000075
:10D992000000000000000000000000000000000085
:10D9A2000000000000000000000000000000000075
:10D9B2000000000000000000000000000000000065
:10D9C2000000000000000000000000000000000055
:10D9D200000000000008E400005F0E02C30500C55D
:10D9E200CD8CE4C1C93E0DCD92E43E0AC392E43E21
:10D9F20020C392E4C5CD98E4E17EB7C823E5CD8C7F
:10DA0200E4E1C3ACE40E0DC305005F0E0EC30500D6
:10DA1200CD050032EEEB3CC90E0FC3C3E4AF32EDCD
:10DA2200EB11CDEBC3CBE40E10C3C3E40E11C3C3A1
:10DA3200E40E12C3C3E411CDEBC3DFE40E13C3053E
:10DA420000CD0500B7C90E14C3F4E411CDEBC3F940
:10DA5200E40E15C3F4E40E16C3C3E40E17C30500A7
:10DA62001EFF0E20C30500CD13E58787878721EFB0
:10DA7200EBB6320400C93AEFEB320400C9FE61D8BA
:10DA8200FE7BD0E65FC93AABEBB7CA96E53AEFEB5D
:10DA9200B73E00C4BDE411ACEBCDCBE4CA96E53A87
:10DAA200BBEB3D32CCEB11ACEBCDF9E4C296E51108
:10DAB20007E42180000680CD42E821BAEB3600233C
:10DAC2003511ACEBCDDAE4CA96E53AEFEBB7C4BD5B
:10DAD200E42108E4CDACE4CDC2E5CAA7E5CDDDE59D
:10DAE200C382E7CDDDE5CD1AE50E0A1106E4CD05C8
:10DAF20000CD29E52107E4462378B7CABAE57ECDF1
:10DB020030E57705C3ABE5772108E42288E4C90E46
:10DB12000BCD0500B7C80E01CD0500B7C90E19C35C
:10DB220005001180000E1AC3050021ABEB7EB7C8B9
:10DB32003600AFCDBDE411ACEBCDEFE43AEFEBC371
:10DB4200BDE41128E72100EC06061ABEC2CFE71396
:10DB52002305C2FDE5C9CD98E42A8AE47EFE20CAE7
:10DB620022E6B7CA22E6E5CD8CE4E123C30FE63E06
:10DB72003FCD8CE4CD98E4CDDDE5C382E71AB7C88A
:10DB8200FE20DA09E6C8FE3DC8FE5FC8FE2EC8FECA
:10DB92003AC8FE3BC8FE3CC8FE3EC8C91AB7C8FE1A
:10DBA20020C013C34FE6856FD024C93E0021CDEBC0
:10DBB200CD59E6E5E5AF32F0EB2A88E4EBCD4FE64E
:10DBC200EB228AE4EBE11AB7CA89E6DE4047131A70
:10DBD200FE3ACA90E61B3AEFEB77C396E67832F04C
:10DBE200EB70130608CD30E6CAB9E623FE2AC2A9B5
:10DBF200E6363FC3ABE6771305C298E6CD30E6CAF8
:10DC0200C0E613C3AFE623362005C2B9E60603FE1B
:10DC12002EC2E9E613CD30E6CAE9E623FE2AC2D9CE
:10DC2200E6363FC3DBE6771305C2C8E6CD30E6CA67
:10DC3200F0E613C3DFE623362005C2E9E606032336
:10DC4200360005C2F2E6EB2288E4E1010B00237EF6
:10DC5200FE3FC209E7040DC201E778B7C944495241
:10DC62002045524120545950455341564552454E44
:10DC720020555345520016000000002110E70E0007
:10DC820079FE06D011CEEB06041ABEC24FE713236B
:10DC920005C23CE71AFE20C254E779C92305C24FE8
:10DCA200E70CC333E7AF3207E431ABEBC5791F1F93
:10DCB2001F1FE60F5FCD15E5CDB8E432ABEBC1799E
:10DCC200E60F32EFEBCDBDE43A07E4B7C298E73195
:10DCD200ABEBCD98E4CDD0E5C641CD8CE43E3ECD54
:10DCE2008CE4CD39E5118000CDD8E5CDD0E532EF19
:10DCF200EBCD5EE6C409E63AF0EBB7C2A5EACD2E5B
:10DD0200E721C1E75F160019197E23666FE977E8FC
:10DD12001FE95DE9ADE910EA8EEAA5EA21F3762270
:10DD220000E42100E4E901DFE7C3A7E4526561648E
:10DD3200206572726F720001F0E7C3A7E44E6F2094
:10DD420066696C6500CD5EE63AF0EBB7C209E62182
:10DD5200CEEB010B007EFE20CA33E823D630FE0A4A
:10DD6200D209E65778E6E0C209E67807070780DAC3
:10DD720009E680DA09E682DA09E6470DC208E8C94F
:10DD82007EFE20C209E6230DC233E878C906037E6F
:10DD920012231305C242E8C921800081CD59E67ED3
:10DDA200C9AF32CDEB3AF0EBB7C83D21EFEBBEC8BD
:10DDB200C3BDE43AF0EBB7C83D21EFEBBEC83AEF82
:10DDC200EBC3BDE4CD5EE6CD54E821CEEB7EFE2072
:10DDD200C28FE8060B363F2305C288E81E00D5CD68
:10DDE200E9E4CCEAE7CA1BE93AEEEB0F0F0FE66073
:10DDF2004F3E0ACD4BE817DA0FE9D17B1CD5E6037B
:10DE0200F5C2CCE8CD98E4C5CDD0E5C1C641CD92EE
:10DE1200E43E3ACD92E4C3D4E8CDA2E43E3ACD92B8
:10DE2200E4CDA2E4060178CD4BE8E67FFE20C2F9FC
:10DE3200E8F1F5FE03C2F7E83E09CD4BE8E67FFEC6
:10DE420020CA0EE93E20CD92E40478FE0CD20EE9FF
:10DE5200FE09C2D9E8CDA2E4C3D9E8F1CDC2E5C238
:10DE62001BE9CDE4E4C398E8D1C386EBCD5EE6FEC0
:10DE72000BC242E90152E9CDA7E4CD39E52107E41D
:10DE820035C282E7237EFE59C282E7232288E4CD8F
:10DE920054E811CDEBCDEFE43CCCEAE7C386EB418D
:10DEA2006C6C2028792F6E293F00CD5EE6C209E610
:10DEB200CD54E8CDD0E4CAA7E9CD98E421F1EB3600
:10DEC200FF21F1EB7EFE80DA87E9E5CDFEE4E1C2D7
:10DED200A0E9AF7734218000CD59E67EFE1ACA86CA
:10DEE200EBCD8CE4CDC2E5C286EBC374E93DCA86B4
:10DEF200EBCDD9E7CD66E8C309E6CDF8E7F5CD5E0F
:10DF0200E6C209E6CD54E811CDEBD5CDEFE4D1CD93
:10DF120009E5CAFBE9AF32EDEBF16F2600291100EA
:10DF2200017CB5CAF1E92BE521800019E5CDD8E5E0
:10DF320011CDEBCD04E5D1E1C2FBE9C3D4E911CDAA
:10DF4200EBCDDAE43CC201EA0107EACDA7E4CDD584
:10DF5200E5C386EB4E6F20737061636500CD5EE6AC
:10DF6200C209E63AF0EBF5CD54E8CDE9E4C279EA2C
:10DF720021CDEB11DDEB0610CD42E82A88E4EBCD92
:10DF82004FE6FE3DCA3FEAFE5FC273EAEB232288F8
:10DF9200E4CD5EE6C273EAF14721F0EB7EB7CA59DF
:10DFA200EAB870C273EA70AF32CDEBCDE9E4CA6D64
:10DFB200EA11CDEBCD0EE5C386EBCDEAE7C386EBE6
:10DFC200CD66E8C309E60182EACDA7E4C386EB4643
:10DFD200696C652065786973747300CDF8E7FE108B
:10DFE200D209E65F3ACEEBFE20CA09E6CD15E5C3BB
:10DFF20089EBCDF5E53ACEEBFE20C2C4EA3AF0EB6E
:10E00200B7CA89EB3D32EFEBCD29E5CDBDE4C3893B
:10E01200EB11D6EB1AFE20C209E6D5CD54E8D12188
:10E0220083EBCD40E8CDD0E4CA6BEB210001E5EBF8
:10E03200CDD8E511CDEBCDF9E4C201EBE1118000C1
:10E04200191100E47D937C9AD271EBC3E1EAE13DC0
:10E05200C271EBCD66E8CD5EE621F0EBE57E32CD16
:10E06200EB3E10CD60E6E17E32DDEBAF32EDEB113F
:10E072005C0021CDEB0621CD42E82108E47EB7CA3F
:10E082003EEBFE20CA3EEB23C330EB0600118100BB
:10E092007E12B7CA4FEB042313C343EB78328000DE
:10E0A200CD98E4CDD5E5CD1AE5CD000131ABEBCD70
:10E0B20029E5CDBDE4C382E7CD66E8C309E6017A6E
:10E0C200EBCDA7E4C386EB426164206C6F61640010
:10E0D200434F4DCD66E8CD5EE63ACEEBD62021F039
:10E0E200EBB6C209E6C382E70000000000000000B0
:10E0F2000000000000000000000024242420202052
:10E1020020205355420000000000000000000000E3
:10E11200000000000000000000000020202020205D
:10E12200202020202020000000000020202020208D
:10E13200202020202020000000000000000000001D
:10E1420000000000000000000000000000001600B7
:10E15200000000C311EC99ECA5ECABECB1ECEB22A6
:10E1620043EFEB7B32D6F92100002245EF39220F33
:10E17200EF3141EFAF32E0F932DEF92174F9E5799E
:10E18200FE29D04B2147EC5F160019195E23562A4F
:10E1920043EFEBE903FAC8EE90EDCEEE12FA0FFA76
:10E1A200D4EEEDEEF3EEF8EEE1EDFEEE7EF883F85E
:10E1B20045F89CF8A5F8ABF8C8F8D7F8E0F8E6F807
:10E1C200ECF8F5F8FEF804F90AF911F92CF117F94F
:10E1D2001DF926F92DF941F947F94DF90EF853F9D0
:10E1E20004EF04EF9BF921CAECCDE5ECFE03CA0073
:10E1F20000C921D5ECC3B4EC21E1ECC3B4EC21DCC1
:10E20200ECCDE5ECC3000042646F732045727220CE
:10E212004F6E20203A202442616420536563746F5C
:10E22200722453656C6563742446696C6520522FB1
:10E232004F24E5CDC9ED3A42EFC64132C6EC01BAF0
:10E24200ECCDD3EDC1CDD3ED210EEF7E3600B7C0BC
:10E25200C309FACDFBECCD14EDD8F54FCD90EDF11D
:10E26200C9FE0DC8FE0AC8FE09C8FE08C8FE20C9BC
:10E272003A0EEFB7C245EDCD06FAE601C8CD09FA6E
:10E28200FE13C242EDCD09FAFE03CA0000AFC93245
:10E292000EEF3E01C93A0AEFB7C262EDC5CD23EDDA
:10E2A200C1C5CD0CFAC1C53A0DEFB7C40FFAC17999
:10E2B200210CEFFE7FC834FE20D0357EB7C879FE30
:10E2C20008C279ED35C9FE0AC03600C979CD14ED10
:10E2D200D290EDF50E5ECD48EDF1F6404F79FE0994
:10E2E200C248ED0E20CD48ED3A0CEFE607C296ED9E
:10E2F200C9CDACED0E20CD0CFA0E08C30CFA0E23DC
:10E30200CD48EDCDC9ED3A0CEF210BEFBED00E207A
:10E31200CD48EDC3B9ED0E0DCD48ED0E0AC348ED63
:10E322000AFE24C803C54FCD90EDC1C3D3ED3A0C0C
:10E33200EF320BEF2A43EF4E23E50600C5E5CDFB96
:10E34200ECE67FE1C1FE0DCAC1EEFE0ACAC1EEFED5
:10E3520008C216EE78B7CAEFED053A0CEF320AEFB3
:10E36200C370EEFE7FC226EE78B7CAEFED7E052BB4
:10E37200C3A9EEFE05C237EEC5E5CDC9EDAF320B3E
:10E38200EFC3F1EDFE10C248EEE5210DEF3E01961E
:10E3920077E1C3EFEDFE18C25FEEE13A0BEF210C1D
:10E3A200EFBED2E1ED35CDA4EDC34EEEFE15C26B4C
:10E3B200EECDB1EDE1C3E1EDFE12C2A6EEC5CDB1E7
:10E3C200EDC1E1E5C578B7CA8AEE234E05C5E5CDB4
:10E3D2007FEDE1C1C378EEE53A0AEFB7CAF1ED216C
:10E3E2000CEF96320AEFCDA4ED210AEF35C299EE79
:10E3F200C3F1ED237704C5E54FCD7FEDE1C17EFE8C
:10E402000378C2BDEEFE01CA0000B9DAEFEDE17099
:10E412000E0DC348EDCD06EDC301EFCD15FAC301D4
:10E42200EF793CCAE0EE3CCA06FAC30CFACD06FA12
:10E43200B7CA91F9CD09FAC301EF3A0300C301EF5C
:10E4420021030071C9EB4D44C3D3EDCD23ED324519
:10E45200EFC93E01C301EF0002000000000000000E
:10E4620000000000000000000000000000000000AA
:10E47200000000000000000000000000000000009A
:10E48200000000000000000000000000000000008A
:10E4920000000000210BEC5E2356EBE90C0DC81ABC
:10E4A200771323C350EF3A42EF4FCD1BFA7CB5C826
:10E4B2005E23562322B3F9232322B5F9232322B75D
:10E4C200F92323EB22D0F921B9F90E08CD4FEF2A17
:10E4D200BBF9EB21C1F90E0FCD4FEF2AC6F97C2112
:10E4E200DDF936FFB7CA9DEF36003EFFB7C9CD183A
:10E4F200FAAF2AB5F97723772AB7F9772377C9CD07
:10E5020027FAC3BBEFCD2AFAB7C82109ECC34AEFF9
:10E512002AEAF90E02CDEAF022E5F922ECF921E528
:10E52200F94E23462AB7F95E23562AB5F97E2366A9
:10E532006F7993789AD2FAEFE52AC1F97B955F7ADF
:10E542009C57E12BC3E4EFE52AC1F919DA0FF07900
:10E5520095789CDA0FF0EBE123C3FAEFE1C5D5E53C
:10E56200EB2ACEF919444DCD1EFAD12AB5F97323FF
:10E5720072D12AB7F9732372C179934F789A472AD5
:10E58200D0F9EBCD30FA4D44C321FA21C3F94E3A0A
:10E59200E3F9B71F0DC245F0473E08964F3AE2F93C
:10E5A2000DCA5CF0B717C353F080C92A43EF1110AC
:10E5B2000019093ADDF9B7CA71F06E2600C9095E81
:10E5C2002356EBC9CD3EF04F0600CD5EF022E5F9B1
:10E5D200C92AE5F97DB4C93AC3F92AE5F9293DC248
:10E5E20090F022E7F93AC4F94F3AE3F9A1B56F2264
:10E5F200E5F9C92A43EF110C0019C92A43EF110F9B
:10E602000019EB21110019C9CDAEF07E32E3F9EB0E
:10E612007E32E1F9CDA6F03AC5F9A632E2F9C9CDCA
:10E62200AEF03AD5F9FE02C2DEF0AF4F3AE3F9811D
:10E6320077EB3AE1F977C90C0DC87CB71F677D1FEC
:10E642006FC3EBF00E802AB9F9AF86230DC2FDF03D
:10E65200C90C0DC829C305F1C53A42EF4F2101008B
:10E66200CD04F1C179B56F78B467C92AADF93A42E0
:10E67200EF4FCDEAF07DE601C921ADF94E2346CD3B
:10E682000BF122ADF92AC8F923EB2AB3F9732372ED
:10E69200C9CD5EF1110900197E17D0210FECC34AD2
:10E6A200EFCD1EF1C8210DECC34AEF2AB9F93AE9C0
:10E6B200F9856FD024C92A43EF110E00197EC9CD06
:10E6C20069F13600C9CD69F1F68077C92AEAF9EB1A
:10E6D2002AB3F97B96237A9EC9CD7FF1D813722B88
:10E6E20073C97B956F7A9C67C90EFF2AECF9EB2AF6
:10E6F200CCF9CD95F1D0C5CDF7F02ABDF9EB2AECD6
:10E70200F919C10CCAC4F1BEC8CD7FF1D0CD2CF12C
:10E71200C977C9CD9CF1CDE0F10E01CDB8EFC3DAD6
:10E72200F1CDE0F1CDB2EF21B1F9C3E3F121B9F9B5
:10E732004E2346C324FA2AB9F9EB2AB1F90E80C353
:10E742004FEF21EAF97E23BEC03CC921FFFF22EA36
:10E75200F9C92AC8F9EB2AEAF92322EAF9CD95F197
:10E76200D219F2C3FEF13AEAF9E60306058705C2B9
:10E7720020F232E9F9B7C0C5CDC3EFCDD4F1C1C3A0
:10E782009EF179E6073C5F57790F0F0FE61F4F782E
:10E792008787878787B14F780F0F0FE61F472ABFFA
:10E7A200F9097E071DC256F2C9D5CD35F2E6FEC182
:10E7B200B10F15C264F277C9CD5EF111100019C50F
:10E7C2000E11D10DC8D53ADDF9B7CA88F2C5E54EAA
:10E7D2000600C38EF20DC54E2346E579B0CA9DF2FE
:10E7E2002AC6F97D917C98D45CF2E123C1C375F20B
:10E7F2002AC6F90E03CDEAF023444D2ABFF93600AA
:10E80200230B78B1C2B1F22ACAF9EB2ABFF97323FA
:10E8120072CDA1EF2AB3F93603233600CDFEF10EF5
:10E82200FFCD05F2CDF5F1C8CD5EF13EE5BECAD20F
:10E83200F23A41EFBEC2F6F2237ED624C2F6F23D90
:10E842003245EF0E01CD6BF2CD8CF1C3D2F23AD448
:10E85200F9C301EFC5F53AC5F92F4779A04FF1A0E9
:10E8620091E61FC1C93EFF32D4F921D8F9712A437A
:10E87200EF22D9F9CDFEF1CDA1EF0E00CD05F2CDFB
:10E88200F5F1CA94F32AD9F9EB1AFEE5CA4AF3D58F
:10E89200CD7FF1D1D294F3CD5EF13AD8F94F060093
:10E8A20079B7CA83F31AFE3FCA7CF378FE0DCA7C9D
:10E8B200F3FE0C1ACA73F396E67FC22DF3C37CF300
:10E8C200C54ECD07F3C1C22DF31323040DC353F379
:10E8D2003AEAF9E6033245EF21D4F97E17D0AF7751
:10E8E200C9CDFEF13EFFC301EFCD54F10E0CCD18A0
:10E8F200F3CDF5F1C8CD44F1CD5EF136E50E00CD94
:10E902006BF2CDC6F1CD2DF3C3A4F3505979B0CA41
:10E91200D1F30BD5C5CD35F21FD2ECF3C1D12AC646
:10E92200F97B957A9CD2F4F313C5D5424BCD35F2DF
:10E932001FD2ECF3D1C1C3C0F3173CCD64F2E1D1D5
:10E94200C979B0C2C0F3210000C90E001E20D5064D
:10E95200002A43EF09EBCD5EF1C1CD4FEFCDC3EFFE
:10E96200C3C6F1CD54F10E0CCD18F32A43EF7E113C
:10E9720010001977CDF5F1C8CD44F10E101E0CCD63
:10E9820001F4CD2DF3C327F40E0CCD18F3CDF5F120
:10E99200C80E001E0CCD01F4CD2DF3C340F40E0FB2
:10E9A200CD18F3CDF5F1C8CDA6F07EF5E5CD5EF13B
:10E9B200EB2A43EF0E20D5CD4FEFCD78F1D1210CCC
:10E9C20000194E210F001946E1F17779BE78CA8B02
:10E9D200F43E00DA8BF43E802A43EF110F001977E0
:10E9E200C97E23B62BC01A7713231A771B2BC9AF04
:10E9F2003245EF32EAF932EBF9CD1EF1C0CD69F1C1
:10EA0200E680C00E0FCD18F3CDF5F1C8011000CD90
:10EA12005EF109EB2A43EF090E103ADDF9B7CAE8B5
:10EA2200F47EB71AC2DBF477B7C2E1F47E12BEC23B
:10EA32001FF5C3FDF4CD94F4EBCD94F4EB1ABEC2F2
:10EA42001FF513231ABEC21FF50D13230DC2CDF4F9
:10EA520001ECFF09EB091ABEDA17F5770103000989
:10EA6200EB097E123EFF32D2F9C310F42145EF3595
:10EA7200C9CD54F12A43EFE521ACF92243EF0E014F
:10EA8200CD18F3CDF5F1E12243EFC8EB210F0019C8
:10EA92000E11AF77230DC246F5210D001977CD8CEB
:10EAA200F1CDFDF3C378F1AF32D2F9CDA2F4CDF5B9
:10EAB200F1C82A43EF010C00097E3CE61F77CA83A6
:10EAC200F5473AC5F9A021D2F9A6CA8EF5C3ACF52D
:10EAD20001020009347EE60FCAB6F50E0FCD18F317
:10EAE200CDF5F1C2ACF53AD3F93CCAB6F5CD24F571
:10EAF200CDF5F1CAB6F5C3AFF5CD5AF4CDBBF0AF43
:10EB0200C301EFCD05EFC378F13E0132D5F93EFFE7
:10EB120032D3F9CDBBF03AE3F921E1F9BEDAE6F5F9
:10EB2200FE80C2FBF5CD5AF5AF32E3F93A45EFB7B5
:10EB3200C2FBF5CD77F0CD84F0CAFBF5CD8AF0CDDE
:10EB4200D1EFCDB2EFC3D2F0C305EF3E0132D5F91A
:10EB52003E0032D3F9CD54F12A43EFCD47F1CDBB7C
:10EB6200F03AE3F9FE80D205EFCD77F0CD84F00ED6
:10EB720000C26EF6CD3EF032D7F9010000B7CA3BB3
:10EB8200F64F0BCD5EF0444DCDBEF37DB4C248F6D8
:10EB92003E02C301EF22E5F9EB2A43EF011000091F
:10EBA2003ADDF9B73AD7F9CA64F6CD64F173C36CAA
:10EBB200F64F060009097323720E023A45EFB7C0F9
:10EBC200C5CD8AF03AD5F93D3DC2BBF6C1C5793D06
:10EBD2003DC2BBF6E52AB9F957772314F28CF6CD7C
:10EBE200E0F12AE7F90E0222E5F9C5CDD1EFC1CD58
:10EBF200B8EF2AE5F90E003AC4F947A5B823C29A3C
:10EC0200F6E122E5F9CDDAF1CDD1EFC1C5CDB8EF0C
:10EC1200C13AE3F921E1F9BEDAD2F677340E020005
:10EC220000210000F5CD69F1E67F77F1FE7FC20099
:10EC3200F73AD5F9FE01C200F7CDD2F0CD5AF5214F
:10EC420045EF7EB7C2FEF63D32E3F93600C3D2F09D
:10EC5200AF32D5F9C52A43EFEB212100197EE67FB9
:10EC6200F57E17237E17E61F4F7E1F1F1F1FE60F1D
:10EC720047F1236E2C2D2E06C28BF7212000197727
:10EC8200210C00197996C247F7210E00197896E6F1
:10EC92007FCA7FF7C5D5CDA2F4D1C12E033A45EF85
:10ECA2003CCA84F7210C001971210E001970CD5154
:10ECB200F43A45EF3CC27FF7C1C52E040CCA84F773
:10ECC200CD24F52E053A45EF3CCA84F7C1AFC30106
:10ECD200EFE5CD69F136C0E1C17D3245EFC378F190
:10ECE2000EFFCD03F7CCC1F5C90E00CD03F7CC035F
:10ECF200F6C9EB194E0600210C00197E0FE6808141
:10ED02004F3E0088477E0FE60F8047210E00197E96
:10ED120087878787F58047F5E17DE1B5E601C90E72
:10ED22000CCD18F32A43EF11210019E57223722347
:10ED320072CDF5F1CA0CF8CD5EF1110F00CDA5F739
:10ED4200E1E55F799623789E237B9EDA06F8732BA2
:10ED5200702B71CD2DF3C3E4F7E1C92A43EF1120E3
:10ED620000CDA5F7212100197123702377C92AAF9D
:10ED7200F93A42EF4FCDEAF0E5EBCD59EFE1CC475E
:10ED8200EF7D1FD82AAFF94D44CD0BF122AFF9C365
:10ED9200A3F23AD6F92142EFBEC877C321F83EFF6B
:10EDA20032DEF92A43EF7EE61F3D32D6F9FE1ED24D
:10EDB20075F83A42EF32DFF97E32E0F9E6E077CDDC
:10EDC20045F83A41EF2A43EFB677C93E22C301EF35
:10EDD20021000022ADF922AFF9AF3242EF218000CB
:10EDE20022B1F9CDDAF1C321F8CD72F1CD51F8C3D8
:10EDF20051F4CD51F8C3A2F40E00EB7EFE3FCAC21D
:10EE0200F8CDA6F07EFE3FC472F1CD51F80E0FCDC3
:10EE120018F3C3E9F12AD9F92243EFCD51F8CD2DE8
:10EE2200F3C3E9F1CD51F8CD9CF3C301F3CD51F811
:10EE3200C3BCF5CD51F8C3FEF5CD72F1CD51F8C387
:10EE420024F5CD51F8CD16F4C301F32AAFF9C32945
:10EE5200F93A42EFC301EFEB22B1F9C3DAF12ABF6B
:10EE6200F9C329F92AADF9C329F9CD51F8CD3BF4FB
:10EE7200C301F32ABBF92245EFC93AD6F9FEFFC214
:10EE82003BF93A41EFC301EFE61F3241EFC9CD51E1
:10EE9200F8C393F7CD51F8C39CF7CD51F8C3D2F71D
:10EEA2002A43EF7D2F5F7C2F2AAFF9A4577DA35F02
:10EEB2002AADF9EB22AFF97DA36F7CA26722ADF9EF
:10EEC200C93ADEF9B7CA91F92A43EF36003AE0F9B6
:10EED200B7CA91F9773ADFF932D6F9CD45F82A0F58
:10EEE200EFF92A45EF7D44C9CD51F83E0232D5F9FA
:10EEF2000E00CD07F7CC03F6C9E500000000800044
:10EF020000000000000000000000000000000000FF
:10EF120000000000000000000000000000000000EF
:10EF220000000000000000000000000000000000DF
:10EF320000000000000000000000000000000000CF
:10EF420000000000000000000000000000C30000FC
:10EF5200C30000C30000C30000C30000C30000C31D
:10EF62000000C30000C30000C30000C30000C300D0
:10EF720000C30000C30000C30000C30000C30000C0
:10EF8200C33BFBC34FFBC376FBC382FBC38CFBC3F8
:10EF920099FBC399FBC399FBC39AFBC39FFBC3CDE8
:10EFA200FBC3D2FBC3E8FBC3F1FBC3F7FBC397FB75
:10EFB200C3D7FB73FA000000000000FCFB8DFAF6D9
:10EFC200FE7CFC73FA000000000000FCFB8DFA06D8
:10EFD200FF9BFC73FA000000000000FCFB8DFA1698
:10EFE200FFBAFC73FA000000000000FCFB8DFA2659
:10EFF200FFD9FC01070D1319050B111703090F1592
:10F0020002080E141A060C1218040A10161A00032B
:10F012000700F2003F00C0001000020000000000E4
:10F0220000000000FCFBBCFA36FFF8FC0000000008
:10F0320000000000FCFBBCFA36FFF7FD8000040F65
:10F0420000F707FF03FFFF0000000036344B2043A8
:10F05200502F4D20566572732E20322E3220285AA0
:10F062003830204342494F532056312E3220666FAA
:10F0720072205A383053494D2C20436F707972698F
:10F0820067687420313938382D3230303720627950
:10F092002055646F204D756E6B290D0A00FFFFFF2E
:10F0A200FFFFFFFFFFFFFFFFFFFFFFFFFFFFFFFF6E
:10F0B2007EB7C84FCD8CFB23C330FBF331800021D8
:10F0C200CBFACD30FBAF320300320400C355FBF361
:10F0D200318000DB463EC33200002103FA220100E8
:10F0E2003205002106EC220600018000CDE8FB3A41
:10F0F20004004FC300E4DB01E602CA80FB3EFFC905
:10F10200AFC9DB01E602CA82FBDB00C9DB01E60113
:10F11200CA8CFB79D300C93EFFC9AF3221FBC9219A
:10F12200000079FE04DAB3FBFE08CAC0FBFE09CA7E
:10F13200C6FBC93220FB6F292929291133FA19C9C3
:10F14200219CFAC3C9FB21ACFA3220FBC9793221D6
:10F15200FBC9793222FBC97AB3C2E2FB69602CC0D7
:10F1620024C9EB096E2600C9793223FB783224FBCD
:10F17200C9DB52DB4EB7C9DB53DB4EC900000000CE
:10F18200000000000000000000000000000000007D
:10F19200000000000000000000000000000000006D
:10F1A200000000000000000000000000000000005D
:10F1B200000000000000000000000000000000004D
:10F1C200000000000000000000000000000000003D
:10F1D200000000000000000000000000000000002D
:10F1E200000000000000000000000000000000001D
:10F1F200000000000000000000000000000000000D
:10F2020000000000000000000000000000000000FC
:10F2120000000000000000000000000000000000EC
:10F2220000000000000000000000000000000000DC
:10F2320000000000000000000000000000000000CC
:10F2420000000000000000000000000000000000BC
:10F2520000000000000000000000000000000000AC
:10F26200000000000000000000000000000000009C
:10F27200000000000000000000000000000000008C
:10F28200000000000000000000000000000000007C
:10F29200000000000000000000000000000000006C
:10F2A200000000000000000000000000000000005C
:10F2B200000000000000000000000000000000004C
:10F2C200000000000000000000000000000000003C
:10F2D200000000000000000000000000000000002C
:10F2E200000000000000000000000000000000001C
:10F2F200000000000000000000000000000000000C
:10F3020000000000000000000000000000000000FB
:10F3120000000000000000000000000000000000EB
:10F3220000000000000000000000000000000000DB
:10F3320000000000000000000000000000000000CB
:10F3420000000000000000000000000000000000BB
:10F3520000000000000000000000000000000000AB
:10F36200000000000000000000000000000000009B
:10F37200000000000000000000000000000000008B
:10F38200000000000000000000000000000000007B
:10F39200000000000000000000000000000000006B
:10F3A200000000000000000000000000000000005B
:10F3B200000000000000000000000000000000004B
:10F3C200000000000000000000000000000000003B
:10F3D200000000000000000000000000000000002B
:10F3E200000000000000000000000000000000001B
:10F3F200000000000000000000000000000000000B
:10F4020000000000000000000000000000000000FA
:10F4120000000000000000000000000000000000EA
:10F4220000000000000000000000000000000000DA
:10F4320000000000000000000000000000000000CA
:10F4420000000000000000000000000000000000BA
:10F4520000000000000000000000000000000000AA
:10F46200000000000000000000000000000000009A
:10F47200000000000000000000000000000000008A
:10F48200000000000000000000000000000000007A
:10F49200000000000000000000000000000000006A
:10F4A200000000000000000000000000000000005A
:10F4B200000000000000000000F3C38700FFFFFF10
:10F4C200FFFFFFFFFFFFFFFFFFFFFFFFFFFFFFFF4A
:10F4D200FFFFFFFFFFFFFFFFFFFFFFFFFFFFFFFF3A
:10F4E200FFFFFFFFFFFFFFFFFFFFFFFFFFFFC33B2A
:10F4F20000C9FFFFFFFFFFFFFFFFFFFFFFFFFFFF4F
:10F50200FFFFFFFFFFFFFFFFFFFFFFFFFFFFFFFF09
:10F51200FFFFFFFFFFFFFFFFFFFFFFFFFFFFFFFFF9
:10F52200FFFFFFFFFFFFFFFFFFFFFFFFFFFFFFFFE9
:10F53200FFFFFFFFFFFF0D0A49504C3A00F33180F5
:10F54200003E7F3CEAC30001FFFFC5F1F5D17BE637
:10F5520022CA82027BE62AFE02CA98017BE60AFEE2
:10F562000ACAE5017BE62AFE22C22203010000C587
:10F57200F1F5D17BE62ACA330201FF00ED4C78B1E6
:10F58200C2D3023EC0ED393F3E00ED39F23E00EDFE
:10F5920039F63E7FED39FEED38FEE68020753EE01D
:10F5A200ED39FEAFED39D2ED38D2E64020652600C6
:10F5B2003A4101843241017CE6030707672E013A92
:10F5C2004B0185324B017DE6038407070707ED39BE
:10F5D200F23E80ED39DF3EFFED39DE212B01C32201
:10F5E200035A38533138302072756E6E696E672057
:10F5F2006D656D6F727920307761697420492F4F84
:10F6020020317761697420327820636C6F636B0DEF
:10F612000A0A00216301C3220348443634313830D8
:10F622002072756E6E696E67206D656D6F727920DE
:10F63200307761697420492F4F20317761697420D6
:10F64200302E357820636C6F636B0D0A0A00219EA1
:10F6520001C3220369383038302072756E6E696ECC
:10F66200672028666C6167206269743220697320A2
:10F672005061726974792061667465722061726981
:10F6820074686D617469632C20626974353331204A
:10F69200697320303031290D0A0A0021EB01C3229F
:10F6A2000375504438303830412072756E6E696E81
:10F6B200672028666C616720626974322069732052
:10F6C2005061726974792061667465722061726931
:10F6D20074686D617469632C2062697433312069C6
:10F6E20073203131290D0A0A00213902C32203692C
:10F6F200383038352072756E6E696E672028666CF8
:10F702006167206269743220697320506172697482
:10F71200792061667465722061726974686D6174C2
:10F7220069632C20626974352C31207772697461A7
:10F73200626C65290D0A0A00218802C322034D5911
:10F7420043505538302072756E6E696E6720286698
:10F752006C6167206269743220697320506172693A
:10F7620074792061667465722061726974686D6172
:10F772007469632C20626974312C3520616C776165
:10F7820079732030290D0A0A0021D902C322035AB3
:10F7920038302072756E6E696E672028666C6167FC
:10F7A2002062697432206973204F766572666C6FCD
:10F7B200772061667465722061726974686D617424
:10F7C20069632C206E6F204D4C542066756E6374F5
:10F7D200696F6E290D0A0A00EB218000CD3403EB1C
:10F7E200CD3403DB47DB46C300FA7EB7C84FCD3FBB
:10F7F2000323C33403DB01E601CA3F0379D300C903
:10F80200534420436172643A207265616435313237
:10F812003A20435243206572726F72202825303499
:10F822007820213D20253034782C2072657472793D
:10F832003D2564290A0D00496D6167652066696C82
:10F84200652025732F445249564525632E44534B58
:10F852002069732061737369676E656420746F2019
:10F8620064726976652025630A0D00534420436162
:10F8720072643A2020726561643531323A206164E3
:10F8820064723D25386C642C206F6666733D256476
:10F892002C20636F756E743D25640A0D005344205D
:10F8A200436172643A2077726974653531323A2065
:10F8B200616464723D25386C642C206F6666733D0A
:10F8C20025642C20636F756E743D25640A0D005308
:10F8D2004420436172643A2077726974653531322B
:10F8E2003A206661696C656420746F2067657420D4
:10F8F200746F6B656E2C2074696D656F75740A0D7B
:10F90200006469736B5F696F63746C3A2070647230
:10F91200763D25642C20636D643D25642C20627540
:10F9220066663D3078256C783A207265733D2564B1
:10F932000A0D00534420436172643A20777269745D
:10F94200653531323A2074696D656F75742C207299
:10F952006573706F6E736520697320253032780A83
:10F962000D00534420436172643A20434D443538BC
:10F972002C2052333D253032782025303278202514
:10F98200303278202530327820253032780A0D0046
:10F9920025733A204552524F523A20636C6F636B83
:10F9A200207370656564202564206973206E6F740E
:10F9B20020737570706F727465640A0D0053442071
:10F9C200436172643A20434D44382C2052373D251E
:10F9D2003032782025303278202530327820253098
:10F9E200327820253032780A0D006469736B5F69C2
:10F9F2006F63746C3A20706472763D25642C2063C8
:10FA02006D643D25643A204E6F742068616E646CAB
:10FA120065642E0A0D006469736B5F726561643AF6
:10FA22002020706472763D25642C20736563746FA8
:10FA3200723D256C642C20636F756E743D25640ADB
:10FA42000D006469736B5F77726974653A20706444
:10FA520072763D25642C20736563746F723D256C4C
:10FA6200642C20636F756E743D25640A0D00534447
:10FA720020436172643A20434353202843617264F5
:10FA82002043617061636974792053746174757382
:10FA92002920697320300A0D0053442043617264A7
:10FAA2003A2077726974653531323A2043524320E5
:10FAB2006572726F72202872657472793D256429AD
:10FAC2000A0D00534420436172643A204361726418
:10FAD20020706F776572207570207374617475730E
:10FAE2002062697320697320300A0D005573652006
:10FAF2004E434F312D3E52413320252E3266204D4A
:10FB0200487A20666F72205A383020636C6F636BBC
:10FB12000A0D0072656164204D4252207061727458
:10FB22006974696F6E207461626C65206174207300
:10FB32006563746F7220300A0D0053442043617272
:10FB4200643A2053444843206F7220534458432060
:10FB5200636172642064657465637465640A0D0090
:10FB620025733A204552524F523A206D6F646520F8
:10FB72002564206973206E6F7420737570706F72C4
:10FB82007465640A0D005741524E494E473A20753A
:10FB92006E6B6E6F776E20492F4F20777269746596
:10FBA20020282530325848290A0D005741524E4923
:10FBB2004E473A20756E6B6E6F776E20492F4F203D
:10FBC2007265616420282530325848290A0D005395
:10FBD2004420436172643A20696E697469616C6998
:10FBE2007A65202E2E2E20737563636565646564C5
:10FBF2000A0D00534420436172643A20756E6578A1
:10FC020070656374656420726573706F6E736520CE
:10FC1200253032780A0D00534420436172643A2041
:10FC220041434D44343120726573706F6E736520A9
:10FC3200697320253032780A0D00534420436172E3
:10FC4200643A2077726974653531323A20746F6B89
:10FC5200656E20697320253032780A0D00534420E6
:10FC6200436172643A20434D4435392072657370A2
:10FC72006F6E736520697320253032780A0D004D4E
:10FC8200656D6F727920303030303030202D202574
:10FC920030366C5848202564204B42204F4B0D0AC9
:10FCA20000706172746974696F6E2073746172742A
:10FCB2007320617420736563746F7220256C640A0B
:10FCC2000D00665F777269746528293A20455252A1
:10FCD2004F52207265733D25642C206E3D25640AC7
:10FCE2000D00665F7265616428293A204552524FC1
:10FCF20052207265733D25642C206E3D25640A0DE9
:10FD0200006661696C656420746F2077726974653E
:10FD120020736563746F7220256C640A0D000A0DEE
:10FD2200534420436172643A20696E697469616C5C
:10FD3200697A65202E2E2E0A0D006661696C656453
:10FD420020746F207265616420736563746F722022
:10FD5200256C640A0D004661696C656420746F202D
:10FD62006D6F756E7420534420436172642E0A0DC8
:10FD720000534420436172643A2041434D4434317C
:10FD82002C2052313D253032780A0D004661696CD3
:10FD9200656420746F206F70656E20534420436148
:10FDA20072642E2E0A0D00426F6172643A20454D34
:10FDB200555A38302D353751202B205A38300A0DFC
:10FDC200006661696C656420746F207265616420ED
:10FDD200736563746F7220300A0D005344204361CF
:10FDE20072643A206E6F74207375706F70727465EE
:10FDF200640A0D00534420436172643A20434D4427
:10FE0200302C2052313D253032780A0D002020203E
:10FE120020202020202020202020202020202020E0
:10FE2200202020200D007761697420666F72207097
:10FE3200726F6772616D6D6572202E2E2E0D0064D9
:10FE420069736B5F696E697469616C697A6528258B
:10FE520064292E2E2E0A0D004D656D6F72792030A9
:10FE62003030303030202D202530366C58480D008F
:10FE720025732535337320434845434B53554D3A3B
:10FE820020253032780A0D00706879736963616CDD
:10FE92002064726976657220213D20300A0D006669
:10FEA2005F6C7365656B28293A204552524F522088
:10FEB20025640A0D00665F73796E6328293A20452E
:10FEC20052524F522025640A0D006E6F2046415453
:10FED200333220706172746974696F6E0A0D005357
:10FEE2004420436172643A2074696D656F75740AC7
:10FEF2000D006E6F204D4252207369676E617475FA
:10FF020072650A0D00534420436172643A2072659F
:10FF12006164792E0A0D0025732069732073656C64
:10FF220065637465642E0A0D0073656C65637420E5
:10FF32004552524F522025640A0D006E6F207661A1
:10FF42006C696420766F6C756D650A0D00535049BB
:10FF52005F53445F636F6E666967757265004E6FCB
:10FF620020626F6F74206469736B2E0A0D00257313
:10FF72002F445249564525632E44534B002A2B2CBD
:10FF82003A3B3C3D3E5B5D7C223F7F004E6F2053FF
:10FF92004420436172643F0A0D0025643A202573B0
:10FFA2000A0D0053656C6563743A200043504D445A
:10FFB20049534B53004641543332202020002573CD
:10FFC2002530366C783A0043504D4449537E002523
:10FFD20073253034783A00286E756C6C2900202520
:10FFE200303278006661743A200053443A2000307F
:0DFFF2003A2F2F00696E66006E616E0000F0
:020000040001F9
:10000000000E0501816F4AC582F54BC583F54CC5CD
:1000100084F54DC585F585AF14D0010E816F82C57D
:1000200001F583C502F584C503F585C504F5D6EC55
:10003000CEF001C582F502C583F503C584F504C57C
:1000400085F5000E876F000E866F13C771F514C714
:1000500072F58151D8B40DD08151D8A404D0000ECE
:10006000676F2B0E03D0000E676F2D0E666F66C58F
:1000700081F582C501F583C502F584C503F585C503
:1000800004F527ECC2F001040210D8A42DD005011C
:100090008151D8B409D081C52DF77107D8A0720756
:1000A000000E876F010E866F2D0E8625016E070EDE
:1000B0008721026EF60E036EFF0E046E8BECCEF0FF
:1000C0000501FD0E7127FF0E722348C512F549C5C3
:1000D00013F52D0E146E070E156E71C516F572C54B
:1000E00017F5D8ECC9F0120082C501F583C502F5F9
:1000F00084C503F585C504F527ECC2F00150021054
:10010000D8A41AD005018151D8B409D081C52DF7E2
:100110007107D8A07207000E876F010E866F2D0E33
:100120008625016E070E8721026EFA0E036EFF0E02
:10013000046E8BECCEF0C4D7000E0501886F000E64
:10014000896F800E8A6F3F0E8B6F000E706F000EEE
:100150006F6F82C501F583C502F584C503F585C5BA
:1001600004F5000E056E000E066E000E076E000E02
:10017000086ED0ECC8F0D8A00CD0BED073C588F5FE
:1001800074C589F575C58AF576C58BF505016F4B84
:10019000702B88C501F589C502F58AC503F58BC5A5
:1001A00004F5000E056E000E066E200E076E410E61
:1001B000086E15ECA2F001C573F502C574F503C510
:1001C00075F504C576F505017351825D016E7451B4
:1001D0008359026E75518459036E76518559046EA8
:1001E00000ECCDF004BECAD704500310021004E1A5
:1001F000020E015CD8A0C2D773C51AF574C51BF5F1
:1002000075C51CF576C51DF582C51EF583C51FF5A0
:1002100084C520F585C521F558ECC1F0D8A0AED72E
:1002200005018851825D016E89518359026E8A51A0
:100230008459036E8B518559046E00ECCDF004BED9
:1002400008D004500310021043E1020E015CD8B044
:100250003FD088C582F589C583F58AC584F58BC5ED
:1002600085F54AD088C51BF589C51CF58AC51DF5DD
:100270008BC51EF5000E1F6E000E206E200E216E27
:10028000410E226E61ECA9F01BC588F51CC589F5ED
:100290001DC58AF51EC58BF505016F07D8A070072F
:1002A0008851825D016E89518359026E8A51845949
:1002B000036E8B518559046E00ECCDF004BEC9D796
:1002C00004500310021004E1020E015CD8A0C1D753
:1002D00082C51AF583C51BF584C51CF585C51DF5BA
:1002E00088C51EF589C51FF58AC520F58BC521F582
:1002F00058ECC1F0D8A0B6D74EC569F569C56AF506
:10030000070116BF05D015C762F516C763F505D0FE
:10031000000E0501636F060E626F62C56DF563C561
:100320006EF505016D4B6E2B660E6A19D8A416D0BA
:1003300070AF0CD0000E886F000E896F800E8A6F30
:100340003F0E8B6F000E706F000E6F6F670E691996
:10035000D8B404D06F516D2770516E23000E806F9A
:10036000000E7F6F82C577F583C578F584C579F572
:1003700085C57AF588C573F589C574F58AC575F59F
:100380008BC576F57BD077C51BF578C51CF579C58F
:100390001DF57AC51EF588C51FF589C520F58AC5E6
:1003A00021F58BC522F561ECA9F01BC534F51CC500
:1003B00035F51DC536F51EC537F5CBECB4F034C5A3
:1003C0007BF535C57CF536C57DF537C57EF57BC536
:1003D00001F57CC502F57DC503F57EC504F5D8ECB5
:1003E000C4F001C56BF502C56CF577C51AF578C583
:1003F0001BF579C51CF57AC51DF57BC505F57CC5D2
:1004000006F57DC507F57EC508F588C501F589C5E2
:1004100002F58AC503F58BC504F515ECA2F001C5FC
:100420001EF502C51FF503C520F504C521F56EECC8
:10043000CDF01AC577F51BC578F51CC579F51DC536
:100440007AF588C51BF589C51CF58AC51DF58BC5D0
:100450001EF5000E1F6E000E206E200E216E410E46
:10046000226E61ECA9F01BC588F51CC589F51DC578
:100470008AF51EC58BF505017F4B802B6D517F5D85
:100480008051800A4F6E6E51800A4F58D8A07BD79A
:1004900088C501F589C502F58AC503F58BC504F544
:1004A000000E056E000E066EA00E076E400E086E62
:1004B00015ECA2F001C57BF502C57CF503C57DF501
:1004C00004C57EF577C51AF578C51BF579C51CF509
:1004D0007AC51DF57BC51EF57CC51FF57DC520F5CC
:1004E0007EC521F558ECC1F0D8B003D0000E05014F
:1004F00018D077C501F578C502F579C503F57AC539
:1005000004F57BC505F57CC506F57DC507F57EC5FB
:1005100008F5D0ECC8F0D8A00BD005016BB108D01D
:10052000000E7B6F000E7C6F000E7D6F000E7E6FE5
:1005300082C501F583C502F584C503F585C504F5BB
:100540007BC505F57CC506F57DC507F57EC508F5B7
:10055000ABECA3F001C577F502C578F503C579F5D5
:1005600004C57AF577C51AF578C51BF579C51CF56C
:100570007AC51DF5000E056E000E066E200E076E84
:10058000410E086E73C501F574C502F575C503F516
:1005900076C504F515ECA2F001C51EF502C51FF5E0
:1005A00003C520F504C521F558ECC1F0D8A024D02E
:1005B00005016F4B702B73C501F574C502F575C548
:1005C00003F576C504F5000E056E000E066E200ECE
:1005D000076E410E086E15ECA2F001C573F502C559
:1005E00074F503C575F504C576F5660E05016A193F
:1005F000D8A402D06D4B6E2B73C588F574C589F5F0
:1006000075C58AF576C58BF56FC560F570C561F562
:10061000000E0501686F000E656F000E646F000E1E
:10062000806F000E7F6FCDD077C51BF578C51CF5A8
:1006300079C51DF57AC51EF588C51FF589C520F554
:100640008AC521F58BC522F561ECA9F01BC534F5EF
:100650001CC535F51DC536F51EC537F5CBECB4F018
:1006600034C57BF535C57CF536C57DF537C57EF5DA
:100670007BC501F57CC502F57DC503F57EC504F596
:10068000D8ECC4F002BE06D0025013E10A0E015CA1
:10069000D8B00FD07BC501F57CC502F57DC503F54B
:1006A0007EC504F5D8ECC4F001C56BF502C56CF548
:1006B00005D0000E05016C6F090E6B6F05016851C6
:1006C000D8B461AF20D02D0E8625D96E070E8721B4
:1006D000DA6E2E0EDF6E864B872B7107D8A072075D
:1006E000010E686F10D02D0E8625D96E070E87215A
:1006F000DA6E300EDF6E864B872B7107D8A072073B
:100700006407D8A0650764516511D8A4ECD72D0EF5
:100710008625D96E070E8721DA6E6B51300FDF6E9A
:10072000864B872B7107D8A0720777C51AF578C555
:100730001BF579C51CF57AC51DF57BC505F57CC58E
:1007400006F57DC507F57EC508F588C501F589C59F
:1007500002F58AC503F58BC504F515ECA2F001C5B9
:100760001EF502C51FF503C520F504C521F56EEC85
:10077000CDF01AC577F51BC578F51CC579F51DC5F3
:100780007AF588C51BF589C51CF58AC51DF58BC58D
:100790001EF5000E1F6E000E206E200E216E410E03
:1007A000226E61ECA9F01BC588F51CC589F51DC535
:1007B0008AF51EC58BF505016007D8A061077F4B40
:1007C000802B6D517F5D8051800A4F6E6E51800A83
:1007D0004F58D8B008D087BF27D7875104E14B0EB8
:1007E000865DD8A021D7000E806F4F0E7F6F2D0E33
:1007F0007F25D96E070E8021DA6EDF6A2D0E4F6ECF
:10080000070E506E86514F5E8751505A7F514F24CC
:10081000016E80515020026E2D0E036E070E046E85
:1008200086C505F587C506F5B3ECCDF00501865103
:100830007F5D866F87518059876F8151D8B402D010
:10084000010E01D0000E7F6F806B070127B30FD020
:1008500023D08607D8A087072D0E8625D96E070ED0
:100860008721DA6E300EDF6E7107D8A0720705019E
:1008700071517F5D8051800A4F6E7251800A4F58CE
:10088000D8B00AD086517F5D8051800A4F6E875163
:10089000800A4F58D8A0DDD705018151D8B40BD0BC
:1008A0008607D8A087072D0E8625D96E070E8721CB
:1008B000DA6E81C5DFF47F51715F8051725B48C58C
:1008C00012F549C513F52D0E8625146E070E8721E6
:1008D000156E71C516F572C517F5D8ECC9F0120082
:1008E00083C6D9F484C6DAF4DE6ADD6A81C601F50E
:1008F00082C602F569ECB9F001C592F602C593F61D
:10090000060193AF02D00B0E1200D8909235D96E2B
:100910009335DA6E230ED926070EDA22DEC4ADF641
:10092000DDC4AEF6AD51AE11D8A402D00C0E12004B
:1009300083C6D9F484C6DAF4ADC6DEF4AEC6DDF4FF
:100940008591ADC6D9F4AEC6DAF4DF50D8B415D06F
:1009500020EE01F0AD51D926AE51DA22DF507BEC0A
:10096000CFF00601A26FA2B108D08551D8A4A2A5EC
:1009700002D00A0E1200000E1200ADC6D9F4AEC6A7
:10098000DAF4DF6A20EE01F0AD51D926AE51DA2259
:10099000DF5019ECBDF00601A26FA2A102D0030E38
:1009A00012008551D8B402D0A2B5E3D7ADC618F66F
:1009B000AEC619F6000E1B6F000E1A6F38ECB7F0BA
:1009C00018C6ABF619C6ACF6040EAB19AC11D8A418
:1009D00002D0010E1200AC5104E1020EAB5DD8A0B2
:1009E00002D00D0E120020EE2CF0AD51D926AE51E2
:1009F000DA22DEC49EF6DEC49FF6DEC4A0F6DEC4B4
:100A0000A1F63B0EAD25016E000EAE21026E37EC55
:100A1000CEF0020E02180110D8A4E3D7460E06014C
:100A2000AD25016E000EAE21026E37ECCEF001C591
:100A3000A7F602C5A8F60601A96BAA6BA751A811D3
:100A4000A911AA11D8A410D0540EAD25016E000E24
:100A5000AE21026E35ECC5F001C5A7F602C5A8F6B9
:100A600003C5A9F604C5AAF620EE18F0AD51D926A3
:100A7000AE51DA22A7C6DEF4A8C6DEF4A9C6DEF4BB
:100A8000AAC6DEF420EE40F0AD51D926AE51DA22EE
:100A900010EE03F0AD51E126AE51E222DFC4E7F4DF
:100AA00020EE03F0AD51D926AE51DA22DE04D8B4DF
:100AB0000AD020EE03F0AD51D926AE51DA22020E53
:100AC000DE18D8A48ED7A7C601F5A8C602F5A9C618
:100AD00003F5AAC604F520EE03F0AD51D926AE51B8
:100AE000DA22DF50866F8651056E066A076A086A49
:100AF00035ECCCF001C5A7F602C5A8F603C5A9F6EA
:100B000004C5AAF6060120EE3DF0AD51D926AE513E
:100B1000DA22DF50866F876B20EE0AF0AD51D926BE
:100B2000AE51DA2286C6DEF487C6DDF420EE0AF086
:100B3000AD51D926AE51DA22DE50DE10D8B451D7ED
:100B400020EE0AF0AD51D926AE51DA22DEC486F687
:100B5000DDC487F620EE0AF0AD51D926AE51DA2277
:100B6000DEC488F6DDC489F6FF0E88258A6FFF0E85
:100B700089218B6F86518A158C6F87518B158D6FEC
:100B80008C518D11D8A42DD7410EAD25016E000ECC
:100B9000AE21026E37ECCEF0060120EE08F0AD512A
:100BA000D926AE51DA2201C5DEF402C5DDF420EE0D
:100BB00008F0AD51D926AE51DA22DF50866F0F0E04
:100BC0008617D8A40ED7430EAD25016E000EAE21B8
:100BD000026E37ECCEF001C59AF602C59BF606010F
:100BE0009C6B9D6B9A519B119C119D11D8A410D0A8
:100BF000500EAD25016E000EAE21026E35ECC5F033
:100C000001C59AF602C59BF603C59CF604C59DF680
:100C10003E0EAD25016E000EAE21026E37ECCEF019
:100C200001C598F602C599F6060198519911D8B4F4
:100C3000D8D620EE08F0AD51D926AE51DA22DEC466
:100C400086F6DDC487F6040E886FD8908733863326
:100C5000882FFBD798518625896F995187218A6FF4
:100C60008B6BD8B08B2B8C6BA7518925946FA851B7
:100C70008A21956FA9518B21966FAA518C21976F6C
:100C800094519A5D95519B5996519C5997519D59F4
:100C9000D8A0A7D694519A5D016E95519B59026ECA
:100CA00096519C59036E97519D59046E20EE0AF09F
:100CB000AD51D926AE51DA22DEC486F6DDC487F600
:100CC00086C605F587C606F5076A086A97ECC9F077
:100CD00001C5A3F602C5A4F603C5A5F604C5A6F68C
:100CE000A351A411A511A611D8B47BD6000EAC6FE8
:100CF000000EAB6FF60EA35DFF0EA459FF0EA559B3
:100D00000F0EA659D8B004D0000EAC6F030EAB6F17
:100D1000A651A5110AE1F60EA35DFF0EA459D8B0A5
:100D200004D0000EAC6F020EAB6FA651A5110AE104
:100D3000F60EA35D0F0EA459D8B004D0000EAC6F10
:100D4000010EAB6FAB51AC11D8B44BD6020EA3253C
:100D5000866F000EA421876F000EA521886F000EFC
:100D6000A621896F20EE14F0AD51D926AE51DA22BA
:100D700086C6DEF487C6DEF488C6DEF489C6DEF4F5
:100D800020EE1CF0AD51D926AE51DA229EC6DEF41B
:100D90009FC6DEF4A0C6DEF4A1C6DEF498519E25FF
:100DA000866F99519F21876F000EA021886F000EDA
:100DB000A121896F20EE20F0AD51D926AE51DA2263
:100DC00086C6DEF487C6DEF488C6DEF489C6DEF4A5
:100DD00094519E25866F95519F21876F9651A02132
:100DE000886F9751A121896F20EE28F0AD51D92647
:100DF000AE51DA2286C6DEF487C6DEF488C6DEF49B
:100E000089C6DEF4030EAB19AC11D8A44CD05A0E2F
:100E1000AD25016E000EAE21026E37ECCEF0015012
:100E20000210D8A4DED5060120EE08F0AD51D92677
:100E3000AE51DA22DE50DE10D8A4D3D55C0EAD253B
:100E4000016E000EAE21026E35ECC5F020EE24F0EE
:100E5000AD51D926AE51DA2201C5DEF402C5DEF469
:100E600003C5DEF404C5DEF420EE14F0AD51D9263E
:100E7000AE51DA22DEC486F6DEC487F6DEC488F61A
:100E8000DEC489F6020ED8908637873788378937CF
:100E9000E82EF9D786C68EF687C68FF688C690F6F6
:100EA00089C691F692D020EE08F0AD51D926AE5108
:100EB000DA22DE50DE10D8B494D520EE20F0AD5109
:100EC000D926AE51DA22DEC486F6DEC487F6DEC449
:100ED00088F6DEC489F6A75186258A6FA851872136
:100EE0008B6FA95188218C6FAA5189218D6F20EEBB
:100EF00024F0AD51D926AE51DA228AC6DEF48BC673
:100F0000DEF48CC6DEF48DC6DEF4020EAB19AC1135
:100F1000D8B444D020EE14F0AD51D926AE51DA2227
:100F2000DEC486F6DEC487F6DEC488F6DEC489F643
:100F3000010E86158A6F000E87158B6F000E8815BF
:100F40008C6F000E89158D6F20EE14F0AD51D926EF
:100F5000AE51DA22DEC401F5DEC402F5DEC403F5CB
:100F6000DEC404F5030E056E000E066E000E076E5D
:100F7000000E086E35ECCCF0D89004320332023209
:100F8000013206018A5101248E6F8B5102208F6F2E
:100F90008C510320906F8D51042016D020EE14F058
:100FA000AD51D926AE51DA22DEC486F6DEC487F60C
:100FB000DEC488F6DEC489F6D89086358E6F873514
:100FC0008F6F8835906F8935916FFF0E8E25866FF4
:100FD000010E8F21876F000E9021886F000E9121E6
:100FE000896F0A0E05D0D8908933883387338633CA
:100FF000E82EF9D720EE18F0AD51D926AE51DA22FD
:101000008651DE5C8751DE588851DE588951DE58A2
:10101000D8A0E7D420EE10F0AD51D926AE51DA2297
:10102000FF0EDE6EFF0EDE6EFF0EDE6EFF0EDD6E5D
:10103000DD52DD5210EE0CF0AD51E126AE51E22250
:10104000DEC4E6F4DEC4E6F4DEC4E6F4DEC4E6F4B0
:1010500020EE05F0AD51D926AE51DA22800EDF6EBA
:10106000030EAB19AC11D8A490D0600EAD25016E63
:10107000000EAE21026E37ECCEF001040210D8A4AF
:1010800084D0ADC600F6AEC601F6010E06019E255F
:10109000026F000E9F21036F000EA021046F000E4F
:1010A000A121056F7AECC4F00009D8A46ED0060126
:1010B00020EE05F0AD51D926AE51DA22DF6A2E0EB0
:1010C000AD25016E020EAE21026E37ECCEF0550E4C
:1010D00001185BE1AA0E0218D8A457D0300E060101
:1010E000AD25016E000EAE21026E35ECC5F0520E3C
:1010F00001184BE1520E021848E1610E031845E158
:10110000410E0418D8A441D0140EAD25016E020E74
:10111000AE21026E35ECC5F0720E011836E1720E8A
:10112000021833E1410E031830E1610E0418D8A40F
:101130002CD0180EAD25016E020EAE21026E35ECDC
:10114000C5F020EE10F0AD51D926AE51DA2201C51E
:10115000DEF402C5DEF403C5DEF404C5DEF41C0EC5
:10116000AD25016E020EAE21026E35ECC5F020EE0B
:101170000CF0AD51D926AE51DA2201C5DEF402C51C
:10118000DEF403C5DEF404C5DEF4ADC6D9F4AEC6A4
:10119000DAF4ABC6DFF40701214B222B060120EE67
:1011A00006F0AD51D926AE51DA2221C7DEF422C7AE
:1011B000DDF4BBEF84F04AC661F64BC662F64EC65C
:1011C000D9F44FC6DAF4DE6ADD6A48C6A6F549C628
:1011D000A7F5710E0501A86F060EA96FB9ECC3F053
:1011E0000601606F6051D8A40BD020EE0FF048517B
:1011F000D9264951DA22DF50606F6051D8B402D04D
:101200006051120020EE0EF04851D9264951DA22E1
:10121000DFB202D0070E120020EE10F04851D9269E
:101220004951DA2210EE10F04851E1264951E222EC
:10123000E6C454F6E6C455F6E6C456F6E6C457F6D8
:101240004C515425586F4D515521596F000E562160
:101250005A6F000E57215B6FDE50585DDE505959B2
:10126000DE505A59DE505B59D8B00ED020EE10F047
:101270004851D9264951DA22DEC450F6DDC451F670
:10128000501D4C6F511D4D6F4C514D11D8B405D3AD
:1012900020EE10F04851D9264951DA22FF0EDE1413
:1012A000506F010EDE14516F000EDE14526F000EEF
:1012B000DE14536F5051511152115311D8A449D219
:1012C00020EE10F04851D9264951DA22DEC450F6FA
:1012D000DEC451F6DEC452F6DEC453F60A0E05D063
:1012E000D8905333523351335033E82EF9D720EE90
:1012F0000AF07151D9267251DA22DEC454F6DDC4E7
:1013000055F6FF0E5425566FFF0E5521576F50515D
:101310005615636F51515715646F63516411D8A40A
:101320009CD020EE10F04851D9264951DA22DE50E7
:10133000DE10DE10DE10D8A423D020EE06F04851D7
:10134000D9264951DA22DEC467F6DEC468F6DEC467
:1013500069F6DEC46AF66751681169116A11D8A48A
:101360002BD048C62BF649C62CF6000E2D6F000E6A
:101370002E6F000E2F6F000E306F94EC98F014D08B
:1013800048C62BF649C62CF620EE14F04851D92653
:101390004951DA22DEC42DF6DEC42EF6DEC42FF665
:1013A000DEC430F694EC98F02BC667F62CC668F6CF
:1013B0002DC669F62EC66AF66751681169116A1161
:1013C000D8B46BD26705681169116A11D8A40AD024
:1013D00020EE0FF04851D9264951DA22020EDF6E75
:1013E000020E1200672911E168290FE169290DE158
:1013F0006A29D8A40AD020EE0FF04851D9264951C5
:10140000DA22010EDF6E010E120020EE14F04851B8
:10141000D9264951DA2267C6DEF468C6DEF469C609
:10142000DEF46AC6DEF420EE06F04851D9264951B2
:10143000DA22DE50DE10DE10DE10D8A40ED020EE50
:1014400006F04851D9264951DA2267C6DEF468C64B
:10145000DEF469C6DEF46AC6DEF420EE0EF0485112
:10146000D9264951DA22DFAE33D0220E48250501B4
:10147000E26F000E060149210501E36F060120EE2F
:1014800018F04851D9264951DA22DEC4E4F5DEC409
:10149000E5F5DEC4E6F5DEC4E7F5000E0501E96F0B
:1014A000010EE86F060120EE01F07151D92672514C
:1014B000DA22DF5015ECC9F00009D8A439D10601B1
:1014C00020EE0EF04851D9264951DA227F0EDF1660
:1014D00071C60DF572C60EF520EE14F04851D926EE
:1014E0004951DA22DEC40FF5DEC410F5DEC411F571
:1014F000DEC412F51AECC4F00DC56DF60EC56EF61D
:101500000FC56FF610C570F606016D516E116F11A3
:101510007011D8B45DD763516D2764516E23000EEE
:101520006F23000E70234CC650F64DC651F6090EBF
:10153000526FD89051335033522FFBD750C665F6B7
:1015400051C666F665516611D8B4A7D065516325BA
:10155000506F66516421516F20EE0AF07151D92607
:101560007251DA225051DE5C5151DE58D8B010D0A1
:1015700020EE0AF07151D9267251DA22DEC450F6FB
:10158000DDC451F66351505D656F64515159666F0A
:1015900061C6E2F562C6E3F56DC6E4F56EC6E5F533
:1015A0006FC6E6F570C6E7F565C6E8F566C6E9F507
:1015B00020EE01F07151D9267251DA22DF5015EC7C
:1015C000C9F00009D8A4B4D006016551506F665126
:1015D000516F526B536B20EE18F04851D926495188
:1015E000DA22DEC454F6DEC455F6DEC456F6DEC496
:1015F00057F66D51545D586F6E515559596F6F5173
:1016000056595A6F705157595B6F5051585D51512F
:10161000595952515A5953515B59D8B02FD0220EB3
:101620004825016E000E4921026E20EE18F0485147
:10163000D9264951DA22DEC450F6DDC451F66D5187
:10164000505F6E51515B090ED89050375137E82EDC
:10165000FBD750516125036E51516221046E020E79
:10166000066E000E056EB3ECCDF0060120EE0EF016
:101670004851D9264951DA227F0EDF1665C650F649
:1016800066C651F6090ED89050375137E82EFBD771
:1016900050C66BF651C66CF6ADD020EE18F048512E
:1016A000D9264951DA226D51DE180AE16E51DE1851
:1016B00007E16F51DE1804E17051DE18D8B43AD05A
:1016C00020EE0AF04851D9264951DA2210EE10F0E6
:1016D0004851E1264951E222DE50E65CDE50E658F0
:1016E000DE50E658DE50E658D8B024D0220E482509
:1016F0000501E46F000E060149210501E56F6DC685
:10170000E6F56EC6E7F56FC6E8F570C6E9F5000EBA
:10171000EB6F010EEA6F060120EE01F07151D92640
:101720007251DA22DF5056ECC9F00009D8B402D069
:10173000060161D6060120EE18F04851D92649511C
:10174000DA226DC6DEF46EC6DEF46FC6DEF470C655
:10175000DEF420EE10F04851D9264951DA22DEC4D9
:1017600050F6DDC451F6FF0E5015526F010E5115A3
:10177000536F525100086B6F5351D8A0E82A0208EA
:101780006C6F6B514C5D6C514D59D8B004D04CC648
:101790006BF64DC66CF620EE10F04851D926495133
:1017A000DA22DEC450F6DDC451F6FF0E5015526F3A
:1017B000010E5115536F52514825546F5351492111
:1017C000556F220E5425016E000E5521026E61C622
:1017D00003F562C604F56BC605F56CC606F5B3ECF9
:1017E000CDF0060120EE0EF04851D9264951DA22FB
:1017F000000EDB8E6B514C5F6C514D5B4EC6D9F4C5
:101800004FC6DAF46B51DE266C51DD226B51612735
:101810006C51622320EE10F04851D9264951DA224A
:101820006B51DE266C51DE22000EDE22DE2220EE1F
:1018300010F04851D9264951DA2210EE0AF04851E9
:10184000E1264951E222DE50E65CDE50E658DE50E9
:10185000E658DE50E658D8A003D020EE0AF002D0B9
:1018600020EE10F04851D9264951DA22DEC45CF648
:10187000DEC45DF6DEC45EF6DEC45FF620EE0AF07E
:101880004851D9264951DA225CC6DEF45DC6DEF441
:101890005EC6DEF45FC6DEF4F7D420EE0EF04851EB
:1018A000D9264951DA22000EDB8C000E120048C600
:1018B000A6F549C6A7F56B0E0501A86F060EA96F20
:1018C000B9ECC3F00601666F6651D8A408D020EECB
:1018D0000FF04851D9264951DA22DF50666F665120
:1018E000D8B402D06651120020EE0AF04851D92631
:1018F0004951DA224A51DE5C4B51DE584C51DE58D8
:101900004D51DE58D8B016D020EE0EF04851D926F1
:101910004951DA22DFB20ED020EE0AF04851D92622
:101920004951DA22DEC44AF6DEC44BF6DEC44CF678
:10193000DEC44DF620EE10F04851D9264951DA2286
:10194000DEC45EF6DEC45FF6DEC460F6DEC461F6B9
:10195000000E626F000E636F000E646F000E656F05
:1019600020EE10F04851D9264951DA2262C6DEF441
:1019700063C6DEF464C6DEF465C6DEF44A514B117C
:101980004C114D11D8B414D220EE0AF06B51D92667
:101990006C51DA22DEC44EF6DDC44FF64E51506F64
:1019A0004F51516F526B536B090ED89050375137CE
:1019B00052375337E82EF9D750C667F651C668F646
:1019C00052C669F653C66AF65E515F116011611125
:1019D000D8B495D0FF0E4A25016EFF0E4B21026E42
:1019E000FF0E4C21036EFF0E4D21046E67C605F5F8
:1019F00068C606F569C607F56AC608F597ECC9F02A
:101A000001C54EF602C54FF603C550F604C551F6A2
:101A1000FF0E5E25016EFF0E5F21026EFF0E60213C
:101A2000036EFF0E6121046E67C605F568C606F5F4
:101A300069C607F56AC608F597ECC9F001504E5D16
:101A400002504F590350505904505159D8A057D003
:101A5000FF0E67254E6FFF0E68214F6FFF0E692145
:101A6000506FFF0E6A21516F4E1D526F4F1D536F05
:101A7000501D546F511D556FFF0E5E25566FFF0EA2
:101A80005F21576FFF0E6021586FFF0E6121596F64
:101A9000525156155A6F535157155B6F5451581583
:101AA0005C6F555159155D6F20EE10F04851D926E5
:101AB0004951DA225AC6DEF45BC6DEF45CC6DEF4B7
:101AC0005DC6DEF420EE10F04851D9264951DA22E5
:101AD000DE504A5FDE504B5BDE504C5BDD504D5BB1
:101AE00020EE14F04851D9264951DA22DEC46DF6B1
:101AF000DEC46EF6DEC46FF6DEC470F669D020EE8A
:101B000006F04851D9264951DA22DEC46DF6DEC40A
:101B10006EF6DEC46FF6DEC470F66D516E116F1195
:101B20007011D8A447D048C62BF649C62CF6000E33
:101B30002D6F000E2E6F000E2F6F000E306F94EC85
:101B400098F02BC66DF62CC66EF62DC66FF62EC617
:101B500070F66D056E116F117011D8A40AD020EEC9
:101B60000FF04851D9264951DA22020EDF6E020EDB
:101B700012006D2911E16E290FE16F290DE1702925
:101B8000D8A40AD020EE0FF04851D9264951DA22C4
:101B9000010EDF6E010E120020EE06F04851D9262C
:101BA0004951DA226DC6DEF46EC6DEF46FC6DEF48D
:101BB00070C6DEF420EE14F04851D9264951DA22DD
:101BC0006DC6DEF46EC6DEF46FC6DEF470C6DEF4FB
:101BD0006D516E116F117011D8A48AD0E9D0675180
:101BE0004A5F68514B5B69514C5B6A514D5B20EE1B
:101BF00010F04851D9264951DA226751DE26685142
:101C0000DE226951DE226A51DE2220EE0EF04851BA
:101C1000D9264951DA22DFA225D048C62BF649C67B
:101C20002CF66DC62DF66EC62EF66FC62FF670C654
:101C300030F694EC98F02BC66DF62CC66EF62DC6D9
:101C40006FF62EC670F66D516E116F117011D8A41B
:101C50001FD0000E4A6F000E4B6F000E4C6F000E2F
:101C60004D6F50D048C60AF649C60BF66DC60CF645
:101C70006EC60DF66FC60EF670C60FF666ECA0F0D7
:101C80000AC66DF60BC66EF60CC66FF60DC670F67C
:101C900006016D2907E16E2905E16F2903E170292D
:101CA000D8B470D770516F116E1104E1020E6D5DE2
:101CB000D8A055D720EE14F06B51D9266C51DA22FA
:101CC000DE506D5DDE506E59DE506F59DE5070593A
:101CD000D8B045D720EE14F04851D9264951DA2220
:101CE0006DC6DEF46EC6DEF46FC6DEF470C6DEF4DA
:101CF0004A51675D4B5168594C5169594D516A5968
:101D0000D8A06DD720EE10F04851D9264951DA22DB
:101D10004A51DE264B51DE224C51DE224D51DE224D
:101D2000FF0E4A154E6F010E4B154F6F000E4C15EE
:101D3000506F000E4D15516F4E514F1150115111F2
:101D4000D8B436D06BC60DF56CC60EF56DC60FF562
:101D50006EC610F56FC611F570C612F51AECC4F018
:101D60000DC562F60EC563F60FC564F610C565F6BF
:101D700006016251631164116511D8B4F0D64AC6E8
:101D80004EF64BC64FF64CC650F64DC651F60A0EEF
:101D900005D0D890513350334F334E33E82EF9D716
:101DA0004E5162274F516323505164235151652393
:101DB00020EE10F04851D9264951DA2210EE0AF0EF
:101DC0004851E1264951E222DE50E65CDE50E658F9
:101DD000DE50E658DE50E658D8B01CD020EE10F0A9
:101DE0004851D9264951DA2210EE0AF04851E1262D
:101DF0004951E222DEC4E6F4DEC4E6F4DEC4E6F4D1
:101E0000DEC4E6F420EE0EF04851D9264951DA221C
:101E1000000EDB8C20EE10F04851D9264951DA2211
:101E2000FF0EDE144E6F010EDE144F6F000EDE1437
:101E3000506F000EDE14516F4E514F115011511161
:101E4000D8B450D520EE18F04851D9264951DA229D
:101E50006251DE180AE16351DE1807E16451DE18B1
:101E600004E16551DE18D8B43DD520EE0EF048519E
:101E7000D9264951DA22DFAE33D0220E482505019A
:101E8000E26F000E060149210501E36F060120EE15
:101E900018F04851D9264951DA22DEC4E4F5DEC4EF
:101EA000E5F5DEC4E6F5DEC4E7F5000E0501E96FF1
:101EB000010EE86F060120EE01F06B51D9266C513E
:101EC000DA22DF5015ECC9F00009D8A42BD00601A6
:101ED00020EE0EF04851D9264951DA227F0EDF1646
:101EE000220E48250501E46F000E06014921050177
:101EF000E56F62C6E6F563C6E7F564C6E8F565C654
:101F0000E9F5000EEB6F010EEA6F060120EE01F01D
:101F10006B51D9266C51DA22DF5056ECC9F000091A
:101F2000D8B402D006012ED6060120EE18F0485192
:101F3000D9264951DA2262C6DEF463C6DEF464C6ED
:101F4000DEF465C6DEF4CED4AF51B011D8A402D011
:101F5000090E12003F0EB317B10E816F060E826F8D
:101F6000D40E836F060E846FB3C685F670EC84F0D2
:101F70000601D66FD651D8A4EAD2D4C6D7F6D5C6B4
:101F8000D8F6D70E6A6F060E6B6FB1C66CF6B2C686
:101F90006DF69FECB5F0D66FD651D8B4FEAF02D037
:101FA000060ED66FB3C6B4F61C0EB417D8B4E9D07B
:101FB000D651D8B40DD0040ED619D8A407D0D70E58
:101FC0006E6F060E6F6FF3ECC2F0D66FB3870CD056
:101FD000DBC6B4F6110EB417D8B402D0070E03D086
:101FE000B3A502D0080ED66FD651D8B4B3A7D5D0BA
:101FF000DDECCFF001C5C0F602C5C1F603C5C2F6DF
:1020000004C5C3F60E0EF125016E000EF221026E1C
:10201000C0C603F5C1C604F5C2C605F5C3C606F5BC
:102020006AECCBF0160EF125016E000EF221026E65
:10203000C0C603F5C1C604F5C2C605F5C3C606F59C
:102040006AECCBF0D4C608F5D5C609F5F1C60AF599
:10205000F2C60BF514ECCAF008C5C4F609C5C5F6FE
:102060000AC5C6F60BC5C7F6060120EE0BF0F15106
:10207000D926F251DA22200EDF6ED4C605F5D5C678
:1020800006F5F1C607F5F2C608F5000E096E000E5A
:102090000A6E000E0B6E000E0C6EF6ECCDF01C0EF0
:1020A0000601F125016E000EF221026E000E036E94
:1020B000000E046E000E056E000E066E6AECCBF08C
:1020C00020EE04F0D451D926D551DA22010EDF6E6C
:1020D000C451C511C611C711D8B45FD020EE2CF081
:1020E000D451D926D551DA22DEC4C8F6DEC4C9F6E9
:1020F000DEC4CAF6DEC4CBF6D70E2B6F060E2C6FED
:10210000C4C62DF6C5C62EF6C6C62FF6C7C630F60F
:10211000000E316F000E326F000E336F000E346F01
:10212000F0ECB3F0D66FD651D8A437D0D4C600F6B1
:10213000D5C601F6C8C602F6C9C603F6CAC604F675
:10214000CBC605F67AECC4F00601D66FFF0EC425A7
:10215000B46FFF0EC521B56FFF0EC621B66FFF0E1F
:10216000C721B76F20EE0CF0D451D926D551DA2211
:10217000B4C6DEF4B5C6DEF4B6C6DEF4B7C6DEF429
:102180000CD0D651D8A409D0DBA902D0040E04D0BB
:10219000B3B3DBA102D0070ED66FD651D8A420D09E
:1021A000B3B7B38D20EE2CF0D451D926D551DA2215
:1021B00010EE1CF0AF51E126B051E222DEC4E6F48D
:1021C000DEC4E6F4DEC4E6F4DEC4E6F420EE20F07D
:1021D000AF51D926B051DA22F1C6DEF4F2C6DDF4F1
:1021E000D651D8A4B4D1D4C608F5D5C609F5F1C6E0
:1021F0000AF5F2C60BF514ECCAF0060120EE06F063
:10220000AF51D926B051DA2208C5DEF409C5DEF493
:102210000AC5DEF40BC5DEF41C0EF125016E000EBE
:10222000F221026E35ECC5F020EE0AF0AF51D9264E
:10223000B051DA2201C5DEF402C5DEF403C5DEF4D6
:1022400004C5DEF4AFC6D9F4B0C6DAF4D4C6DEF401
:10225000D5C6DDF420EE06F0D451D926D551DA22C8
:1022600010EE02F0AF51E126B051E222DEC4E6F4F6
:10227000DDC4E5F420EE0EF0AF51D926B051DA22DC
:10228000B3C6DFF420EE0FF0AF51D926B051DA22F9
:10229000DF6A20EE18F0AF51D926B051DA22DE6A9B
:1022A000DE6ADE6ADD6A20EE10F0AF51D926B05149
:1022B000DA22DE6ADE6ADE6ADD6A220EAF25016E90
:1022C000000EB021026E000E046E000E036E020EB0
:1022D000066E000E056EEDECCEF0B3AB38D120EEFD
:1022E0000AF0AF51D926B051DA22DE50DE10DE10EE
:1022F000DE10D8B42CD120EE0AF0AF51D926B0515F
:10230000DA2210EE10F0AF51E126B051E222DEC425
:10231000E6F4DEC4E6F4DEC4E6F4DEC4E6F420EE61
:102320000AF0D451D926D551DA22DEC4B4F6DDC480
:10233000B5F6B451B66FB551B76FB86BB96B090E3E
:10234000D890B637B737B837B937E82EF9D7B6C609
:10235000BCF6B7C6BDF6B8C6BEF6B9C6BFF620EE27
:1023600006F0AF51D926B051DA22DEC4D0F6DEC471
:10237000D1F6DEC4D2F6DEC4D3F620EE0AF0AF51B9
:10238000D926B051DA22DEC4CCF6DEC4CDF6DEC4E6
:10239000CEF6DEC4CFF634D0AFC60AF6B0C60BF622
:1023A000D0C60CF6D1C60DF6D2C60EF6D3C60FF6C1
:1023B00066ECA0F00AC6D0F60BC6D1F60CC6D2F673
:1023C0000DC6D3F60601D351D211D11106E1020E8A
:1023D000D05DD8B002D0020ED66FD02909E1D12944
:1023E00007E1D22905E1D329D8A402D0010ED66F86
:1023F000BC51CC5FBD51CD5BBE51CE5BBF51CF5BFD
:10240000D651D8A40AD0CC51BC5DCD51BD59CE51C6
:10241000BE59CF51BF59D8A0BFD720EE14F0AF514D
:10242000D926B051DA22D0C6DEF4D1C6DEF4D2C647
:10243000DEF4D3C6DEF4D651D8A489D0FF0ECC1575
:10244000B46F010ECD15B56F000ECE15B66F000E30
:10245000CF15B76FB451B511B611B711D8B477D045
:10246000D4C60DF5D5C60EF5D0C60FF5D1C610F5FC
:10247000D2C611F5D3C612F51AECC4F00DC5C8F6D4
:102480000EC5C9F60FC5CAF610C5CBF60601C85170
:10249000C911CA11CB11D8A402D0020E57D0CCC694
:1024A000B4F6CDC6B5F6CEC6B6F6CFC6B7F60A0EAA
:1024B00005D0D890B733B633B533B433E82EF9D757
:1024C000C851B425B86FC951B521B96FCA51B621E9
:1024D000BA6FCB51B721BB6F20EE18F0AF51D926A0
:1024E000B051DA22B8C6DEF4B9C6DEF4BAC6DEF4FC
:1024F000BBC6DEF4220EAF250501E46F000E060117
:10250000B0210501E56F060120EE18F0AF51D92684
:10251000B051DA22DEC4E6F5DEC4E7F5DEC4E8F544
:10252000DEC4E9F5000E0501EB6F010EEA6F06014E
:1025300020EE01F0D451D926D551DA22DF5056ECE5
:10254000C9F00009D8B403D0010E0601D66F060108
:10255000D651D8B406D0AFC6D9F4B0C6DAF4DE6A24
:10256000DD6AD651120026C641F627C642F62AC6B3
:10257000D9F42BC6DAF4DE6ADD6A24C6A6F525C6D0
:10258000A7F54D0E0501A86F060EA96FB9ECC3F0B3
:1025900006013C6F3C51D8A40BD020EE0FF0245123
:1025A000D9262551DA22DF503C6F3C51D8B402D0F5
:1025B0003C51120020EE0EF02451D9262551DA228A
:1025C000DFB002D0070E120020EE10F02451D92601
:1025D0002551DA22DEC42CF6DEC42DF6DEC42EF63A
:1025E000DEC42FF620EE0AF02451D9262551DA2236
:1025F000DEC430F6DEC431F6DEC432F6DEC433F6B5
:102600002C51305D386F2D513159396F2E5132595F
:102610003A6F2F5133593B6F28512C6F29512D6F31
:102620002E6B2F6B2C51385D2D5139592E513A5943
:102630002F513B59D8B004D038C628F639C629F6F0
:1026400028512911D8B481D220EE10F02451D92676
:102650002551DA22FF0EDE142C6F010EDE142D6FD1
:10266000000EDE142E6F000EDE142F6F2C512D1174
:102670002E112F11D8A402D220EE10F02451D92609
:102680002551DA22DEC42CF6DEC42DF6DEC42EF689
:10269000DEC42FF60A0E05D0D8902F332E332D33FB
:1026A0002C33E82EF9D720EE0AF04D51D9264E51A1
:1026B000DA22DEC430F6DDC431F6FF0E3025326F8B
:1026C000FF0E3121336F2C513215436F2D513315CD
:1026D000446F43514411D8A46BD020EE10F0245124
:1026E000D9262551DA22DE50DE10DE10DE10D8A405
:1026F0000FD020EE06F02451D9262551DA22DEC46F
:102700003DF6DEC43EF6DEC43FF6DEC440F61CD025
:1027100024C60AF625C60BF620EE14F02451D9265D
:102720002551DA22DEC40CF6DEC40DF6DEC40EF648
:10273000DEC40FF666ECA0F00AC63DF60BC63EF608
:102740000CC63FF60DC640F6060140513F113E1142
:102750000EE1020E3D5DD8B00AD020EE0FF02451FC
:10276000D9262551DA22020EDF6E020E12003D2913
:1027700011E13E290FE13F290DE14029D8A40AD0FB
:1027800020EE0FF02451D9262551DA22010EDF6EFA
:10279000010E120020EE14F02451D9262551DA2220
:1027A0003DC6DEF43EC6DEF43FC6DEF440C6DEF4CF
:1027B0004DC60DF54EC60EF520EE14F02451D92667
:1027C0002551DA22DEC40FF5DEC410F5DEC411F5A2
:1027D000DEC412F51AECC4F00DC549F60EC54AF672
:1027E0000FC54BF610C54CF6060149514A114B1165
:1027F0004C11D8B4B2D74351492744514A23000E53
:102800004B23000E4C2328C62CF629C62DF6090EA4
:102810002E6FD8902D332C332E2FFBD72CC645F698
:102820002DC646F645514611D8B4A7D0455143258B
:102830002C6F465144212D6F20EE0AF04D51D926C0
:102840004E51DA222C51DE5C2D51DE58D8B010D01A
:1028500020EE0AF04D51D9264E51DA22DEC42CF674
:10286000DDC42DF643512C5D456F44512D59466F03
:1028700041C6E4F542C6E5F549C6E6F54AC6E7F5C0
:102880004BC6E8F54CC6E9F545C6EAF546C6EBF594
:1028900020EE01F04D51D9264E51DA22DF5056EC90
:1028A000C9F00009D8A4D9D0060120EE0EF02451B9
:1028B000D9262551DA22DFAE50D045512C6F465132
:1028C0002D6F2E6B2F6B20EE18F02451D926255139
:1028D000DA22DEC430F6DEC431F6DEC432F6DEC4FF
:1028E00033F64951305D346F4A513159356F4B5190
:1028F0003259366F4C513359376F2C51345D2D514D
:1029000035592E5136592F513759D8B026D020EE8F
:1029100018F02451D9262551DA22DEC42CF6DDC464
:102920002DF649512C5F4A512D5B090ED8902C375A
:102930002D37E82EFBD72C514125016E2D51422118
:10294000026E220E2425036E000E2521046E020E57
:10295000066E000E056EB3ECCDF045C62CF646C6ED
:102960002DF6090ED89006012C372D37E82EFAD710
:102970002CC647F62DC648F6C9D020EE18F02451D3
:10298000D9262551DA224951DE180AE14A51DE18CA
:1029900007E14B51DE1804E14C51DE18D8B45FD08A
:1029A00020EE0EF02451D9262551DA22DFAE33D0A5
:1029B000220E24250501E26F000E060125210501E6
:1029C000E36F060120EE18F02451D9262551DA22B2
:1029D000DEC4E4F5DEC4E5F5DEC4E6F5DEC4E7F505
:1029E000000E0501E96F010EE86F060120EE01F00F
:1029F0004D51D9264E51DA22DF5015ECC9F00009AD
:102A0000D8A42BD0060120EE0EF02451D926255152
:102A1000DA227F0EDF16220E24250501E46F000E58
:102A2000060125210501E56F49C6E6F54AC6E7F529
:102A30004BC6E8F54CC6E9F5000EEB6F010EEA6FE8
:102A4000060120EE01F04D51D9264E51DA22DF5019
:102A500056ECC9F00009D8B402D0060191D606019F
:102A600020EE18F02451D9262551DA2249C6DEF489
:102A70004AC6DEF44BC6DEF44CC6DEF420EE10F09F
:102A80002451D9262551DA22DEC42CF6DDC42DF6D8
:102A9000FF0E2C152E6F010E2D152F6F2E510008D5
:102AA000476F2F51D8A0E82A0208486F4751285D88
:102AB00048512959D8B004D028C647F629C648F647
:102AC00041C601F542C602F520EE10F02451D92688
:102AD0002551DA22DEC42CF6DDC42DF6FF0E2C15AE
:102AE0002E6F010E2D152F6F2E512425306F2F5173
:102AF0002521316F220E3025036E000E3121046E28
:102B000047C605F548C606F5B3ECCDF006014751BA
:102B1000285F4851295B2AC6D9F42BC6DAF44751FD
:102B2000DE264851DD22475141274851422320EEFD
:102B300010F02451D9262551DA224751DE2648517A
:102B4000DE22000EDE22DE227BD5000E120053C5EF
:102B5000D9F454C5DAF4DEC4F6F4DDC4F7F4000E9B
:102B6000F86E0800F550250AD8A4C9D253C5D9F487
:102B700054C5DAF4DE2A000EDD22000E0701146FC0
:102B8000000E136F13C727F715691669000E0501AC
:102B90000BD00701278353C5D9F454C5DAF4DE2AD4
:102BA000000EDD2213D0010E8C6F10D053C5D9F466
:102BB00054C5DAF4DEC4F6F4DDC4F7F4000EF86EA2
:102BC0000800F550300AD8B4E4D7EDD705018C5190
:102BD000D8B4ECD753C507F554C508F555C509F564
:102BE00056C50AF591ECC5F007C513F708C514F7EB
:102BF000070114AF05D02781136D141FD8B0142B13
:102C000053C5D9F454C5DAF4DEC4F6F4DDC4F7F4E0
:102C1000000EF86E0800F5502E0AD8A415D053C542
:102C2000D9F454C5DAF4DE2A000EDD2253C507F5C7
:102C300054C508F555C509F556C50AF591ECC5F01A
:102C400007C515F708C516F753C5D9F454C5DAF406
:102C5000DEC4F6F4DDC4F7F4000EF86E0800F5509B
:102C6000630AD8A423D053C5D9F454C5DAF4DE2AB4
:102C7000000EDD2255C5D9F456C5DAF4DFC457F588
:102C8000020EDE26DFC458F5000EDD2257C5D9F44A
:102C900058C5DAF4DF500501916F51C50BF552C5E7
:102CA0000CF591C50DF587ECC8F0120053C5D9F4A9
:102CB00054C5DAF4DEC492F5DDC493F592C5F6F49A
:102CC00093C5F7F4000EF86E0800F5C491F508D02E
:102CD000924B932B17D0690E01D0000E916F12D03A
:102CE00005019151580AD8B4F6D73C0AD8B4F3D7A5
:102CF0000D0AD8B4F0D7050AD8B4EAD7140AD8B464
:102D0000EAD7EBD792C5F6F493C5F7F4000EF86E48
:102D10000800F550640AD8B43FD092C5F6F493C5C4
:102D2000F7F4000EF86E0800F550690AD8B434D0F4
:102D300057D055C5D9F456C5DAF4DFC457F5020E9D
:102D4000DE26DFC458F5000EDD2257C5D9F458C57C
:102D5000DAF4DEC48DF5DDC48EF5000E8EBFFF0EF5
:102D60008F6F906F20D055C5D9F456C5DAF4DFC403
:102D700057F5040EDE26DFC458F5000EDD2257C5D8
:102D8000D9F458C5DAF4DEC48DF5DEC48EF5DEC4A0
:102D90008FF5DEC490F507D09151690AD8B4C9D730
:102DA000050AD8B4E0D7010E9225576E000E932184
:102DB000586E53C5D9F454C5DAF457C5DEF458C576
:102DC000DDF451C51BF552C51CF58DC51DF58EC52D
:102DD0001EF58FC51FF590C520F5B6ECB8F01200B2
:102DE00092C5F6F493C5F7F4000EF86E0800F5509E
:102DF000780AD8B440D092C5F6F493C5F7F4000E23
:102E0000F86E0800F550580AD8B435D070D055C5C2
:102E1000D9F456C5DAF4DFC457F5020EDE26DFC456
:102E200058F5000EDD2257C5D9F458C5DAF4DEC4D2
:102E300059F5DDC45AF559C58DF55AC58EF58F6B18
:102E4000906B20D055C5D9F456C5DAF4DFC457F5D8
:102E5000040EDE26DFC458F5000EDD2257C5D9F476
:102E600058C5DAF4DEC48DF5DEC48EF5DEC48FF508
:102E7000DEC490F507D09151690AD8B4C8D7050AC5
:102E8000D8B4E0D7010E9225576E000E9321586EEC
:102E900053C5D9F454C5DAF457C5DEF458C5DDF48A
:102EA00018D051C51BF552C51CF58DC51DF58EC535
:102EB0001EF58FC51FF590C520F592C5F6F493C594
:102EC000F7F4000EF86E0800F5C421F5D3ECBEF05F
:102ED000120092C5F6F493C5F7F4000EF86E0800E0
:102EE000F550580AD8B4DDD7200AD8B4DAD7000E86
:102EF0008C6F53C5D9F454C5DAF4DEC4F6F4DDC4DE
:102F0000F7F4000EF86E0800F550730AD8A40AD042
:102F100053C5D9F454C5DAF4DE2A000EDD22010EC1
:102F20008C6F44D053C5D9F454C5DAF4DEC4F6F43A
:102F3000DDC4F7F4000EF86E0800F5506C0AD8A452
:102F400035D053C5D9F454C5DAF4DEC457F5DDC421
:102F500058F5010E5726000E582257C5F6F458C5ED
:102F6000F7F4000EF86E0800F5506C0AD8A41ED0D5
:102F700053C5D9F454C5DAF4DEC457F5DDC458F5A9
:102F8000020E5726000E582257C5F6F458C5F7F41E
:102F9000000EF86E0800F550730AD8A407D0030E8F
:102FA00053C5D9F454C5DAF4DE26B7D78C51D8B45A
:102FB0001BD051C50BF552C50CF555C5D9F456C5F6
:102FC000DAF4DFC457F5020EDE26DFC458F5000E32
:102FD000DD2257C5D9F458C5DAF4DEC40DF5DDC4D9
:102FE0000EF5ADECBAF0120053C5D9F454C5DAF4BD
:102FF000DEC492F5DDC493F592C5F6F493C5F7F4FB
:10300000000EF86E0800F5C491F508D0924B932B92
:1030100010D06C0E01D0000E916F0BD091514C0A64
:10302000D8B4F4D72A0AD8B4F4D70A0AD8B4EED759
:10303000F2D792C5F6F493C5F7F4000EF86E0800C7
:10304000F550660AD8B41AD052D055C5D9F456C531
:10305000DAF4DFC457F5040EDE26DFC458F5000E9F
:10306000DD2257C5D9F458C5DAF4DEC48DF5DEC4C7
:103070008EF5DEC48FF5DEC490F507D091514C0A71
:10308000D8B4E3D7200AD8B4E0D7010E9225576E02
:10309000000E9321586E53C5D9F454C5DAF457C5C0
:1030A000DEF458C5DDF418D051C548F552C549F5D0
:1030B0008DC54AF58EC54BF58FC54CF590C54DF5C0
:1030C00092C5F6F493C5F7F4000EF86E0800F5C447
:1030D0004EF500EC80F0120092C5F6F493C5F7F4BB
:1030E000000EF86E0800F550660AD8B4DDD753C557
:1030F000D9F454C5DAF4DE2A000EDD22120053C5DD
:10310000D9F454C5DAF4DEC4F6F4DDC4F7F4000EE5
:10311000F86E0800F550026E036A51C504F552C5F9
:1031200005F59BECC7F0E3D72BC6D9F42CC6DAF42F
:10313000DEC442F6DDC443F62D512E112F1130119D
:10314000D8A42DD020EE0CF04251D9264351DA22DA
:10315000DEC43AF6DEC43BF6DEC43CF6DEC43DF621
:103160003A513B113C113D11D8B410D020EE14F06F
:103170004251D9264351DA22DE503A5DDE503B59A6
:10318000DE503C59DE503D59D8A05BD0010E3A6F5D
:10319000000E3B6F000E3C6F000E3D6F52D02BC6F1
:1031A0000AF62CC60BF62DC60CF62EC60DF62FC64B
:1031B0000EF630C60FF666ECA0F00AC644F60BC653
:1031C00045F60CC646F60DC647F6060147514611B0
:1031D00045110DE1020E445DD8B009D0010E2B6FF0
:1031E000000E2C6F000E2D6F000E2E6F1200442962
:1031F00010E145290EE146290CE14729D8A409D060
:1032000044C62BF645C62CF646C62DF647C62EF606
:10321000120020EE14F04251D9264351DA22DE503A
:10322000445DDE504559DE504659DE504759D8A01E
:10323000E7D72DC63AF62EC63BF62FC63CF630C66B
:103240003DF620EE10F04251D9264351DA22DE50ED
:10325000DE10DE10DE10D8A409D0000E2B6F000E99
:103260002C6F000E2D6F000E2E6F1200000E3E6FA1
:10327000000E3F6F000E406F000E416F2D513A1946
:1032800009E12E513B1906E12F513C1903E1305160
:103290003D19D8A486D0010E3A253E6F000E3B2181
:1032A0003F6F000E3C21406F000E3D21416F20EE2C
:1032B00014F04251D9264351DA22DE503E5DDE50F1
:1032C0003F59DE504059DE504159D8A008D0020E77
:1032D0003E6F000E3F6F000E406F000E416F2BC619
:1032E0000AF62CC60BF63EC60CF63FC60DF640C6D7
:1032F0000EF641C60FF666ECA0F00AC644F60BC601
:1033000045F60CC646F60DC647F6060144054511BE
:1033100046114711D8B474D7442907E1452905E17E
:10332000462903E14729D8B46BD7445145114611CA
:103330004711D8B436D020EE0CF04251D926435173
:10334000DA22DEC444F6DEC445F6DEC446F6DEC448
:1033500047F647514611451104E1020E445DD8A0DD
:1033600018D020EE14F04251D9264351DA22DE5013
:10337000445DDE504559DE504659DE504759D8B0BD
:1033800008D044C63AF645C63BF646C63CF647C6A4
:103390003DF6000E3E6F000E3F6F000E406F000EB8
:1033A000416F3E513F1140114111D8A468D03AC637
:1033B0003EF63BC63FF63CC640F63DC641F6010E22
:1033C0003E27000E3F234023412320EE14F04251BC
:1033D000D9264351DA22DE503E5DDE503F59DE50A1
:1033E0004059DE504159D8A010D0020E3E6F000E59
:1033F0003F6F000E406F000E416F3D513C113B117D
:1034000004E1020E3A5DD8A028D72BC60AF62CC6D6
:103410000BF63EC60CF63FC60DF640C60EF641C68C
:103420000FF666ECA0F00AC644F60BC645F60CC6CD
:1034300046F60DC647F6060144514511461147119F
:10344000D8B41DD04405451146114711D8B4D8D67B
:10345000442907E1452905E1462903E14729D8B474
:10346000CFD63A513E19ABE13B513F19A8E13C514F
:103470004019A5E13D514119D8B4EFD6A0D742C6B5
:103480000AF643C60BF63EC60CF63FC60DF640C61E
:103490000EF641C60FF6FF0E106FFF0E116FFF0EF6
:1034A000126FFF0E136FD6EC9AF0396F3951D8A412
:1034B0001DD02D512E112F113011D8B417D042C666
:1034C0000AF643C60BF62DC60CF62EC60DF62FC611
:1034D0000EF630C60FF63EC610F63FC611F640C6D1
:1034E00012F641C613F6D6EC9AF0396F3951D8A4CA
:1034F00044D020EE0CF04251D9264351DA223EC688
:10350000DEF43FC6DEF440C6DEF441C6DEF420EE53
:1035100010F04251D9264351DA2210EE14F04251F4
:10352000E1264351E222FE0EE624356FFF0EE6202F
:10353000366FFF0EE620376FFF0EE620386FDE5045
:10354000355DDE503659DE503759DE503859D8A037
:103550000BD020EE10F04251D9264351DA22DE067C
:10356000000EDE5ADE5ADE5A20EE05F04251D92610
:103570004351DA22000EDB8010D03905D8B409D0CF
:10358000010E3E6F000E3F6F000E406F000E416F48
:1035900004D03E693F69406941693EC62BF63FC68B
:1035A0002CF640C62DF641C62EF61200020E2A6FEA
:1035B0000F510E110D1104E1020E0C5DD8A0F4D1D3
:1035C00020EE14F00A51D9260B51DA22DE500C5DA0
:1035D000DE500D59DE500E59DE500F59D8A0D6D10D
:1035E000E3D10CC628F60DC629F6D8902931156FFF
:1035F0002831146F14512827155129230AC600F6C3
:103600000BC601F620EE20F00A51D9260B51DA2222
:10361000DEC414F6DEC415F6DEC416F6DEC417F6F4
:1036200028C618F629C619F6090E1A6FD89019334C
:1036300018331A2FFBD718511425026F1951152171
:10364000036F000E1621046F000E1721056F7AEC30
:10365000C4F006012A6F2A51D8A4A6D1FF0E28155E
:10366000146F010E2915156F14510A25166F155187
:103670000B21176F300E1625266F000E1721276FAE
:10368000284B292B0CB103D010C622F60FD010C640
:1036900014F6143BF00E141726C6D9F427C6DAF434
:1036A000DF500F0B1411156F1551226F236B26C6B7
:1036B000D9F427C6DAF422C6DFF420EE04F00A516A
:1036C000D9260B51DA22010EDF6E0AC600F60BC6B0
:1036D00001F620EE20F00A51D9260B51DA22DEC481
:1036E00014F6DEC415F6DEC416F6DEC417F628C6D8
:1036F00018F629C619F6090E1A6FD890193318331F
:103700001A2FFBD718511425026F19511521036F79
:10371000000E1621046F000E1721056F7AECC4F01D
:1037200006012A6F2A51D8A43FD1FF0E2815146F25
:10373000010E2915156F14510A25166F15510B210D
:10374000176F300E1625266F000E1721276F0CB14C
:103750000ED011C614F60F0E141726C6D9F427C6BC
:10376000DAF4DF50F00B1411156F155112D010C69A
:1037700014F611C615F612C616F613C617F6050E80
:1037800005D0D8901733163315331433E82EF9D7F4
:103790001451246F256B26C6D9F427C6DAF424C643
:1037A000DFF4EBD00AC600F60BC601F620EE20F0DF
:1037B0000A51D9260B51DA22DEC414F6DEC415F6FE
:1037C000DEC416F6DEC417F60D51186F0E51196FD0
:1037D0000F511A6F1B6B14511825026F15511921C7
:1037E000036F16511A21046F17511B21056F7AECD4
:1037F000C4F006012A6F2A51D8A4D6D00CC614F6FC
:103800000DC615F6D89014371537FF0E1415166F20
:10381000010E1515176F16510A25186F17510B2138
:10382000196F300E1825016E000E1921026E10C698
:1038300003F511C604F52DECCFF006019ED00AC6A3
:1038400000F60BC601F620EE20F00A51D9260B51E6
:10385000DA22DEC414F6DEC415F6DEC416F6DEC4C3
:1038600017F60CC618F60DC619F60EC61AF60FC6D0
:103870001BF6080E05D0D8901B331A3319331833B2
:10388000E82EF9D714511825026F15511921036F2D
:1038900016511A21046F17511B21056F7AECC4F0E1
:1038A00006012A6F2A51D8A47FD00CC614F60DC683
:1038B00015F6D89014371537D89014371537FF0EF2
:1038C0001415166F010E1515176F16510A25186F6E
:1038D00017510B21196F300E1825016E000E19219A
:1038E000026E35ECC5F0000E01141A6F000E0214C2
:1038F0001B6F000E03141C6FF00E04141D6FFF0EDF
:1039000010151E6FFF0E11151F6FFF0E1215206F81
:103910000F0E1315216F1A511E11106F1B511F111D
:10392000116F1C512011126F1D512111136F0CC604
:1039300014F60DC615F6D89014371537D8901437ED
:103940001537FF0E1415166F010E1515176F16514A
:103950000A25186F17510B21196F300E1825016EAB
:10396000000E1921026E10C603F511C604F512C629
:1039700005F513C606F56AECCBF020EE04F00A510B
:10398000D9260B51DA22010EDF6E0ED00AC6D9F409
:103990000BC6DAF4DF50010AD8B423D6030AD8B430
:1039A00001D7010AD8B44BD72A5112007D0EAF6F50
:1039B000070EB06FF40EB16FFF0EB26FAFECBDF03B
:1039C0000009D8B40DD08E0E05019A6FFD0E9B6FC5
:1039D00055ECCFF0FF0E0701C06FFD0EBF6F120058
:1039E000000E0701CF6F000ECE6FCC69CD697D0E42
:1039F00006016F6F070E706F000E716F000E726F11
:103A000044ECC6F048D0AE0E016E070E026EAE0E4C
:103A1000036EFF0E046E000E066E080E056EEBECD4
:103A2000C7F001500210D8B412D0AE0E016E070ECE
:103A3000026EC90E036EFF0E046E000E066E070EB8
:103A4000056EEBECC7F001500210D8A424D09C0EF8
:103A500005019A6FFF0E9B6FCEC79CF5CFC79DF5F2
:103A6000AE0E9E6F070E9F6F55ECCFF0AE0E016E3F
:103A7000070E026EAE0E036EFF0E046ED3ECCBF09B
:103A800001500210D8A404D0CEC7CCF7CFC7CDF7D1
:103A90000701CE4BCF2B7D0E06016F6F070E706FA7
:103AA000A50E716F070E726F44ECC6F00009D8A422
:103AB00004D00701AE51D8A4A6D70701CFBF9DD02F
:103AC000CF5104E1020ECE5DD8A097D0A50E05011E
:103AD0009A6FFF0E9B6F55ECCFF0F5ECCFF00150D5
:103AE0000701D06F2F0ED06516D03A0ED06113D0DB
:103AF000D00ED025C16FC26BFF0EC223CE51C15D67
:103B0000CF51C259D8B007D0D00ED025CC6FCD6BD5
:103B1000FF0ECD230AD00D0ED019D8B404D00A0E52
:103B2000D019D8A4DAD7CDBFD8D7C70E05019A6F60
:103B3000FE0E9B6FCCC79CF5CDC79DF555ECCFF025
:103B40007D0E06016F6F070E706F000E716F000E15
:103B5000726F44ECC6F0000E0701CF6F000ECE6FFF
:103B60002ED0AE0E016E070E026EAE0E036EFF0E6D
:103B7000046E000E066E080E056EEBECC7F00150E9
:103B80000210D8B412D0AE0E016E070E026EC90E2E
:103B9000036EFF0E046E000E066E070E056EEBEC54
:103BA000C7F001500210D8A40AD00701CE51CC1999
:103BB00004E1CF51CD19D8B414D0CE4BCF2B7D0E0C
:103BC00006016F6F070E706FA50E716F070E726F93
:103BD00044ECC6F00009D8A404D00701AE51D8A423
:103BE000C0D7190E05019A6FFF0E9B6FAE0E9C6F2A
:103BF000070E9D6F55ECCFF00AD0AE0E016E070E8A
:103C0000026EAE0E036EFF0E046E8BECCEF07D0ED8
:103C10000501B16F070EB26F03ECCFF0000E070184
:103C2000CA6F000EC96F79D0C951410FCB6FBC0E5E
:103C3000C76F170EC86FC7C79AF5C8C79BF5700E38
:103C400005019C6FFF0E9D6FAE0E9E6F070E9F6F5E
:103C5000CBC7A0F5A16BDAECCCF01FC701F520C7EC
:103C600002F5020E046E220E036E68ECCFF0C00E59
:103C700001240701C56F080E0220C66FC5C7AFF645
:103C8000C6C7B0F6C7C7B1F6C8C7B2F6030E06017D
:103C9000B36FA4EC8FF00009D8A43CD0390E050115
:103CA0009A6FF80E9B6FAE0E9C6F070E9D6FCBC781
:103CB0009EF59F6BCBC7A0F5A16B55ECCFF01FC74E
:103CC00001F520C702F5020E046E220E036E68ECA9
:103CD000CFF0C00E01240701C16F080E0220C26F91
:103CE000800EC36F080EC46F020EC327000EC423DC
:103CF000D890C935D96ECA35DA6ED890D936DA3649
:103D0000C351D926C451DA22C1C7DEF4C2C7DDF4DB
:103D10001F4B202B0701C94BCA2BCA510CE1100EB7
:103D2000C95DD8B008D020BF7FD7205104E1060E6E
:103D30001F5DD8A079D7080182518311D8A40DD076
:103D4000600E05019A6FFF0E9B6F55ECCFF0FF0ED2
:103D50000701C06FFC0EBF6F1200000E0701C06F9D
:103D6000000EBF6F120048C6D9F449C6DAF4DEC4AB
:103D70005CF6DDC45DF620EE0EF04851D9264951BF
:103D8000DA22DEC44CF6DEC44DF6DEC44EF6DEC4E6
:103D90004FF6200E4C25586F000E4D21596F000E26
:103DA0004E215A6F000E4F215B6F5B5104E1200ED4
:103DB0005A5DD8A00AD020EE16F04851D9264951B4
:103DC000DA22DE6ADE6ADE6ADD6A20EE16F048512B
:103DD000D9264951DA22DE50DE10DE10DE10D8A4DA
:103DE00002D0040E1200FF0E58154C6F010E59152B
:103DF0004D6F000E5A154E6F000E5B154F6F4C51F4
:103E00004D114E114F11D8A437D120EE16F0485164
:103E1000D9264951DA22DE2A000EDE22DE22DE22F7
:103E200020EE12F04851D9264951DA22DE50DE1038
:103E3000DE10DE10D8A42CD020EE08F05C51D9267C
:103E40005D51DA22DEC44CF6DDC44DF64C514E6FA6
:103E50004D514F6F506B516B58C652F659C653F6C1
:103E60005AC654F65BC655F6060E05D0D8905533A3
:103E7000543353335233E82EF9D74E51525D4F51DC
:103E800053595051545951515559D8A0F5D079D062
:103E900020EE0AF05C51D9265D51DA22DEC44CF6E0
:103EA000DDC44DF6FF0E4C254E6FFF0E4D214F6FBA
:103EB00058C650F659C651F65AC652F65BC653F666
:103EC0000A0E05D0D8905333523351335033E82E75
:103ED000F9D74E515015546F4F515115556F000E73
:103EE0005215566F000E5315576F545155115611F8
:103EF0005711D8A4C1D048C60AF649C60BF620EE21
:103F000012F04851D9264951DA22DEC40CF6DEC43B
:103F10000DF6DEC40EF6DEC40FF666ECA0F00AC69F
:103F20005EF60BC65FF60CC660F60DC661F60601BE
:103F3000615160115F1106E1020E5E5DD8B002D0E2
:103F4000020E12005E2909E15F2907E1602905E1FF
:103F50006129D8A402D0010E120020EE14F05C51A9
:103F6000D9265D51DA22DE505E5DDE505F59DE50AB
:103F70006059DE506159D8A053D04A514B11D8A492
:103F80000BD020EE16F04851D9264951DA22DE6ACC
:103F9000DE6ADE6ADD6A25D748C62BF649C62CF6EE
:103FA00020EE12F04851D9264951DA22DEC42DF60E
:103FB000DEC42EF6DEC42FF6DEC430F694EC98F0A4
:103FC0002BC65EF62CC65FF62DC660F62EC661F6D1
:103FD0005E515F1160116111D8A402D0070E12006A
:103FE0005E055F1160116111D8B4AAD75E2907E19F
:103FF0005F2905E1602903E16129D8B4ACD75CC62B
:1040000000F65DC601F65EC602F65FC603F660C640
:1040100004F661C605F6E7ECBBF00009D8A49BD70F
:10402000060120EE12F04851D9264951DA225EC627
:10403000DEF45FC6DEF460C6DEF461C6DEF45CC6A4
:104040000DF55DC60EF55EC60FF55FC610F560C6D0
:1040500011F561C612F51AECC4F0060120EE16F057
:104060004851D9264951DA220DC5DEF40EC5DEF4D9
:104070000FC5DEF410C5DEF420EE0EF04851D9264F
:104080004951DA2258C6DEF459C6DEF45AC6DEF4C7
:104090005BC6DEF4FF0E58154C6F010E59154D6FBF
:1040A0004C515C254E6F4D515D214F6F300E4E27A8
:1040B000000E4F2320EE1AF04851D9264951DA223A
:1040C0004EC6DEF44FC6DDF4000E12000AC6D9F467
:1040D0000BC6DAF4DEC422F6DDC423F60F510E114E
:1040E0000D1104E1020E0C5DD8A010D020EE14F0EA
:1040F0002251D9262351DA22DE500C5DDE500D59B3
:10410000DE500E59DE500F59D8A008D0010E1A6F9C
:10411000000E1B6F000E1C6F000E6DD11A691B691B
:104120001C691D696AD10CC620F60DC621F6D8900F
:104130002131116F2031106F10512027115121238F
:1041400022C600F623C601F620EE20F02251D92621
:104150002351DA22DEC410F6DEC411F6DEC412F6F4
:10416000DEC413F620C614F621C615F6090E166F26
:10417000D89015331433162FFBD714511025026F26
:1041800015511121036F000E1221046F000E13212F
:10419000056F7AECC4F00009D8A43ED1FF0E0601E9
:1041A0002015106F010E2115116F10512225126F6D
:1041B00011512321136F300E1225D96E000E1321D9
:1041C000DA6EDF50146F14511E6F1F6B204B212BC2
:1041D00022C600F623C601F620EE20F02251D92691
:1041E0002351DA22DEC410F6DEC411F6DEC412F664
:1041F000DEC413F620C614F621C615F6090E166F96
:10420000D89015331433162FFBD714511025026F95
:1042100015511121036F000E1221046F000E13219E
:10422000056F7AECC4F00009D8A4F6D0FF0E0601A1
:104230002015106F010E2115116F10512225126FDC
:1042400011512321136F300E1225D96E000E132148
:10425000DA6EDF50146F1451166F156B15511E1363
:1042600016511F130CB107D0FF0E1E15186F0F0E3D
:104270001F15196F0FD01EC610F61FC611F6040EBB
:10428000126FD89011331033122FFBD710C618F6C7
:1042900011C619F618C61AF619C61BF64BD022C657
:1042A00000F623C601F620EE20F02251D926235134
:1042B000DA22DEC410F6DEC411F6DEC412F6DEC465
:1042C00013F60D51146F0E51156F0F51166F176BBA
:1042D00010511425026F11511521036F125116212F
:1042E000046F13511721056F7AECC4F00009D8A4AC
:1042F00093D00CC610F60DC611F6D89006011037F3
:104300001137FF0E1015126F010E1115136F125198
:104310002225146F13512321156F300E1425016EC1
:10432000000E1521026E37ECCEF001C51AF602C55B
:104330001BF606011C6B1D6B6FD022C600F623C650
:1043400001F620EE20F02251D9262351DA22DEC4D4
:1043500010F6DEC411F6DEC412F6DEC413F60CC687
:1043600014F60DC615F60EC616F60FC617F6080E8D
:1043700005D0D8901733163315331433E82EF9D7F8
:1043800010511425026F11511521036F125116217E
:10439000046F13511721056F7AECC4F00009D8A4FB
:1043A0003BD00CC610F60DC611F60601D89010379A
:1043B0001137D89010371137FF0E1015126F010EFC
:1043C0001115136F12512225146F13512321156FEC
:1043D000300E1425016E000E1521026E35ECC5F06D
:1043E000FF0E01141A6FFF0E02141B6FFF0E031451
:1043F0001C6F0F0E04141D6F0FD022C6D9F423C6F4
:10440000DAF4DF50010AD8B48ED6030AD8B447D7FD
:10441000010AD8B492D77AD61AC60AF61BC60BF68A
:104420001CC60CF61DC60DF612000450800B0D6E56
:1044300004500424136E03BE13801350D8B40DD05F
:104440001328D8A408D0000E016E000E026E000ED4
:10445000036E000E046E038E08D0000E016E000E77
:10446000026E000E036E000E046E0850800B0D1AD3
:10447000085008240E6E07BE0E800E50D8B40DD022
:104480000E28D8A408D0000E056E000E066E000E91
:10449000076E000E086E078E08D0000E056E000E27
:1044A000066E000E076E000E086E0E50D8B403D0D4
:1044B0001350D8A409D0000E016E000E026E000E3B
:1044C000036E000E046E120007500102F3C418F5CB
:1044D000F4C419F518500F6E106A116A126A195057
:1044E000146E156A166A176A06500202F3C418F5AC
:1044F000F4C419F518500F26000E102211221222B2
:1045000019501426000E15221622172205500302F8
:10451000F3C418F5F4C419F518500F26000E102234
:104520001122122219501426000E152216221722CB
:1045300011C512F510C511F50FC510F50F6A05501C
:104540000202F3C418F5F4C419F518500F261950D7
:104550001022000E1122000E122206500102F3C496
:1045600018F5F4C419F518500F2619501022000E32
:104570001122000E122211C512F510C511F50FC53A
:1045800010F50F6A05500102F3C418F5F4C419F5CB
:1045900018500F2619501022000E1122000E122260
:1045A00007500202F3C418F5F4C419F51850142684
:1045B00019501522000E1622000E17220650030273
:1045C000F3C418F5F4C419F518501426195015221F
:1045D000000E1622000E172207500302F3C418F52E
:1045E000F4C419F51850096E19500A6E0B6A0C6A5A
:1045F0000BC50CF50AC50BF509C50AF5096A095082
:1046000014260A5015220B5016220C501722125055
:104610001426000E15221622172211C512F510C5F8
:1046200011F50FC510F50F6A0E5013C509F50A6A8A
:104630000926000E0A22820E0924186EFF0E0A2097
:10464000196E0FD0D890143615361636173612BE9E
:104650001480D8900F361036113612361806D8A0AE
:10466000190616AEEFD7000E0E6E12AE17D0FF0E63
:104670000F14096EFF0E10140A6EFF0E11140B6E4C
:104680007F0E12140C6E09500A100B100C10D8B4C7
:1046900003D0010E0E6E02D014B0FBD70E50D8B46A
:1046A0001FD0010E1426000E15221622172217A065
:1046B00017D014C509F515C50AF516C50BF517C5AC
:1046C0000CF50C340C320B320A32093209C514F5E0
:1046D0000AC515F50BC516F50CC517F5184A192AA4
:1046E00019BE0DD0195003E11828D8A008D0000E2B
:1046F000146E000E156E800E166E7F0E20D019BE41
:1047000005D019500EE11804D8B00BD0000E146E6D
:10471000000E156E000E166E000E176E000E0D6E5A
:104720000FD018C513F5FF0E1416FF0E15167F0EC9
:104730001616000E171613B0168ED8901330176E7B
:104740000D50171214C501F515C502F516C503F570
:1047500017C504F512000450800B0D6E045004249C
:104760000F6E03BE0F800F50D8B40DD00F28D8A401
:1047700008D0000E016E000E026E000E036E000ED9
:10478000046E038E06D0000E016E000E026E000E47
:10479000036E000E046E0850800B0E6E0D500E1846
:1047A000D8A40D8C085008240E6E07BE0E800E5043
:1047B000D8B40DD00E28D8A408D0000E056E000E77
:1047C000066E000E076E000E086E078E06D0000EF5
:1047D000056E000E066E000E076E000E086E0F507E
:1047E0000E5CD8B022D00DAC02D0800E0D1A0FC5D1
:1047F00010F50EC50FF510C50EF501C510F505C570
:1048000001F510C505F502C510F506C502F510C580
:1048100006F503C510F507C503F510C507F504C572
:1048200010F508C504F510C508F5000E106E0F5000
:104830000EC509F50A6A095E000E0A5A0ABE2CD096
:104840000A5004E11A0E095CD8A026D001500210CB
:1048500003100410D8B402D0010E01D0000E106E67
:10486000000E016E000E026E000E036E000E046E4E
:104870000EC50FF515D010A005D0D8901030010945
:10488000106E02D0D890103201B0108E0434043271
:104890000332023201320F2A0E500F5CD8A0EBD740
:1048A0000DBC28D00F50D8A409D0000E016E000E08
:1048B000026E000E036E000E046E120005500126FB
:1048C00006500222075003220850042204A071D08F
:1048D00010A005D0D89010300109106E02D0D890E9
:1048E000103201B0108E043404320332023201322D
:1048F0000F2A5FD00550015C06500258075003583C
:104900000450800A096E0850800A0958D8B025D092
:104910000150055C096E025006580A6E0350075894
:104920000B6E045008580C6EFF0E0924016EFF0E2A
:104930000A20026EFF0E0B20036EFF0E0C20046E89
:10494000800E0D1A106C1050D8A40FD0010E012645
:10495000000E02220322042208D00550015E0650F8
:10496000025A0750035A0850045A0150021003100B
:104970000410D8A41CD01050D8A419D0000E016E79
:10498000000E026E000E036E000E046E1200D89030
:10499000013602360336043610BE018010A002D064
:1049A000D88001D0D89010360F50D8A40F0603AE8F
:1049B000EED7000E0E6E10AE0BD010C509F57F0EAF
:1049C0000916D8B403D0010E0E6E02D001B0FBD789
:1049D0000E50D8B420D0010E0126000E0222032270
:1049E000042204A018D001C509F502C50AF503C5C3
:1049F0000BF504C50CF50C340C320B320A320932BB
:104A000009C501F50AC502F50BC503F50CC504F58A
:104A10000F28D8A40F2A0F28D8B403D00F50D8A439
:104A20000DD0000E016E000E026E000E036E000E21
:104A3000046E0F50D8A402D0000E0D6E0FA002D04D
:104A4000038E01D0039ED8900F30046E0DBE048EED
:104A500001C501F502C502F503C503F504C504F55A
:104A6000120024C6D9F425C6DAF4DEC43CF6DDC44F
:104A70003DF629510AE1200E285DD8B006D026C6A1
:104A80002AF61F0E2A17D8B402D0020E120020EE0A
:104A90000EF02451D9262551DA2226C6DEF427C687
:104AA000DEF428C6DEF429C6DEF420EE06F024513A
:104AB000D9262551DA22DEC438F6DEC439F6DEC442
:104AC0003AF6DEC43BF6385139113A113B11D8A4FD
:104AD00015D03CC6D9F43DC6DAF4020EDF640ED020
:104AE00020EE24F03C51D9263D51DA22DEC438F6BE
:104AF000DEC439F6DEC43AF6DEC43BF6385139116D
:104B00003A113B11D8A440D020EE08F03C51D926F0
:104B10003D51DA22DEC42AF6DDC42BF62A512C6F71
:104B20002B512D6F2E6B2F6B26C630F627C631F614
:104B300028C632F629C633F6060E05D0D890333390
:104B4000323331333033E82EF9D72C51305D2D51CB
:104B500031592E5132592F513359D8B096D720EEB2
:104B600024F03C51D9263D51DA2210EE16F02451A2
:104B7000E1262551E222DEC4E6F4DEC4E6F4DEC41A
:104B8000E6F4DEC4E6F48AD020EE0AF03C51D926E1
:104B90003D51DA22DEC42AF6DDC42BF62A512C6FF1
:104BA0002B512D6F2E6B2F6B090ED8902C372D3774
:104BB0002E372F37E82EF9D72CC634F62DC635F60A
:104BC0002EC636F62FC637F642D024C60AF625C6BC
:104BD0000BF638C60CF639C60DF63AC60EF63BC6CD
:104BE0000FF666ECA0F00AC638F60BC639F60CC60E
:104BF0003AF60DC63BF60601382909E1392907E1E5
:104C00003A2905E13B29D8A402D0010E12003B51FC
:104C10003A11391104E1020E385DD8A036D720EEE2
:104C200014F03C51D9263D51DA22DE50385DDE5079
:104C30003959DE503A59DE503B59D8B026D7345155
:104C4000265F3551275B3651285B3751295B34513C
:104C5000265D355127593651285937512959D8B031
:104C6000B4D73CC60DF53DC60EF538C60FF539C6AE
:104C700010F53AC611F53BC612F51AECC4F0060160
:104C800020EE16F02451D9262551DA220DC5DEF486
:104C90000EC5DEF40FC5DEF410C5DEF420EE12F012
:104CA0002451D9262551DA2238C6DEF439C6DEF47D
:104CB0003AC6DEF43BC6DEF420EE16F02451D926C7
:104CC0002551DA22DE50DE10DE10DE10D8B4DDD63B
:104CD00026C62AF627C62BF628C62CF629C62DF698
:104CE0000A0E05D0D8902D332C332B332A33E82EDF
:104CF000F9D720EE16F02451D9262551DA222A516F
:104D0000DE262B51DE222C51DE222D51DE22FF0E1B
:104D100026152A6F010E27152B6F2A513C252C6F63
:104D20002B513D212D6F300E2C27000E2D2320EE10
:104D30001AF02451D9262551DA222CC6DEF42DC6CC
:104D4000DDF4000E1200FB0E026E200E016EC0ECB0
:104D5000CFF007012B6FFB0E026E210E016EC0EC2F
:104D6000CFF007012A6F000E1B150601736FFF0EAF
:104D700007011C150601746FFB0E026E220E016EF8
:104D8000C0ECCFF00601756F7551731107011B6FF1
:104D90000601745107011C6FFB0E026E230E016E9B
:104DA000C0ECCFF00701296FFB0E026E240E016EDE
:104DB000C0ECCFF00701286F100E2B610CD02B51E7
:104DC000040D820EF324D96E080EF420DA6EDE5044
:104DD000DE10D8A40ED02B0E05019A6FFF0E9B6F2C
:104DE0002BC79CF59D6B55ECCFF0010E0701DB6FD7
:104DF00012002AC701F5026A2B51040D800EF3241C
:104E0000D96E080EF420DA6EDEC403F5DDC404F5B5
:104E100068ECCFF007011B5101261C510222FF0E46
:104E200001240601736FFF0E0220746F73C67BF6B8
:104E300074C67CF67D6B7E6B07012B51040D820ED0
:104E4000F324D96E080EF420DA6EDEC47FF6DDC4DA
:104E500080F67FC648F680C649F67BC673F67CC6E8
:104E600074F67DC675F67EC676F6070ED8900601F6
:104E70007337743775377637E82EF8D773C64AF626
:104E800074C64BF675C64CF676C64DF657EC8CF0EC
:104E9000816F8151D8B40BD0A10E05019A6FFE0E1F
:104EA0009B6F81C69CF59D6B55ECCFF09ED7520E43
:104EB00007012C19D8A44BD07FC624F680C625F64E
:104EC000000E0601266F080E276F000E296F800E58
:104ED000286F820E2A6F060E2B6FB3EC92F0816F53
:104EE0008151D8A405D0800E82198311D8B40FD077
:104EF000E40E05019A6FFC0E9B6F81C69CF59D6BBD
:104F000082C69EF583C69FF555ECCFF06ED7000E96
:104F10000701DB6F28510601736F07012951060154
:104F2000776F73C678F677C601F578C602F5000E7E
:104F3000036E080E046E000E066E800E056E4FECBA
:104F4000CAF0000E0701196F000E1A6F1200530EFF
:104F50002C19D8A4120028510601736F070129519A
:104F60000601796F73C67AF679C601F57AC602F53D
:104F7000000E036E080E046E000E066E800E056EA7
:104F800060ECCCF07FC648F680C649F6000E0601FC
:104F90004A6F080E4B6F000E4D6F800E4C6F820EE5
:104FA0004E6F060E4F6FDBEC88F0816F8151D8A4F5
:104FB00005D0800E82198311D8B40FD0C40E05011C
:104FC0009A6FFC0E9B6F81C69CF59D6B82C69EF509
:104FD00083C69FF555ECCFF008D77FC60AF680C68A
:104FE0000BF62AECB1F00601816F8151D8B40BD0D9
:104FF000B70E05019A6FFE0E9B6F81C69CF59D6BE7
:1050000055ECCFF0F2D6000E0701DB6F9AD70BC537
:10501000D9F40CC5DAF4DEC415F5DDC416F51C0EA2
:105020000924196E000E0A201A6E19C501F51AC559
:1050300002F5000E046E200E036E000E066E0B0EBF
:10504000056EEDECCEF0000E1C6E000E1B6E1BC547
:1050500017F51CC518F5000E146E080E136E1750C8
:1050600015240D6E185016200E6E0DC5F6F40EC5E3
:10507000F7F4000EF86E240EF76403D00800F55024
:1050800005D0F6C4E9F4F7C4EAF4EF501D6E174AF0
:10509000182A210E1D6001D0C4D02F0E1D18D8B4BF
:1050A00007D05C0E1D18D8B403D037D0174A182A81
:1050B000175015240D6E185016200E6E0DC5F6F4FF
:1050C0000EC5F7F4000EF86E240EF76403D0080046
:1050D000F55005D0F6C4E9F4F7C4EAF4EF502F0A0E
:1050E000D8B4E4D7175015240D6E185016200E6E44
:1050F0000DC5F6F40EC5F7F4000EF86E240EF76435
:1051000003D00800F55005D0F6C4E9F4F7C4EAF47A
:10511000EF505C0AD8A485D0C9D72E0E1D18D8B47C
:1051200006D013501B5C14501C58D8A013D00B0E83
:1051300013181410D8B404D02E0E1D18D8B402D0F1
:10514000060E1200000E1C6E080E1B6E000E146E72
:105150000B0E84D71D5033ECCBF001500210D8B4A5
:1051600040D0175015240D6E185016200E6E0DC528
:10517000F6F40EC5F7F4000EF86E240EF76403D0B3
:105180000800F55005D0F6C4E9F4F7C4EAF4EF508E
:10519000126E174A182A12503AECC8F00150021049
:1051A000D8B4CED7FF0E13240D6EFF0E14200E6E52
:1051B0000D501B5C0E501C58D8B0C2D71B50192480
:1051C000D96E1C501A20DA6E1DC5DFF41B4A1C2A4A
:1051D0001B501924D96E1C501A20DA6E12C5DFF448
:1051E0001DD07F0E016EFF0E026E1DC503F5046A11
:1051F00091ECCDF001500210D8A4A2D7600E1D642E
:1052000005D07B0E1D6002D0200E1D5E1B501924A0
:10521000D96E1C501A20DA6E1DC5DFF41B4A1C2AF9
:105220001ED7175015240D6E185016200E6E0BC584
:10523000D9F40CC5DAF40DC5DEF40EC5DDF41B504F
:105240001C10D8B47DD719C5D9F41AC5DAF4E50E07
:10525000DE18D8A406D019C5D9F41AC5DAF4050E9B
:10526000DF6E200E1D641FD0175015240D6E1850D0
:1052700016200E6E0DC5F6F40EC5F7F4000EF86E8E
:10528000240EF76403D00800F55005D0F6C4E9F405
:10529000F7C4EAF4EF500F6E200E0F6404D0000E36
:1052A000116E000E03D0000E116E040E106E20EE73
:1052B0000BF01950D9261A50DA2210C5DFF4000E6F
:1052C00012001E50800B2B6E1E501E24326E1DBE0F
:1052D00032803250D8B40DD03228D8A408D0000E75
:1052E0001B6E000E1C6E000E1D6E000E1E6E1D8EBF
:1052F00006D0000E1B6E000E1C6E000E1D6E000E02
:105300001E6E2250800B2B1A22502224336E21BE97
:1053100033803350D8B40DD03328D8A408D0000E31
:105320001F6E000E206E000E216E000E226E218E6A
:1053300006D0000E1F6E000E206E000E216E000EB5
:10534000226E1F50201021102210D8A417D0000E5A
:105350001B6E000E1C6E000E1D6E000E1E6E800E6B
:105360001D127F0E1E122B501E121BC51BF51CC5D5
:105370001CF51DC51DF51EC51EF512003250D8A422
:1053800009D0000E1B6E000E1C6E000E1D6E000E6E
:105390001E6E1200335032C523F5246A235E000EC0
:1053A000245A7F0E23242C6E000E24202D6E1BC544
:1053B00027F51CC528F51DC529F51EC52AF5000EC3
:1053C0001B6E000E1C6E000E1D6E000E1E6E000E7B
:1053D0002E6E000E2F6E000E306E000E316E000E1F
:1053E000336E28D03350D8B411D0D8902736283611
:1053F00029362A36D8901B361C361D361E3631BE4D
:105400001B80D8902E362F36303631361F50275C11
:10541000205028582150295822502A58D8A009D065
:10542000318C1F50275E2050285A2150295A225073
:105430002A5A332A190E3364D5D727502810291039
:105440002A10D8B411D02E800FD0D8901B361C361D
:105450001D361E3631BE1B80D8902E362F36303684
:1054600031362C06D8A02D061DAEEFD7000E336EB8
:1054700031AE17D0FF0E2E14236EFF0E2F14246EA4
:10548000FF0E3014256E7F0E3114266E235024102B
:1054900025102610D8B403D0010E336E02D01BB0F5
:1054A000FBD73350D8B41FD0010E1B26000E1C2290
:1054B0001D221E221EA017D01BC523F51CC524F5D6
:1054C0001DC525F51EC526F5263426322532243283
:1054D000233223C51BF524C51CF525C51DF526C59E
:1054E0001EF52C4A2D2A2DBE10D02D5003E12C285C
:1054F000D8A00BD0000E2D6E2C68000E1B6E000E77
:105500001C6E000E1D6E000E1E6E2DBE05D02D50A1
:1055100011E12C04D8B00ED0000E2D6E000E2C6EB2
:10552000000E1B6E000E1C6E000E1D6E000E1E6E19
:10553000000E2B6E2CC532F532A002D01D8E01D08C
:105540001D9ED89032301E6E0ED706C7DDF507C7F8
:10555000DEF5000EDA6F050ED96F000EE06F000E5B
:10556000DF6FE169000ED66F000ED56F15D0DFC575
:1055700001F5E0C502F5E10E036E050E046E000EA6
:10558000066E010E056EEDECC5F001C5DFF502C536
:10559000E0F50501D54BD62BCB51D55DCC51D65975
:1055A000D8A0E5D7DFC501F5E0C502F5CDC503F507
:1055B000CEC504F5CFC505F5D0C506F5EDECC5F0B3
:1055C00001C5DFF502C5E0F5000E0501D86F000E3C
:1055D000D76F15D0DFC501F5E0C502F5E10E036E0A
:1055E000050E046E000E066E010E056EEDECC5F0A4
:1055F00001C5DFF502C5E0F50501D74BD82BCBC5BA
:10560000D1F5CCC5D2F5D11FD21FD14BD22BCF5162
:10561000D15FD051D25B000ED125D36F020ED221C3
:10562000D46FD351D75DD451D859D8A0D3D7C7C5DB
:1056300018F5C8C519F5C9C51AF5CAC51BF5E10E97
:105640001C6E050E1D6E180E46ECC7F018C5DBF576
:1056500019C5DCF50501DB51DC11D8A4AAD0E15154
:10566000D8B404D0000EDC6F030EA2D0FE0EE16FA2
:10567000DDC501F5DEC502F5E10E036E050E046E13
:10568000000E066E010E056EA0ECCBF0DDC50BF52D
:10569000DEC50CF5CBC50DF5CCC50EF58AECCCF00E
:1056A000DDC501F5DEC502F5CDC503F5CEC504F5B2
:1056B000CFC505F5D0C506F5A0ECCBF0DDC50BF5E3
:1056C000DEC50CF5CBC5D1F5CCC5D2F50501D11F92
:1056D000D21FD14BD22BCF51D15FD051D25B000E14
:1056E000D1250D6E020ED2210E6E8AECCCF0E0C5F3
:1056F000E1F5DDC501F5DEC502F5E10E036E050E2F
:10570000046E000E066E010E056EA0ECCBF0DFC538
:10571000E1F5DDC501F5DEC502F5E10E036E050E0E
:10572000046E000E066E010E056EA0ECCBF00B0EA3
:10573000136EB80E126EFF0EBDECCEF00501E16FD8
:10574000E129D8A404D0000EDC6F010E31D0E15164
:105750001F0B050AD8B41DD0E1511F0B0B0AD8A4AA
:1057600081D7D907D8A0DA07DABF05D0DA5107E127
:10577000D905D8B004D0000EDC6F040E19D0750E18
:10578000136E300E126EFF0EBDECCEF018ECCFF0A3
:105790004ED7750E136E300E126E000EBDECCEF0AD
:1057A0000501E16FE151D8B4CED7000EDC6F000ED9
:1057B000DB6F18ECCFF0DBC5C7F5DCC5C8F5120010
:1057C00057ECC3F0D5ECCDF0A90E9A6FFD0E9B6F90
:1057D00055ECCFF072ECB6F0040146AF4AD043511D
:1057E000016E4451026E4551036E046A3D0E056E12
:1057F000000E066E000E076E000E086E35ECCCF043
:10580000D890043203320232013201C50DF502C5CF
:105810000EF503C50FF504C510F5000E0DECBAF03A
:105820000DC51BF50EC51CF50FC51DF510C51EF5E4
:10583000000E1F6E240E206E740E216E490E226E15
:1058400061ECA9F01BC5D1F71CC5D2F71DC5D3F774
:105850001EC5D4F7EE0E05019A6FFA0E9B6FD1C7E5
:105860009CF5D2C79DF5D3C79EF5D4C79FF555ECDF
:10587000CFF0CE0E05019A6FFB0E9B6F55ECCFF06B
:10588000C3ECCAF08C0E0601AF6F150EB06FF10EAF
:10589000B16FFF0EB26F010EB36FC0ECC1F0000923
:1058A000D8B408D0580E05019A6FFD0E9B6F55ECC9
:1058B000CFF0FFD7D6EC9CF0C0BFFFD7000E026E32
:1058C000000E016EB80E036EF40E046E030E066E2B
:1058D0004A0E056E4FECCAF0E2ECC0F00AD0000EA2
:1058E000CB6EC2900001D785D795CEAAFED7CB68E4
:1058F000C280000EE06E0001D4B1FDD7CFC42CF7FA
:10590000D0AA0FD05CD0D3C4C9F27AD0880E0501DA
:105910009A6FFB0E9B6F2CC79CF59D6B55ECCFF0DF
:105920006FD007012C51000AD8B4EDD7010AD8A4D2
:10593000EDD766D0000EB7B0010E020DF350B7B22E
:10594000010FC36ECCD7C7C2C3F4C284C8D7DBC7AC
:10595000C3F4C5D7C2900001D785D795D0ECCFF05E
:10596000A3ECA6F0EEECCFF0C3D7C2900001D78530
:10597000D795D0ECCFF0E40E026E000E016E4F0E04
:10598000036ED90E046E160E066E000E056E4FECF9
:10599000CAF0E8D7C2900001D785D795D0ECCFF0F8
:1059A000FA0E026E000E016E820E036EEF0E046E92
:1059B000050E066E360E056E4FECCAF0D3D7070102
:1059C0002C51000AD8B4BFD7010AD8B4B3D7470ABC
:1059D000D8B4CBD7010AD8B4DDD7090AD8B4B7D721
:1059E0001C0AD8B4B7D7010AD8B4B4D7AD0E050194
:1059F0009A6FFB0E9B6F2CC79CF59D6B55ECCFF0FF
:105A00000001D785D79575D703C50DF504C50EF5EB
:105A100005500610D8B4120006C583F005C582F003
:105A200005C507F5070E0716D8A410D005C507F55C
:105A300006C508F5D89008320732D89008320732E8
:105A4000D890083207320804D8A026D00001816916
:105A5000000E0A6E010E096E0ED000018169B1A020
:105A6000FED70DC5D9F40EC5DAF480C0DFF40D4AB7
:105A70000E2A094A0A2A0550095C06500A58D8A07D
:105A8000ECD7B1A0FED70DC5D9F40EC5DAF480C0AD
:105A9000DFF40D4A0E2A1200000181698169B1A06C
:105AA000FED70DC5D9F40EC5DAF480C0DFF40D4A77
:105AB0000E2A00018169B1A0FED70DC5D9F40EC52B
:105AC000DAF480C0DFF40D4A0E2A00018169B1A02A
:105AD000FED70DC5D9F40EC5DAF480C0DFF40D4A47
:105AE0000E2A00018169B1A0FED70DC5D9F40EC5FB
:105AF000DAF480C0DFF40D4A0E2A00018169B1A0FA
:105B0000FED70DC5D9F40EC5DAF480C0DFF40D4A16
:105B10000E2A00018169B1A0FED70DC5D9F40EC5CA
:105B2000DAF480C0DFF40D4A0E2A00018169B1A0C9
:105B3000FED70DC5D9F40EC5DAF480C0DFF40D4AE6
:105B40000E2A05C507F506C508F5D89008320732B4
:105B5000D89008320732D8900832073207500B6EBF
:105B6000010E0C6E61D000018169B1A0FED70DC598
:105B7000D9F40EC5DAF480C0DFF40D4A0E2A000114
:105B80008169B1A0FED70DC5D9F40EC5DAF480C085
:105B9000DFF40D4A0E2A00018169B1A0FED70DC5C0
:105BA000D9F40EC5DAF480C0DFF40D4A0E2A0001E4
:105BB0008169B1A0FED70DC5D9F40EC5DAF480C055
:105BC000DFF40D4A0E2A00018169B1A0FED70DC590
:105BD000D9F40EC5DAF480C0DFF40D4A0E2A0001B4
:105BE0008169B1A0FED70DC5D9F40EC5DAF480C025
:105BF000DFF40D4A0E2A00018169B1A0FED70DC560
:105C0000D9F40EC5DAF480C0DFF40D4A0E2A000183
:105C10008169B1A0FED70DC5D9F40EC5DAF480C0F4
:105C2000DFF40D4A0E2A0C2A0B500C5CD8A09BD72F
:105C3000B1B029D7FDD720EE04F00A51D9260B5177
:105C4000DA22DF6A20EE2CF00A51D9260B51DA2233
:105C5000FF0EDE6EFF0EDE6EFF0EDE6EFF0EDD6EE1
:105C60000AC600F60BC601F60CC602F60DC603F610
:105C70000EC604F60FC605F67AECC4F00009D8B4D7
:105C800006D0000E06010B6F040E0A6F12002E0ED6
:105C900006010A25016E020E0B21026E37ECCEF0D2
:105CA00001C513F602C514F6060120EE30F00A51C4
:105CB000D9260B51DA22DF50176FEB0E1719D8B423
:105CC00008D0E90E1719D8B404D0E80E1719D8A4D3
:105CD000ADD0550E13191EE1AA0E1419D8A41AD06E
:105CE000820E0A25016E000E0B21026EB70E036EA6
:105CF000FF0E046E000E066E080E056E9AECC6F0DE
:105D000001500210D8A406D0000E06010B6F000E41
:105D10000A6F12003B0E06010A25016E000E0B21D0
:105D2000026E37ECCEF001C515F602C516F6060177
:105D300020EE3DF00A51D9260B51DA22DF50176FC1
:105D4000FF0E1525106FFF0E1621116F155110173C
:105D50001651111710511111D8A468D0020E165DFA
:105D6000D8A064D01505020E1659D8B05FD01751CF
:105D7000D8B45CD0170517150009D8A457D03E0E2B
:105D80000A25016E000E0B21026E37ECCEF0015099
:105D90000210D8B44BD0060120EE40F00A51D926AB
:105DA0000B51DA22DF50106FFF0E1025116F126BAE
:105DB000FF0E122312513AE1020E115DD8B036D017
:105DC000410E0A25016E000E0B21026E37ECCEF05B
:105DD00001500210D8B42AD0430E06010A25016EE4
:105DE000000E0B21026E37ECCEF0025012E1800E55
:105DF000015CD8B00ED0500E06010A25016E000ECF
:105E00000B21026E35ECC5F0045003E10304D8A069
:105E10000DD0460E06010A25016E000E0B21026E02
:105E200037ECCEF001500210D8A46ED7550E060103
:105E3000131904E1AA0E1419D8B405D0000E0B6F83
:105E4000030E0A6F1200000E0B6F020E0A6F120093
:105E500006C7DFF507C7E0F5000EDA6F050ED96F4C
:105E6000C7C518F5C8C519F5C9C51AF5CAC51BF5C2
:105E7000E30E1C6E050E1D6E110E46ECC7F018C524
:105E8000DDF519C5DEF50501DD51DE11D8A4DFD041
:105E9000E351D8B404D0000EDE6F030ED7D00B0E42
:105EA000136EB80E126EFF0EBDECCEF00501E36F5F
:105EB000E329D8A404D0000EDE6F010EC7D0FE0E79
:105EC000E319D8A4E8D7000EE26F000EE16F000ED0
:105ED000D66F000ED56F20D0DFC50FF5E0C510F5E9
:105EE0008DECCFF00501E36F07010AA112D0E1C5E7
:105EF00001F5E2C502F5E30E036E050E046E000E19
:105F0000066E010E056EEDECC5F001C5E1F502C5AA
:105F1000E2F50501D54BD62BCB51D55DCC51D659E9
:105F2000D8A0DAD7DFC501F5E0C502F5CDC503F588
:105F3000CEC504F5CFC505F5D0C506F504ECADF02A
:105F400007010AA112D0E1C501F5E2C502F5CDC5F0
:105F500003F5CEC504F5CFC505F5D0C506F5EDECC6
:105F6000C5F001C5E1F502C5E2F5000E0501D86FE7
:105F7000000ED76F20D0DFC50FF5E0C510F58DEC12
:105F8000CFF00501E36F07010AA112D0E1C501F5C9
:105F9000E2C502F5E30E036E050E046E000E066EFA
:105FA000010E056EEDECC5F001C5E1F502C5E2F5A7
:105FB0000501D74BD82BCBC5D1F5CCC5D2F5D11F18
:105FC000D21FD14BD22BCF51D15FD051D25B000E1B
:105FD000D125D36F020ED221D46FD351D75DD451C6
:105FE000D859D8A0C8D7DFC50FF5E0C510F58DEC9E
:105FF000CFF00501DC6FDB6BDFC50FF5E0C510F5F9
:106000008DECCFF00501D16FD151DB1307010AA14F
:1060100019D00501E151DB1904E1E251DC19D8B4D2
:1060200011D0D907D8A0DA07DABF05D0DA5107E1D5
:10603000D905D8B004D0000EDE6F040E07D018ECDE
:10604000CFF00ED7000E0501DE6F000EDD6F18ECED
:10605000CFF0DDC5C7F5DEC5C8F51200BB0E0701E0
:10606000066F070E076FB2C508F7B3C509F70A91A7
:1060700006C7B6F507C7B7F5B6C501F5B7C502F54A
:10608000A4ECCEF0B6C5A6F5B7C5A7F5AEC5A8F584
:10609000AFC5A9F5010E0501AA6F000EAB6F68EC44
:1060A000C0F0B6C505F5B7C506F59EECCFF0B6C590
:1060B0000BF5B7C50CF5000E0E6E0A0E0D6E8AECD0
:1060C000CCF018ECCFF0000E286E000E296E000EFA
:1060D0002A6E000E2B6EB80E2C6E050E2D6E000E65
:1060E0002F6E010E2E6E000EFBECCAF00501B805F6
:1060F000D8B405D0000EAF6F010EAE6F1200AA0E1D
:10610000286E010E296E000E2A6E000E2B6EB80E40
:106110002C6E050E2D6E000E2F6E050E2E6E080EC7
:10612000FBECCAF00501B805D8B4BBA104D0AA0E97
:10613000BC19D8B405D0000EAF6F020EAE6F1200BE
:10614000000EB56F000EB46F000E286E000E296EA3
:10615000000E2A6E000E2B6EB80E2C6E050E2D6EE4
:10616000000E2F6E010E2E6E370EFBECCAF0000EE5
:10617000286E000E296E000E2A6E400E2B6EB80E91
:106180002C6E050E2D6E000E2F6E050E2E6E290E36
:10619000FBECCAF00501B851D8B40AD0B44BB52B0A
:1061A000B5BFD2D7B80EB45D0B0EB559D8A0CCD7B9
:1061B000B851D8A49FD7000E286E000E296E000E8D
:1061C0002A6E000E2B6EB80E2C6E050E2D6E000E74
:1061D0002F6E050E2E6E3A0EFBECCAF0B8C55FF5B9
:1061E000FE0E5F16D8B406D0000E0501AF6F030E89
:1061F000AE6F12000501B9AD9ED7B9AFF5D7010E4C
:10620000286E000E296E000E2A6E000E2B6EB80E40
:106210002C6E050E2D6E000E2F6E010E2E6E3B0E97
:10622000FBECCAF00501B851D8A4DED7B6C5A6F577
:10623000B7C5A7F5B0C5A8F5B1C5A9F5010EAA6FF8
:10624000000EAB6F68ECC0F0000E0501AF6F000EE2
:10625000AE6F12000AC6A6F50BC6A7F5130E050110
:10626000A86F060EA96FB9ECC3F00601106F1051AC
:10627000D8A4E2D020EE0EF00A51D9260B51DA2232
:10628000DFACDAD020EE0EF00A51D9260B51DA221B
:10629000DFAE35D0220E0A250501E26F000E0601A1
:1062A0000B210501E36F060120EE18F00A51D926F3
:1062B0000B51DA22DEC4E4F5DEC4E5F5DEC4E6F512
:1062C000DEC4E7F5000E0501E96F010EE86F060177
:1062D00020EE01F01351D9261451DA22DF5015ECCB
:1062E000C9F00009D8B402D0010E1200060120EE58
:1062F0000EF00A51D9260B51DA227F0EDF16DDECA3
:10630000CFF001C50CF602C50DF603C50EF604C5A7
:106310000FF613C600F614C601F620EE1CF00A5163
:10632000D9260B51DA22DEC402F6DEC403F6DEC43F
:1063300004F6DEC405F67AECC4F00601106F1051C5
:10634000D8A47AD020EE20F00A51D9260B51DA22B7
:10635000DEC411F6DDC412F620EE0BF01151D92681
:106360001251DA22000EDB8A0AC6D9F40BC6DAF41F
:10637000DEC405F5DDC406F511C607F512C608F53D
:1063800020EE06F00A51D9260B51DA22DEC409F5B7
:10639000DEC40AF5DEC40BF5DEC40CF5F6ECCDF078
:1063A0001C0E06011125016E000E1221026E20EE58
:1063B0000AF00A51D9260B51DA22DEC403F5DEC4F5
:1063C00004F5DEC405F5DEC406F56AECCBF0160E66
:1063D0001125016E000E1221026E0CC603F50DC6CA
:1063E00004F50EC605F50FC606F56AECCBF0120EE5
:1063F0001125016E000E1221026E000E046E000EB9
:10640000036E2DECCFF0060120EE04F01351D926D7
:106410001451DA22010EDF6E13C600F614C601F61F
:106420001EECB2F00601106F20EE0EF00A51D926D4
:106430000B51DA22BF0EDF161051120000C6EDF527
:1064400001C6EEF5FDECB7F0FF6FFF51D8A4E8D020
:1064500000C6D9F401C6DAF4030EDE18D8A4CAD0F7
:10646000060120EE05F00051D9260151DA22DE04A2
:10647000D8A4C0D0300E0025016E000E0121026E9E
:10648000000E046E000E036E020E066E000E056E08
:10649000EDECCEF02E0E0025016E020E0121026EF3
:1064A000AA0E046E550E036E2DECCFF0300E0601D1
:1064B0000025016E000E0121026E520E036E520E77
:1064C000046E610E056E410E066E6AECCBF0140E82
:1064D0000025016E020E0121026E720E036E720E15
:1064E000046E410E056E610E066E6AECCBF0180E5E
:1064F0000025016E020E0121026E20EE10F0005107
:10650000D9260151DA22DEC403F5DEC404F5DEC467
:1065100005F5DEC406F56AECCBF01C0E0025016E15
:10652000020E0121026E20EE0CF00051D92601511D
:10653000DA22DEC403F5DEC404F5DEC405F5DEC4EC
:1065400006F56AECCBF020EE1CF00051D926015183
:10655000DA22DEC402F6DEC403F6DEC404F6DEC4CC
:1065600005F6010E0225066F000E0321076F000ECF
:106570000421086F000E0521096F20EE2CF0005158
:10658000D9260151DA2206C6DEF407C6DEF408C6B3
:10659000DEF409C6DEF4300E00250501E26F000EC0
:1065A000060101210501E36F060120EE2CF00051E8
:1065B000D9260151DA22DEC4E4F5DEC4E5F5DEC4F5
:1065C000E6F5DEC4E7F5000E0501E96F010EE86FA0
:1065D000060120EE01F00051D9260151DA22DF50E8
:1065E00015ECC9F0060120EE05F00051D926015145
:1065F000DA22DF6A000E0501A66F000EA76F000EFB
:10660000A86F060120EE01F00051D9260151DA22CF
:10661000DF50B3ECCCF00009D8B402D0010EFF6F0C
:10662000FF51120020EE09F01050D9261150DA2245
:10663000DF6A20EE16F00E50D9260F50DA22DE5017
:10664000DE10DE10DE10D8B41200000E196E000E3F
:10665000186E18C516F519C517F543D020EE1AF0B7
:106660000E50D9260F50DA22DEC412F5DDC413F520
:1066700016501224D96E17501320DA6EDF501A6E9E
:10668000164A172A200E1A18D8B42BD0050E1A183D
:10669000D8A402D0E50E1A6E090E16181710D8A449
:1066A00010D018501024126E19501120136E090EBC
:1066B0001224D96E000E1320DA6E2E0EDF6E184AE9
:1066C000192A18501024126E19501120136E090E39
:1066D0001224D96E000E1320DA6E1AC5DFF4184AA0
:1066E000192A175004E10B0E165CD8A0B7D7185022
:1066F0001024126E19501120136E090E1224D96E37
:10670000000E1320DA6EDF6A20EE08F01050D92652
:106710001150DA2210EE1AF00E50E1260F50E2224C
:1067200000EE0BF0E650E926E550EA22EF503F0B71
:10673000DF6E20EE1AF00E50D9260F50DA22DEC49A
:1067400012F5DDC413F51C0E1224016E000E132089
:10675000026E35ECC5F010C5D9F411C5DAF401C5E7
:10676000DEF402C5DEF403C5DEF404C5DEF420EE7B
:106770001AF00E50D9260F50DA22DEC412F5DDC40D
:1067800013F5160E1224016E000E1320026E37EC64
:10679000CEF020EE06F01050D9261150DA2201C5B5
:1067A000DEF402C5DDF420EE1AF00E50D9260F50AB
:1067B000DA22DEC412F5DDC413F5180E1224016EC0
:1067C000000E1320026E37ECCEF020EE04F01050D5
:1067D000D9261150DA2201C5DEF402C5DDF412001B
:1067E0002BC6D9F42CC6DAF4DEC442F6DDC443F677
:1067F00030512F112E1104E1020E2D5DD8A010D0C2
:1068000020EE14F04251D9264351DA22DE502D5D9C
:10681000DE502E59DE502F59DE503059D8A002D00C
:10682000020E12003151321133113411D8B41CD080
:1068300042C60AF643C60BF631C60CF632C60DF652
:1068400033C60EF634C60FF6FF0E106FFF0E116F33
:10685000FF0E126FFF0E136FD6EC9AF0416F41518D
:10686000D8B402D0415112002BC60AF62CC60BF642
:106870002DC60CF62EC60DF62FC60EF630C60FF638
:1068800066ECA0F00AC63DF60BC63EF60CC63FF617
:106890000DC640F606013D513E113F114011D8B4DE
:1068A00078D03D053E113F114011D8B4B9D73D29EC
:1068B00009E13E2907E13F2905E14029D8A402D09A
:1068C000010E120042C60AF643C60BF62DC60CF6A0
:1068D0002EC60DF62FC60EF630C60FF6000E106F40
:1068E000000E116F000E126F000E136FD6EC9AF0AF
:1068F000416F4151D8A4B6D720EE14F04251D926A9
:106900004351DA22FE0EDE24356FFF0EDE20366F95
:10691000FF0EDE20376FFF0EDE20386F20EE10F006
:106920004251D9264351DA223551DE5C3651DE58C8
:106930003751DE583851DE58D8B013D020EE10F061
:106940004251D9264351DA22DE2A000EDE22DE220F
:10695000DE2220EE05F04251D9264351DA22000E04
:10696000DB803DC62DF63EC62EF63FC62FF640C64E
:1069700030F620EE14F04251D9264351DA22DE508F
:106980002D5DDE502E59DE502F59DE503059D8A0E3
:106990006BD7000E12000BC744F50CC745F50DC7A9
:1069A00046F50EC747F534C544F535C545F536C53A
:1069B00046F537C547F5810E386EFF0E396E44C572
:1069C0003AF545C53BF546C53CF547C53DF5180EBE
:1069D00005D0D8903D323C323B323A32E82EF9D7DE
:1069E0003A503824426E000E3920436E43BE0FD019
:1069F000435004E1170E425CD8A009D034C534F5E9
:106A000035C535F536C536F537C537F5120043BE01
:106A10005BD042C538F5FF0E396EFF0E3A6E7F0E21
:106A20003B6E000E3C6E386601D007D03C343C32E1
:106A30003B323A323932382EF6D739C53EF53AC5AF
:106A40003FF53BC540F53CC541F53E504414386E1A
:106A50003F504514396E405046143A6E4150471429
:106A60003B6E385039103A103B10D8B4C7D744C5E4
:106A700038F545C539F546C53AF547C53BF5200E0D
:106A800005D0D8903B323A3239323832E82EF9D735
:106A90003850D8B408D03E5044263F50452240508C
:106AA0004622415047223E1C386E3F1C396E401C26
:106AB0003A6E411C3B6E38504416395045163A50D8
:106AC00046163B50471632D044C538F545C539F512
:106AD00046C53AF547C53BF5200E05D0D8903B3268
:106AE0003A3239323832E82EF9D7386608D0000EFB
:106AF000446E000E456E000E466E000E16D0D89005
:106B00004434386E4534396E46343A6E47343B6E01
:106B1000385039103A103B10D8B408D0000E446EEB
:106B2000000E456E800E466EBF0E476E44C534F5AE
:106B300045C535F546C536F547C537F512006AC671
:106B4000D9F46BC6DAF4DEC474F6DDC475F603D08E
:106B500006016C4B6D2B6CC6F6F46DC6F7F4000E97
:106B6000F86E240EF76403D00800F55005D0F6C483
:106B7000E9F4F7C4EAF4EF502F0AD8B4E9D76CC6A9
:106B8000F6F46DC6F7F4000EF86E240EF76403D029
:106B90000800F55005D0F6C4E9F4F7C4EAF4EF5064
:106BA0005C0AD8B4D5D7060120EE06F06A51D92682
:106BB0006B51DA22DE6ADE6ADE6ADD6A6CC6F6F4E2
:106BC0006DC6F7F4000EF86E240EF76403D00800CB
:106BD000F55005D0F6C4E9F4F7C4EAF4EF50060125
:106BE0006E6F200E6E6117D020EE27F06A51D92605
:106BF0006B51DA22800EDF6E6AC624F66BC625F66C
:106C0000000E266F000E276F000E286F000E296FF2
:106C100031ECA5F027D06AC609F56BC60AF56C0EF3
:106C20000B6E060E0C6E07ECA8F00601776F77511D
:106C3000D8A456D06AC662F66BC663F64DECBBF0BC
:106C4000776F20EE27F06A51D9266B51DA22DF5098
:106C5000766F7751D8B408D0040E7719D8B476B5CA
:106C60003FD0050E776F3CD076B53AD020EE04F0D9
:106C70006A51D9266B51DA22DFA8F3D774C608F51A
:106C800075C609F520EE0EF06A51D9266B51DA224D
:106C9000DEC46EF6DDC46FF6FF0E6E15706F010E6A
:106CA0006F15716F70517425726F71517521736F0B
:106CB000300E72250A6E000E73210B6E14ECCAF0B2
:106CC000060120EE06F06A51D9266B51DA2208C57A
:106CD000DEF409C5DEF40AC5DEF40BC5DEF49BD78D
:106CE00077511200000EAB6F000EAA6FBC0EAA25E2
:106CF000D96E170EAB21DA6EA50EDF6EBD0EAA257A
:106D0000D96E170EAB21DA6E5A0EDF6E020EAA276D
:106D1000000EAB23AB05D8A0E9D7000EAC6F000E78
:106D2000AD6F000EAE6F000EAF6F5A0E9A6FFE0E73
:106D30009B6FACC59CF5ADC59DF5AEC59EF5AFC5C9
:106D40009FF555ECCFF025EEBCF3ACC5DFF425EE96
:106D5000BDF3ADC5DFF425EEBEF3AEC5DFF4ACC5C3
:106D600001F5ADC502F5BC0E036E170E046E010EE3
:106D7000066E000E056E4FECCAF0ACC501F5ADC550
:106D800002F5BC0E036E180E046E010E066E000EA8
:106D9000056E60ECCCF0BC0E016E170E026EBC0EE0
:106DA000036E180E046E010E066E000E056E9AEC50
:106DB000C6F001500210D8A436D00501AC51AD1177
:106DC000AE11AF11D8B420D0000E026E000E016ECD
:106DD000BC0E036E180E046E010E066E000E056EDC
:106DE00060ECCCF0BC0E016E170E026EBC0E036E92
:106DF000180E046E010E066E000E056E9AECC6F0BB
:106E000001500210D8B40FD0000E0501AC27100EAF
:106E1000AD23000EAE23000EAF23AF5104E1100EE0
:106E2000AE5DD8A082D7810E05019A6FFC0E9B6FD4
:106E3000ACC59CF5ADC59DF5AEC59EF5AFC59FF53E
:106E4000ACC5A6F5ADC5A7F5AEC5A8F5AFC5A9F506
:106E50000B0E05D0D890A933A833A733A633E82E5C
:106E6000F9D7A6C5A0F5A7C5A1F555ECCFF012003E
:106E700018C60AF619C60BF6000E0C6F000E0D6F41
:106E8000000E0E6F000E0F6F1BECAEF00AC632F64E
:106E90000BC633F6020E32193311D8B40FD033516A
:106EA00008E1030E325DD8B004D01A511B11D8A4EA
:106EB00005D032C618F633C619F61200000E356F2B
:106EC000000E346F34C61CF635C61DF61C3B1D3B48
:106ED000F00E1D171C510F0B1D13F00E1C171C512B
:106EE00018251E6F1D5119211F6FF60E1E25016EEC
:106EF000010E1F21026E35ECC5F0220E206F060E2A
:106F0000216FD8903435D96E3535DA6ED890D936B0
:106F1000DA362051D9262151DA2201C5DEF402C524
:106F2000DEF403C5DEF404C5DEF4344B352B3551F5
:106F300004E1040E345DD8A0C5D71A511B11D8A4A2
:106F400005D0000E356F000E346F06D0FF0E1A25E7
:106F5000346FFF0E1B21356F220E1C6F060E1D6F46
:106F6000D8903435D96E3535DA6ED890D936DA36D0
:106F70001C51D9261D51DA22DE50DE10DE10DE1043
:106F8000D8A405D0000E336F030E326F22D018C67E
:106F90000AF619C60BF6220E1C6F060E1D6FD8904E
:106FA0003435D96E3535DA6ED890D936DA361C518B
:106FB000D9261D51DA22DEC40CF6DEC40DF6DEC47D
:106FC0000EF6DEC40FF61BECAEF00AC632F60BC6A8
:106FD00033F61A511B11D8A46CD7335104E1020EB9
:106FE000325DD8A066D7344B352B355105E1040E00
:106FF000345DD8B05ED7B0D75CD7000E5F6E0501A8
:1070000020EE04F0ED51D926EE51DA22DF50D8B44B
:10701000ABD0300EED25E26F000EEE21E36F20EED7
:107020002CF0ED51D926EE51DA22DEC4E4F5DEC4AF
:10703000E5F5DEC4E6F5DEC4E7F5000EE96F010E06
:10704000E86F20EE01F0ED51D926EE51DA22DF5043
:1070500015ECC9F00009D8A485D020EE04F0ED515C
:10706000D926EE51DA22DF6A20EE18F0ED51D9264A
:10707000EE51DA2210EE20F0ED51E126EE51E2223F
:10708000E6C4F3F5E6C4F4F5E6C4F5F5E6C4F6F5B2
:1070900010EE2CF0ED51E126EE51E222E6C4F7F5B8
:1070A000E6C4F8F5E6C4F9F5E6C4FAF5F351F75D80
:1070B000FB6FF451F859FC6FF551F959FD6FF6511A
:1070C000FA59FE6FDE50FB5DDE50FC59DE50FD5973
:1070D000DE50FE59D8B048D020EE03F0ED51D9264D
:1070E000EE51DA22020EDE18D8A43ED0300EED2585
:1070F000E26F000EEE21E36F20EE18F0ED51D9267D
:10710000EE51DA22DEC4EFF5DEC4F0F5DEC4F1F5AF
:10711000DEC4F2F520EE2CF0ED51D926EE51DA2244
:10712000DEC4F3F5DEC4F4F5DEC4F5F5DEC4F6F531
:10713000EF51F325E46FF051F421E56FF151F521A2
:10714000E66FF251F621E76F000EE96F010EE86F6E
:1071500020EE01F0ED51D926EE51DA22DF5015EC88
:10716000C9F002D0010E5F6E5F50120020AE02D057
:10717000010E01D0000E276E070116AF279316AF40
:1071800005D0000E246E010E236E04D015C723F522
:1071900016C724F513C725F514C726F52750D8B40C
:1071A00010D02506D8A026062750D8A404D0000E5B
:1071B000226E2B0E03D0000E226E2D0E216E21C5E5
:1071C00027F5000E296E4F0E286E000E7C6F44D0FE
:1071D0002806D8A029062D0E2824D96E070E2920AE
:1071E000DA6E1DC501F51EC502F51FC503F520C5E4
:1071F00004F50A0E056E000E066E000E076E000EF8
:10720000086EF0ECC6F001C50BF502C50CF541ECBB
:10721000CFF00B50300FDF6E2306D8A024062506D2
:10722000D8A026061DC501F51EC502F51FC503F52C
:1072300020C504F50A0E056E000E066E000E076EE0
:10724000000E086E8DECC2F001C51DF502C51EF5DD
:1072500003C51FF504C520F529BE1CD0295003E144
:107260002804D8A017D01D501E101F102010D8A41D
:10727000AFD724BE05D02450ABE12304D8B0A8D7A3
:1072800026BE08D0265003E12504D8A003D007016C
:1072900027B39ED72750D8B40BD02806D8A02906EC
:1072A0002D0E2824D96E070E2920DA6E27C5DFF4AB
:1072B0001BC512F51CC513F52D0E2824146E070EE0
:1072C0002920156E25C516F526C517F5D8ECC9F089
:1072D00012000A680B6801C5D9F402C5DAF4DEC4ED
:1072E0000CF5DDC40DF50CC507F50DC508F50C5002
:1072F0000D10D8A403D001680268120007C5F6F487
:1073000008C5F7F4000EF86E240EF76403D00800E9
:10731000F55005D0F6C4E9F4F7C4EAF4EF50096E6D
:10732000074A082A200E096404D03A0E0918D8A486
:10733000E5D73A0E0918D8A46BD0000E066E010EE0
:10734000056E0CC5F6F40DC5F7F4000EF86E240EAC
:10735000F76403D00800F55005D0F6C4E9F4F7C48B
:10736000EAF4EF50036E2F0E03643AD00CC5F6F426
:107370000DC5F7F4000EF86E240EF76403D0080074
:10738000F55005D0F6C4E9F4F7C4EAF4EF50036E03
:107390003A0E036025D0020E0C24036E000E0D2061
:1073A000046E075003181CE108500418D8A418D024
:1073B0000CC5F6F40DC5F7F4000EF86E240EF76454
:1073C00003D00800F55005D0F6C4E9F4F7C4EAF498
:1073D000EF50036ED00E0324056E066AFF0E0622E0
:1073E00006BE05D006500FE10504D8B00CD005C587
:1073F0000AF506C50BF501C5D9F402C5DAF407C5CF
:10740000DEF408C5DDF40AC501F50BC502F512006E
:10741000000E026E000E016E1200156E1550D8A4FB
:1074200010AE1AD00DC511F50EC512F50FC513F526
:1074300010C514F5111E121E131E141E112A000E63
:1074400012221322142211C517F512C518F513C5FF
:1074500019F514C51AF508D00DC517F50EC518F5A0
:107460000FC519F510C51AF50D500E100F1010109C
:10747000D8A409D0000E0D6E000E0E6E000E0F6E19
:10748000000E106E1200960E166E06D0162AD890B8
:107490001A32193218321732000E1714116E000EFC
:1074A0001814126E000E1914136EFE0E1A14146EB8
:1074B0001150121013101410D8B40DD0E7D7162A9B
:1074C000010E1726000E182219221A22D8901A32FD
:1074D000193218321732000E1714116E000E1814DC
:1074E000126E000E1914136EFF0E1A14146E115042
:1074F000121013101410D8B407D0E1D71606D89084
:107500001736183619361A3619BE03D0020E166011
:10751000F5D716A0199ED890163216C511F5126A25
:10752000136A146A11C514F5136A126A116A1150AC
:107530001712125018121350191214501A12155013
:10754000D8A410AE01D01A8E17C50DF518C50EF5CA
:1075500019C50FF51AC510F512000DC515F50EC5A4
:1075600016F515501610D8A404D0D90E156EFF0EBE
:10757000166E000E186E000E176E02D0174A182AEB
:10758000175015240F6E18501620106E0FC5F6F404
:1075900010C5F7F4000EF86E240EF76403D008004F
:1075A000F55005D0F6C4E9F4F7C4EAF4EF50000949
:1075B000D8A4E4D7070116BF0ED01750155D165199
:1075C000800A0F6E1850800A0F58D8B004D015C723
:1075D00017F516C718F517C511F518C512F513C715
:1075E00013F514C714F527A10DD034D0000E036E87
:1075F000200E026E0BC504F50CC505F59BECC7F01B
:10760000174A182A1350175C1850800A0F6E14502E
:10761000800A0F58D8B01ED0E9D715C5F6F416C5A4
:10762000F7F4000EF86E240EF76403D00800F5504E
:1076300005D0F6C4E9F4F7C4EAF4EF500F6E0F502A
:10764000026E036A0BC504F50CC505F59BECC7F08B
:10765000154A162A1106D8A012061128DEE11228B2
:10766000D8A4DBD7070127A112000CD0000E036EAF
:10767000200E026E0BC504F50CC505F59BECC7F09A
:10768000174A182A1350175C1850800A0F6E1450AE
:10769000800A0F58D8B01200E9D762C6D9F463C681
:1076A000DAF4DEC466F6DDC467F662C624F663C6A5
:1076B00025F6000E266F000E276F000E286F000EB5
:1076C000296F31ECA5F0696F6951D8B403D0060178
:1076D0006951120066C600F667C601F620EE16F084
:1076E0006251D9266351DA22DEC402F6DEC403F603
:1076F000DEC404F6DEC405F67AECC4F00601696F58
:107700006951D8A4E4D720EE1AF06251D92663510A
:10771000DA22DEC464F6DDC465F664C6D9F465C653
:10772000DAF4DF50686F6851D8A403D0040E696F93
:10773000CED720EE04F06251D9266351DA2210EE42
:107740001AF06251E1266351E22200EE0BF0E6509E
:10775000E926E550EA22EF503F0BDF6E20EE1AF0EB
:107760006251D9266351DA2210EE0BF0DE50E12689
:10777000DD50E222E7B61AD020EE1AF06251D92687
:107780006351DA22DEC401F5DDC402F51C0E622568
:10779000036E000E6321046E000E066E0B0E056E66
:1077A0009AECC6F001500210D8B491D762C648F6E0
:1077B00063C649F6000E06014B6F000E4A6FB3EC2C
:1077C0009EF00601696F6951D8A481D783D700C69E
:1077D000EDF501C6EEF5FDECB7F00009D8B402D026
:1077E000010E120000C60DF501C60EF502C60FF51A
:1077F00003C610F504C611F505C612F51AECC4F05F
:107800000DC50AF60EC50BF60FC50CF610C50DF624
:10781000060120EE2CF00051D9260151DA220AC6C9
:10782000DEF40BC6DEF40CC6DEF40DC6DEF4300E5C
:107830000025016E000E0121026E000E046E000E86
:10784000036E020E066E000E056EEDECCEF0300EED
:107850000025086F000E0121096F000E0F6F010E49
:107860000E6F000E116F000E106F05D006010E5145
:1078700010270F51112320EE0AF00051D926015193
:10788000DA22DE50105DDE501159D8B028D008C67B
:10789000E2F509C6E3F510510A250501E46F06017A
:1078A00011510B210501E56F000E06010C210501A8
:1078B000E66F000E06010D210501E76F0EC6E8F523
:1078C0000FC6E9F5060120EE01F00051D92601515D
:1078D000DA22DF5015ECC9F00009D8B4C7D7060189
:1078E00020EE0AF00051D9260151DA221051DE189B
:1078F00004E11151DE18D8B402D0010E1200000EBE
:107900001200040E6E6F62C6D9F463C6DAF4DEC4E8
:107910006AF6DDC46BF672D06AC600F66BC601F675
:1079200020EE16F06251D9266351DA22DEC402F647
:10793000DEC403F6DEC404F6DEC405F67AECC4F059
:1079400006016E6F6E51D8A465D020EE1AF0625118
:10795000D9266351DA22DEC466F6DDC467F666C650
:10796000D9F467C6DAF4DF506D6F6D51D8A403D037
:10797000040E6E6F4FD020EE1AF06251D92663517B
:10798000DA2210EE0BF0DE50E126DD50E222E75065
:107990003F0B6C6F20EE04F06251D9266351DA225E
:1079A0006CC6DFF4E50E6D19D8B419D02E0E6D1922
:1079B000D8B415D00F0E6C19D8B411D06C51DF0BA0
:1079C000080AD8A402D0010E01D0000E666F676BC2
:1079D0006451661904E165516719D8B41BD062C6B9
:1079E00048F663C649F6000E4B6F000E4A6FB3ECC3
:1079F0009EF006016E6F6E51D8A40CD020EE16F0EA
:107A00006251D9266351DA22DE50DE10DE10DE101C
:107A1000D8A482D76E51D8B40AD020EE16F06251A5
:107A2000D9266351DA22DE6ADE6ADE6ADD6A6E51C9
:107A30001200806F06018051D8B402D0020E1200ED
:107A4000000E0501C76F000EC86F000EC96F000E53
:107A5000CA6F010ECC6F800ECB6F000ECD6F060E7D
:107A6000CE6F000ED06F800ECF6F28ECAFF0050107
:107A7000C751C811D8A4E2D7550E06017E19D8A463
:107A8000DDD7AA0E7F19D8A4D9D74205D8B414D00F
:107A9000040E4219D8B410D0060E4219D8B40CD036
:107AA0000B0E4219D8B408D00C0E4219D8B404D029
:107AB0000E0E4219D8A4C2D749510701D56FD66B13
:107AC000D76BD86B06014851D5C7E5F5D6C7E6F5A3
:107AD000D7C7E7F50501E46BE4110701D56F050190
:107AE000E5510701D66F0501E6510701D76F050182
:107AF000E7510701D86F06014751D5C7E5F5D6C74D
:107B0000E6F5D7C7E7F50501E46BE4110701D56F8A
:107B10000501E5510701D66F0501E6510701D76F51
:107B20000501E7510701D86F06014651D5C7E5F5B4
:107B3000D6C7E6F5D7C7E7F50501E46BE411070101
:107B4000D56F0501E5510701D66F0501E651070123
:107B5000D76F0501E7510701D86F000E1200AF5132
:107B6000B011D8A402D0090E1200B10E816F060E1A
:107B7000826FB30E836F060E846F000E856F70ECFC
:107B800084F00601B56FB551D8A470D0AFC6D9F452
:107B9000B0C6DAF4B3C6DEF4B4C6DDF4AFC66AF636
:107BA000B0C66BF6B1C66CF6B2C66DF69FECB5F01A
:107BB000B56FB551D8A454D020EE27F0AF51D926D7
:107BC000B051DA22DFBE2AD020EE04F0AF51D92620
:107BD000B051DA22DFA820D0B3C608F5B4C609F543
:107BE00020EE1AF0AF51D926B051DA22DEC40AF5E0
:107BF000DDC40BF514ECCAF0060120EE06F0AF511F
:107C0000D926B051DA2208C5DEF409C5DEF40AC56A
:107C1000DEF40BC5DEF402D0050EB56FB551D8A465
:107C20001FD020EE06F0B351D926B451DA2210EE5F
:107C300002F0AF51E126B051E222DEC4E6F4DDC429
:107C4000E5F4AFC624F6B0C625F6000E266F000E8A
:107C5000276F000E286F000E296F31ECA5F0B56F6D
:107C6000040EB519D8A402D0050EB56FB551D8B41D
:107C700006D0AFC6D9F4B0C6DAF4DE6ADD6AB55113
:107C80001200ACC5C3F5ADC5C4F50F0E0501AE2598
:107C9000B06F000EAF21B16FF00EB015AE6FFF0EDA
:107CA000B115AF6F000EC66F000EC56F75D0C5C59C
:107CB000B0F50F0EB017D8A416D0C00E9A6FFF0EF5
:107CC0009B6FA6C59CF5A7C59DF5C551A8259E6FC0
:107CD000C651A9219F6F000EAA21A06F000EAB21F3
:107CE000A16F55ECCFF0E00E9A6FFF0E9B6FC55160
:107CF000C325D96EC651C421DA6EDF50B06FB051C2
:107D00009C6F9D6B55ECCFF0C551C325D96EC65104
:107D1000C421DA6E1F0EDF641ED0C551C325D96E93
:107D2000C651C421DA6E7F0EDF6015D0C551C32560
:107D3000D96EC651C421DA6E0F0EC515B06F000E94
:107D4000C615B16FB20EB025E16E050EB121E26E1F
:107D5000DFC4E7F40ED00F0EC515B06F000EC615C8
:107D6000B16FB20EB025D96E050EB121DA6E2E0EAE
:107D7000DF6EC5510F0B0F0AD8A40CD0000EC26FD6
:107D80009F0E9A6FFF0E9B6FB20E9C6F050E9D6F3C
:107D900055ECCFF0C54BC62BAE51C55DAF51C659A2
:107DA000D8B0120084D7070116AF279316AF05D0BD
:107DB000000E2A6E010E296E04D015C729F516C7CC
:107DC0002AF513C72BF514C72CF5780E2118D8B453
:107DD00004D0000E276E410E03D0000E276E610EF8
:107DE000266E26C528F5000E2F6E4F0E2E6E000E45
:107DF0007C6F35D02E06D8A02F061D500F0B2D6E90
:107E00000A0E2D6002D0300E02D02850F60F2D261B
:107E10002D0E2E24D96E070E2F20DA6E2DC5DFF41D
:107E20002906D8A02A062B06D8A02C061DC522F5A7
:107E30001EC523F51FC524F520C525F5050E05D063
:107E4000D8902532243223322232E82EF9D722C5A7
:107E50001DF523C51EF524C51FF525C520F52FBE2C
:107E60001DD02F5004E1020E2E5CD8A017D01D505B
:107E70001E101F102010D8A4BDD72ABE05D02A502E
:107E8000B9E12904D8B0B6D72CBE08D02C5003E1F4
:107E90002B04D8A003D0070127B3ACD71BC512F51C
:107EA0001CC513F52D0E2E24146E070E2F20156EF3
:107EB0002BC516F52CC517F5D8ECC9F01200A8C5CE
:107EC000BFF5A9C5C0F50F0E0501AA25AC6F000EC0
:107ED000AB21AD6FF00EAC15AA6FFF0EAD15AB6FF9
:107EE000000EC26F000EC16F6DD0C1C5ACF50F0E94
:107EF000AC17D8A40ED0D10E9A6FFF0E9B6FA6C5FB
:107F00009CF5A7C59DF5C1C59EF5C2C59FF555EC6D
:107F1000CFF0E00E9A6FFF0E9B6FC151BF25D96E57
:107F2000C251C021DA6EDF50AC6FAC519C6F9D6BBB
:107F300055ECCFF0C151BF25D96EC251C021DA6EC8
:107F40001F0EDF641ED0C151BF25D96EC251C021A2
:107F5000DA6E7F0EDF6015D0C151BF25D96EC251D8
:107F6000C021DA6E0F0EC115AC6F000EC215AD6FD9
:107F7000AE0EAC25E16E050EAD21E26EDFC4E7F476
:107F80000ED00F0EC115AC6F000EC215AD6FAE0E48
:107F9000AC25D96E050EAD21DA6E2E0EDF6EC15105
:107FA0000F0B0F0AD8A40CD0000EBE6F9F0E9A6F55
:107FB000FF0E9B6FAE0E9C6F050E9D6F55ECCFF0C4
:107FC000C14BC22BAA51C15DAB51C259D8B01200EE
:107FD0008CD762C6D9F463C6DAF4DEC469F6DDC4B0
:107FE0006AF662C624F663C625F6000E266F000EFA
:107FF000276F000E286F000E296F31ECA5F06D6F12
:108000006D51D8A45DD0000E6C6F000E6B6F69C609
:1080100000F66AC601F620EE16F06251D9266351C9
:10802000DA22DEC402F6DEC403F6DEC404F6DEC4E1
:1080300005F67AECC4F006016D6F6D51D8A440D0FE
:1080400020EE1AF06251D9266351DA22DEC466F6B8
:10805000DDC467F666C6D9F467C6DAF4E50EDE1845
:10806000D8B411D020EE1AF06251D9266351DA2229
:10807000DEC466F6DDC467F666C6D9F467C6DAF410
:10808000DF50D8A40AD06B4B6C2B64516B1909E1FB
:1080900065516C19D8B414D004D0000E6C6F000E6A
:1080A0006B6F62C648F663C649F6000E4B6F010E51
:1080B0004A6FB3EC9EF006016D6F6D51D8B4A7D72F
:1080C000040E6D19D8A402D0070E6D6F6D51120009
:1080D000000184838481000E886F000E8B6F859968
:1080E000868386810501AA05D8A403D00001849562
:1080F00002D0000184850501AB51D8A405D0000150
:10810000859F858D859B0ED0620E9A6FFB0E9B6FAF
:108110004F0E9C6FFF0E9D6FABC59EF59F6B55EC90
:10812000CFF0FFD7000E8C6F2DD0020E00018C6FA8
:10813000020E896F12000F0E0001896F1200070EE8
:108140000001896F1200050E0001896F1200040EF4
:108150000001896F1200030E0001896F1200020EE8
:108160000001896F1200920E9A6FF90E9B6F4F0EED
:108170009C6FFF0E9D6FA8C59EF5A9C59FF555EC98
:10818000CFF01200A8C5ACF5A9C5ADF50501AD51FC
:10819000000AD8A4E8D7AC51000AD8B4C6D7010A5F
:1081A000D8B4C9D7030AD8B4CAD7010AD8B4CBD730
:1081B000070AD8B4CCD7010AD8B4CDD7030AD8B4AB
:1081C000CED7D1D704011969C9680969C768296977
:1081D000CB68018BC68A118BC88A018BC68A118B2A
:1081E000C88A0183C6820181C680550E596FAA0EC6
:1081F000596F5991080E5D6F000E5E6F000E5F6F34
:10820000550E596FAA0E596F5981050E0201616F03
:10821000150E626F0F0E636F0E0E646F000E656FAA
:10822000010E666F0D0E676F080E686F350E000148
:10823000D86F040ED96F020EDA6F060EDB6F0A0ECE
:10824000DC6FA00EDD6F000EDE6F000EDF6F830EA1
:10825000D76F840ED66F000ED46FAE9A9E9AC698D2
:10826000010E0201056F020E0001D56F000ED86FDE
:10827000010ED96F7F0EDA6F7F0EDB6F020EDC6F9F
:10828000080EDD6F100EDE6F400EDF6F000ED76F31
:10829000820ED66F000ED56FC292150E016EC60EFD
:1082A000E82EFED7012EFCD700D0C280C282120079
:1082B000000E1A14226E000E1B14236E800E1C1466
:1082C000246E7F0E1D14256E2250231024102510BD
:1082D000D8A408D0000E1A6E000E1B6E000E1C6E85
:1082E000000E1D6E000E1E14226E000E1F14236E53
:1082F000800E2014246E7F0E2114256E2250231030
:1083000024102510D8A408D0000E1E6E000E1F6E7B
:10831000000E206E000E216E1DAE09D01A6C1B1EC1
:10832000D8B01B2A1C1ED8B01C2A800E1D5621AEA8
:1083300009D01E6C1F1ED8B01F2A201ED8B0202ABC
:10834000800E2156000E1A1A000E1B1A000E1C1A5F
:10835000800E1D1A000E1E1A000E1F1A000E201A83
:10836000800E211A1E501A5C1F501B5820501C589A
:1083700021501D58D8B002D0D8901200D8801200D9
:10838000B1C6B5F6B2C6B6F6B50E016E060E026EF1
:1083900069ECB9F001C5B9F602C5BAF60601BAAF83
:1083A00002D00B0E1200D890B935D96EBA35DA6EFC
:1083B000230ED926070EDA22DEC4B7F6DDC4B8F6DE
:1083C000B751B811D8B410D0D890B935D96EBA35E4
:1083D000DA6E230ED926070EDA22DE6ADD6AB7C608
:1083E000D9F4B8C6DAF4DF6AAF51B011D8B41AD0F4
:1083F00020EE01F0AF51D926B051DA22B9C6DFF430
:10840000AFC6D9F4B0C6DAF4DF6AD890B935D96E00
:10841000BA35DA6E230ED926070EDA22AFC6DEF49D
:10842000B0C6DDF4B351D8A402D0000E1200B10ED4
:10843000816F060E826FAF0E836F060E846F000E83
:10844000856F70EC84F00601B46FB45112000FC751
:108450000BF510C70CF511C70DF512C70EF501C5C8
:108460000BF502C50CF503C50DF504C50EF50BC5DE
:1084700005F50CC506F50DC507F50EC508F5180E72
:1084800005D0D8900832073206320532E82EF9D7E7
:108490000550096E0A6A09500A10D8A419D0D8905C
:1084A0000B34056E0C34066E0D34076E0E34086EF8
:1084B0000550061007100810D8A405D0000E026E53
:1084C000020E016E1200000E026E030E016E12000B
:1084D00009280A10D8A41CD00BC505F50CC506F553
:1084E0000DC507F50EC508F5090ED89005360636F8
:1084F00007360836E82EF9D7055006100710081081
:10850000D8A402D0010E01D0000E016E026A120042
:10851000000E026E040E016E1200000E0A6E08AE0E
:108520000AD0081E071E061E056C000E0622072232
:108530000822010E0A6E04AE0AD0041E031E021E9B
:10854000016C000E022203220422010E0A1A000E00
:108550000B6E000E0C6E000E0D6E000E0E6E0550B2
:10856000061007100810D8B42AD0010E096E06D0E4
:10857000D8900536063607360836092A08AEF8D7E9
:10858000D8900B360C360D360E360550015C065071
:1085900002580750035808500458D8A009D0055075
:1085A000015E0650025A0750035A0850045A0B80C5
:1085B000D8900832073206320532092EE1D70A5028
:1085C000D8B408D00E1E0D1E0C1E0B6C000E0C2213
:1085D0000D220E220BC501F50CC502F50DC503F5E4
:1085E0000EC504F512006EC6D9F46FC6DAF4DEC407
:1085F00070F6DDC471F66EC662F66FC663F6000EE5
:10860000656F010E646FE9ECBFF0726F7251D8A410
:108610004CD070C600F671C601F620EE16F06E5111
:10862000D9266F51DA22DEC402F6DEC403F6DEC4B8
:1086300004F6DEC405F67AECC4F00601726F7251DE
:10864000D8A433D020EE1AF06E51D9266F51DA2219
:10865000DEC401F5DDC402F5000E046E000E036EEB
:10866000000E066E200E056EEDECCEF020EE1AF038
:108670006E51D9266F51DA22DEC401F5DDC402F550
:108680001C0E6E25036E000E6F21046E000E066E2A
:108690000B0E056EB3ECCDF0060120EE04F0705128
:1086A000D9267151DA22010EDF6E72511200080EC6
:1086B0000001B16F000E0401006F000E086F000E84
:1086C000106F000E186F209120932095000E286FD8
:1086D000C2922293CA92C09EC89E3F0E0201046FAE
:1086E000C696000E0401436F000E446F080E456FDE
:1086F000000E476F4691468B468FC290CA90C28447
:10870000CA94000E0201056FBE88C6980401118D3F
:10871000C88CC282D0BCFED7C88604011187010E66
:108720000201D56FA00ED46FD189D18B0401018FC6
:10873000C68E070E0201766FBE8CC69C260E076F92
:10874000D28F000EC16E000EC96E000EBF6E000EFD
:10875000C76E000EC36E000ECB6EC08AC89ABE8A6A
:10876000C69ABE92C692C08E0401139313911395BC
:108770001200090EB06FA651A711D8B441D0A6C5FA
:10878000D9F4A7C5DAF4DE50DE10D8B439D0A6C5C6
:10879000D9F4A7C5DAF4DEC4AAF5DDC4ABF5AAC5E1
:1087A000D9F4ABC5DAF4DF50D8B42AD0A6C5D9F4D1
:1087B000A7C5DAF410EE06F0DE50E126DD50E22225
:1087C00020EE02F0A651D926A751DA22E650DE1893
:1087D00017E1E650DE18D8A413D0A6C5D9F4A7C572
:1087E000DAF410EE01F0DE50E126DD50E222E7502F
:1087F0007BECCFF00501AA6FAAB102D0000EB06FDA
:10880000B051D8B405D0000EAE6F000EAF6F08D0D7
:10881000A6C5D9F4A7C5DAF4DEC4AEF5DDC4AFF55C
:10882000A8C5D9F4A9C5DAF4AEC5DEF4AFC5DDF448
:10883000B0511200020E0F5E000E105A115A125A59
:1088400020EE14F00D50D9260E50DA22FE0EDE2452
:10885000136EFF0EDE20146EFF0EDE20156EFF0E6F
:10886000DE20166E13500F5C14501058155011581E
:1088700016501258D8A009D0000E0D6E000E0E6EC4
:10888000000E0F6E000E106E120020EE28F00D503C
:10889000D9260E50DA22DEC413F5DEC414F5DEC488
:1088A00015F5DEC416F520EE0AF00D50D9260E504F
:1088B000DA22DEC417F5DDC418F517C501F518C5B1
:1088C00002F5036A046A0FC505F510C506F511C562
:1088D00007F512C508F535ECCCF0135001240D6EE8
:1088E000145002200E6E155003200F6E16500420F7
:1088F000106E1200000E0501FF6F060120EE2CF035
:108900000051D9260151DA220251DE180AE1035141
:10891000DE1807E10451DE1804E10551DE18D8B471
:1089200044D000C6EDF501C6EEF5FDECB7F0FF6FE3
:10893000FF51D8A43AD0300E060100250501E46F9E
:10894000000E060101210501E56F02C6E6F503C62A
:10895000E7F504C6E8F505C6E9F5000EEB6F010E74
:10896000EA6F060120EE01F00051D9260151DA220A
:10897000DF5056ECC9F00009D8B408D006010269EE
:10898000036904690569010E0501FF6F060120EE08
:108990002CF00051D9260151DA2202C6DEF403C6BA
:1089A000DEF404C6DEF405C6DEF40501FF51120054
:1089B000033404340A6E0A50D8A409D0000E016EA4
:1089C000000E026E000E036E000E046E120001C552
:1089D00005F502C506F503C507F504C508F5200E23
:1089E00005D0D8900832073206320532E82EF9D782
:1089F0000550096E038EFF0E0116FF0E0216FF0EC4
:108A00000316000E0416960E0A5E0AAE0DD00A502A
:108A1000800A970FD8A0D2D7D890043203320232FE
:108A200001320A3EF9D70DD01F0E0A6407D0C6D70F
:108A3000D89001360236033604360A060A50D8A406
:108A4000F7D70950D8B408D0041E031E021E016CCB
:108A5000000E02220322042201C501F502C502F51F
:108A600003C503F504C504F5120020EE03F0015020
:108A7000D9260250DA22DF50056E05500A6E0B6AC5
:108A80000C6A0D6A20EE02F00150D9260250DA225B
:108A9000DF50056E05500AC507F50BC508F50CC576
:108AA00009F5066A06100A6E07500B6E08500C6E28
:108AB00009500D6E20EE01F00150D9260250DA2245
:108AC000DF50056E05500AC507F50BC508F50CC546
:108AD00009F5066A06100A6E07500B6E08500C6EF8
:108AE00009500D6E01C5D9F402C5DAF4DF50056EE8
:108AF00005500AC507F50BC508F50CC509F5066A4A
:108B000006100A6E07500B6E08500C6E09500D6E61
:108B10000AC501F50BC502F50CC503F50DC504F535
:108B20001200000E0F6E000E0E6E07C5D9F408C5B8
:108B3000DAF4DEC4F6F4DDC4F7F4000EF86E0800D3
:108B4000F5502A0AD8A433D007C5D9F408C5DAF4F9
:108B5000DE2A000EDD2209C5D9F40AC5DAF4DFC425
:108B60000BF5020EDE26DFC40CF5000EDD220BC570
:108B7000D9F40CC5DAF4DEC40EF5DDC40FF528D047
:108B80000EC501F50FC502F5000E046E0A0E036E48
:108B900068ECCFF00D5001240E6E000E02200F6E17
:108BA00007C5D9F408C5DAF4DE2A000EDD2207C5B0
:108BB000D9F408C5DAF4DEC4F6F4DDC4F7F4000E27
:108BC000F86E0800F550D00F0D6E090E0D64D8D761
:108BD0000EC507F50FC508F5120003C50CF504C551
:108BE0000DF505500C240A6E06500D200B6E41D079
:108BF00001C507F502C501F507C502F50CC5D9F495
:108C00000DC5DAF4DF50076E0750011A0C4A0D2A21
:108C100001C507F502C508F5040E096ED8900832A3
:108C20000732092EFBD70F0E0716000E0816075045
:108C3000011A0850021A01C507F502C508F50C0E05
:108C4000D89007360836E82EFBD70750011A08508F
:108C5000021AFF0E0114076E000E0214086E050EB4
:108C6000D89007360836E82EFBD70750011A08506F
:108C7000021A0A500C5C0B500D58D8A0B9D701C588
:108C800001F502C502F512006FC6A6F570C6A7F57C
:108C9000730E0501A86F060EA96FB9ECC3F00601AB
:108CA000756F7551D8A444D071517211D8A40FD0EA
:108CB0006FC624F670C625F6000E266F000E276FCD
:108CC000000E286F000E296F31ECA5F030D06FC672
:108CD00062F670C663F6000E656F000E646F81EC7D
:108CE000BCF0756F040E7519D8A402D0000E756F14
:108CF0007551D8A41DD06FC60EF570C60FF571C69C
:108D000010F572C611F512ECB3F06FC648F670C6D6
:108D100049F6000E06014B6F000E4A6FB3EC9EF051
:108D20000601756F040E7519D8A402D0000E756F78
:108D30007551120001C509F502C50AF503C50BF509
:108D400004C50CF507D00506D8A00606094A0A2A6C
:108D50000B4A0C2A05500610D8B41AD009C5D9F40C
:108D60000AC5DAF4DF50076E0BC5F6F40CC5F7F44C
:108D7000000EF86E240EF76403D00800F55005D0FD
:108D8000F6C4E9F4F7C4EAF4EF500718D8B4DBD717
:108D900005500610D8A405D0000E026E000E016E1C
:108DA000120009C5D9F40AC5DAF4DF50076E0BC505
:108DB000F6F40CC5F7F4000EF86E240EF76403D039
:108DC0000800F55005D0F6C4E9F4F7C4EAF4EF5012
:108DD000086E0850075C016E026AD8A002061200F5
:108DE000000E0A6E04AE0AD0041E031E021E016CA1
:108DF000000E022203220422010E0A6E08AE08D0E1
:108E0000081E071E061E056C000E062207220822F9
:108E10000550061007100810D8B424D0010E096EB2
:108E200006D0D8900536063607360836092A08AE29
:108E3000F8D70550015C06500258075003580850F7
:108E40000458D8A008D00550015E0650025A0750B9
:108E5000035A0850045AD8900832073206320532B5
:108E6000092EE7D70A50D8B408D0041E031E021EEC
:108E7000016C000E02220322042201C501F502C585
:108E800002F503C503F504C504F512001E6E06C7FE
:108E900026F507C727F51E5040091F6E1BC520F594
:108EA0001AC521F519C522F518C523F51F0E016E47
:108EB000050E026E000E046E050E036E04ECCCF07F
:108EC0000109246E26C505F527C506F59EECCFF0F1
:108ED00026C50BF527C50CF5000E0E6E010E0D6EA6
:108EE0008AECCCF026C501F527C502F51F0E036EEE
:108EF000050E046E000E066E060E056EA0ECCBF09D
:108F000008C712F509C713F5FF0EBDECCEF0256EAC
:108F10001CC5D9F41DC5DAF425C5DFF42528D8A46D
:108F200005D0000E196E010E186E1200000E196E9B
:108F3000000E186E120004500510D8B404D004506E
:108F40000510D8A404D00250FBECCFF0120020EEA4
:108F50000AF00450D9260550DA22DE50DE10D8B4CB
:108F600016D020EE0AF00450D9260550DA2210EE71
:108F700003F00450E1260550E222DE50E65CE650A4
:108F8000800A0A6EDE50800A0A58D8B0120020EE1D
:108F900003F00450D9260550DA22DEC406F5DDC4FC
:108FA00007F504C5D9F405C5DAF4DEC408F5DDC457
:108FB00009F506500824D96E07500920DA6E02C55B
:108FC000DFF420EE03F00450D9260550DA22DE2A21
:108FD000000EDD2212000506D8A0060605280FE1C6
:108FE0000628D8A40CD0000E026E000E016E1200EE
:108FF000014A022A034A042A0506D8A0060601C52A
:10900000D9F402C5DAF4DF50D8B420D003C5F6F4A1
:1090100004C5F7F4000EF86E0800F5500009D8B446
:1090200015D005500610D8B411D001C5D9F402C529
:10903000DAF4DF50076E03C5F6F404C5F7F4000E4A
:10904000F86E0800F5500718D8B4D2D701C5D9F486
:1090500002C5DAF4DF50076E03C5F6F404C5F7F471
:10906000000EF86E0800F550075C016E026AD8A089
:1090700002061200036E470EF66ED90EF76E000E52
:10908000F86E0900F550035CD8A03CD0480EF66E8F
:10909000D90EF76E000EF86E03500900F55CD8A0EB
:1090A00005D0000E026E010E016E1200490EF66E22
:1090B000D90EF76E000EF86E0900F550035CD8A0CB
:1090C0000BD04A0EF66ED90EF76E000EF86E0350F6
:1090D0000900F55CD8B0E5D74B0EF66ED90EF76EE9
:1090E000000EF86E0900F550035CD8A00BD04C0EB2
:1090F000F66ED90EF76E000EF86E03500900F55C9F
:10910000D8B0CFD7000E026E000E016E120007011C
:1091100013511411D8A405D013C711F514C712F5B3
:1091200006D0FF0E1325116EFF0E1421126E27A11B
:1091300009D00DC502F5036A0BC504F50CC505F58C
:109140009BECC7F012AE04D0000E126E000E116E32
:10915000000E106E000E0F6E0CD0000E036E200E6F
:10916000026E0BC504F50CC505F59BECC7F00F4A64
:10917000102A11500F5C1050800A0E6E1250800A97
:109180000E58D8A0EAD7070127B112000DC502F585
:10919000036A0BC504F50CC505F59BECC7F012007E
:1091A000000E0114096E000E02140A6E800E0314E4
:1091B0000B6E7F0E04140C6E09500A100B100C106D
:1091C000D8A408D0000E016E000E026E000E036ED1
:1091D000000E046E000E0514096E000E06140A6ED1
:1091E000800E07140B6E7F0E08140C6E09500A10C7
:1091F0000B100C10D8A408D0000E056E000E066EE1
:10920000000E076E000E086E055001180AE10650A8
:10921000021807E10750031804E108500418D8B4F5
:1092200002D0D8901200D8801200000E0501EC6F19
:10923000000EEB6F33D0E4510701D5250501C76F50
:10924000E5510701D6210501C86FE6510701D72175
:109250000501C96FE7510701D8210501CA6F000E4A
:10926000CC6F000ECB6FE2C5CDF5E3C5CEF5020E97
:10927000D06F000ECF6FA5ECAAF00501C751C81141
:10928000D8B402D0010E1200010EE427000EE5232F
:10929000E623E723020EE327EB4BEC2BE851EB5DD3
:1092A000E951EC59D8A0C7D7000E1200000E0501F5
:1092B000EE6F000EED6F33D0E6510701D5250501A5
:1092C000C76FE7510701D6210501C86FE8510701B3
:1092D000D7210501C96FE9510701D8210501CA6FDE
:1092E000000ECC6F000ECB6FE4C5CDF5E5C5CEF515
:1092F000020ED06F000ECF6F28ECAFF00501C75102
:10930000C811D8B402D0010E1200010EE627000EDB
:10931000E723E823E923020EE527ED4BEE2BEA5184
:10932000ED5DEB51EE59D8A0C7D7000E1200000E2C
:10933000096E000E0A6E000E0B6E000E0C6E0550CC
:10934000061007100810D8B42AD0010E0D6E06D0F2
:10935000D89005360636073608360D2A08AEF8D7F7
:10936000D89009360A360B360C360550015C06508B
:1093700002580750035808500458D8A009D0055087
:10938000015E0650025A0750035A0850045A0980D9
:10939000D89008320732063205320D2EE1D709C5C2
:1093A00001F50AC502F50BC503F50CC504F512005D
:1093B000070127A10AD014C50BF515C50CF512C578
:1093C0000DF513C50EF553ECCEF017AE04D0000E1C
:1093D000176E000E166E000E1A6E000E196E0CD06F
:1093E000000E036E200E026E12C504F513C505F5BE
:1093F0009BECC7F0194A1A2A1650195C1A50800AB9
:10940000186E1750800A1858D8A0EAD7070127B15C
:10941000120014C50BF515C50CF512C50DF513C5D5
:109420000EF553ECCEF012001A0E0A24016E000E57
:109430000B20026E37ECCEF001C510F502C511F518
:10944000126A136A08C5D9F409C5DAF4030EDE18E6
:10945000D8A41CD0140E0A24016E000E0B20026E3C
:1094600037ECCEF001500C6E02500D6E0E6A0F6A92
:109470000DC50FF50CC50EF50D6A0C6A0C501012D7
:109480000D5011120E5012120F50131210C508F584
:1094900011C509F512C50AF513C50BF5120001C572
:1094A0000BF502C50CF50CC5C1F40BC5BFF4000EDD
:1094B000CB6E000E0A6E000E096E25D0C09A0950C0
:1094C0000324076E0A500420086E07C5F6F408C589
:1094D000F7F4000EF86E240EF76403D00800F55080
:1094E00005D0F6C4E9F4F7C4EAF4EF50C36EC08ABD
:1094F0000B2A0BC5BFF40B50D8A403D00C2A0CC503
:10950000C1F4094A0A2A0550095C06500A58D8B025
:109510001200D4D72E0EF66E9C0EF76E010EF86E6A
:1095200002EE80F010EE40F00900F5C4EEF4E550D4
:10953000E150FAE1020EF66EA00EF76E010EF86E23
:1095400001EED5F310EE07F00900F5C4EEF4E55096
:10955000E150FAE102EEC0F014EEFCF0EE6AE550E4
:10956000E150FCE1E250FAE102EE00F0800EEE6A1A
:10957000E806FDE101EE00F3BF0EEE6AE806FDE14C
:109580000001E0EFABF0000E07011E6F000E1D6F33
:109590001EBF0ED01E5104E1140E1D5DD8A008D0D0
:1095A0008E0E05019A6FFF0E9B6F55ECCFF0FFD723
:1095B000000E0501AF6F000EAE6F000EB16F050E0D
:1095C000B06F000EB36F640EB26F2EECB0F0AE5100
:1095D000AF11D8B41200110E0501BE6F3C0EBD6F65
:1095E000CB0EE82EFED7BD2FFCD7BE2FFAD7070132
:1095F0001D4B1E2BCDD7326E06C730F507C731F590
:109600002CC535F52DC536F528C518F529C519F52C
:109610002AC51AF52BC51BF535C51CF536C51DF534
:10962000325046ECC7F018C533F519C534F5335040
:109630003410D8B403D018ECCFF0120030C501F5C7
:1096400031C502F5010E3524036E000E3620046E7E
:10965000FF0E2E24056EFF0E2F20066E04ECADF0DB
:1096600018ECCFF01200036E430EF66ED90EF76EB3
:10967000000EF86E0900F550035CD8A026D0440E09
:10968000F66ED90EF76E000EF86E03500900F55C09
:10969000D8A005D0000E026E010E016E1200450E1C
:1096A000F66ED90EF76E000EF86E0900F550035CE9
:1096B000D8A00BD0460EF66ED90EF76E000EF86EDF
:1096C00003500900F55CD8B0E5D7000E026E000E1D
:1096D000016E120001C5D9F402C5DAF403C5DFF446
:1096E000014A022A0450036E0550046E0650056EAE
:1096F000066A01C5D9F402C5DAF403C5DFF4014AEC
:10970000022A0450036E0550046E0650056E066A68
:1097100001C5D9F402C5DAF403C5DFF4014A022A0F
:109720000450036E0550046E0650056E066A01C5AE
:10973000D9F402C5DAF403C5DFF4014A022A1200A3
:1097400003C509F504C50AF505500610D8B4120082
:1097500006C583F005C582F009C5D9F40AC5DAF457
:10976000DF500001816F094A0A2A000E086E010EBF
:10977000076E0ED009C5D9F40AC5DAF4DF50816F3F
:10978000094A0A2AB1A0FED700018051074A082AD7
:109790000550075C06500858D8A0ECD7B1A0FED7FA
:1097A00000018051120004D0014A022A034A042A0F
:1097B00001C5D9F402C5DAF4DF50056E03C5F6F42D
:1097C00004C5F7F4000EF86E0800F5500518D8A48B
:1097D00007D001C5D9F402C5DAF4DF50D8A4E4D724
:1097E00001C5D9F402C5DAF4DF50056E03C5F6F4FD
:1097F00004C5F7F4000EF86E0800F550055C016E24
:10980000026AD8A002061200000E096E01C50AF510
:1098100002C50BF503500A24056E04500B20066E9A
:109820001CD00AC5D9F40BC5DAF4DF50091A0A4A6C
:109830000B2A000E086E000E076E09AE02D0890ECC
:10984000091AD8900936074A082A08BEF6D70850E0
:1098500004E1080E075CD8A0F0D705500A5C06505A
:109860000B58D8A0DED709501200000E096E000E6A
:109870000A6E000E0B6E000E0C6E01A008D0055093
:10988000092606500A2207500B2208500C22D890B5
:109890000536063607360836D890043203320232CF
:1098A00001320150021003100410D8A4E6D709C5F4
:1098B00001F50AC502F50BC503F50CC504F5120048
:1098C00001C509F502C50AF50AC5C1F409C5BFF409
:1098D000CB68000E086E000E076E15D0BE9A0750BA
:1098E0000324D96E08500420DA6ED3C4DFF4BE8A94
:1098F000092A09C5BFF40950D8A403D00A2A0AC509
:10990000C1F4074A082A0550075C06500858D8B029
:109910001200E4D711680BC501F50CC502F525EC62
:10992000CDF0000E106E000E0F6E10D00BC501F5BD
:109930000CC502F5110E036E050E046E000E066EC8
:10994000010E056EA0ECCBF00F4A102A0D500F5CF3
:109950000E501058D8A0EAD70BC501F50CC502F57A
:109960006FECCEF012000501A96F010E0501AA6F80
:1099700010D0000EAA6F1CD0EC0E9A6FF90E9B6FE0
:10998000A9C59CF59D6BA6C59EF59F6B55ECCFF0C8
:109990000FD0A651000AD8B4ECD7010AD8B4ECD73E
:1099A000030AD8B4E9D7010AD8B4E6D7070AE4D73E
:1099B000AA5112009E0EA26F050EA36F9AC5A4F5C0
:1099C0009BC5A5F5000EA86F000EA76F000EAF6F28
:1099D000000EAE6FA40E946F050E956F9CC596F5A4
:1099E0009DC597F5A20E986F050E996F4AECCDF0C4
:1099F000A7519A25D96EA8519B21DA6EDF6A120011
:109A000004BE09D001C501F502C502F503C503F581
:109A100004C504F5120001C505F502C506F503C528
:109A200007F504C508F5051E061E071E081E052AB3
:109A3000000E06220722082205C501F506C502F51B
:109A400007C503F508C504F5120001C503F502C5F5
:109A500004F520EE02F00350D9260450DA22DF503C
:109A6000D8A410D0310E0201116F320E126F20EE09
:109A700003F00350D9260450DA22CBC4DFF4C89295
:109A8000C890C88420EE02F00350D9260450DA2290
:109A9000DF2A120096C55BF597C55CF50ED094C51C
:109AA00051F595C552F55B0E536E050E546E98C573
:109AB00055F599C556F5A7EC95F05BC5F6F45CC570
:109AC000F7F4000EF86E0800F5500009D8A4E7D7A7
:109AD000000E0501956F000E946F1200000E1E1A05
:109AE000000E1F1A000E201A800E211A1AC501F549
:109AF0001BC502F51CC503F51DC504F51EC505F5FE
:109B00001FC506F520C507F521C508F5ABECA3F088
:109B100001C51AF502C51BF503C51CF504C51DF5E5
:109B2000120001C5F6F402C5F7F4000EF86E080045
:109B3000F5500318D8A405D001C501F502C502F5FA
:109B4000120001C5F6F402C5F7F4014A022A000E1C
:109B5000F86E0800F5500009D8A4E3D7000E016E96
:109B6000000E026E120003C509F504C50AF501C511
:109B700007F502C508F510D009C5D9F40AC5DAF40D
:109B8000DF500B6E094A0A2A07C5D9F408C5DAF472
:109B90000BC5DFF4074A082A0506D8A006060528E3
:109BA000EBE10628D8B41200E7D7CE0E05019A6F74
:109BB000FB0E9B6F55ECCFF0280E9A6FFE0E9B6F3D
:109BC00055ECCFF0110E0501A76F3C0EA66FCB0E22
:109BD000E82EFED7A62FFCD7A72FFAD70F0E050128
:109BE0009A6FFE0E9B6F55ECCFF012001A0E0724F1
:109BF000016E000E0820026E09C503F50AC504F5C2
:109C00002DECCFF005C5D9F406C5DAF4030EDE1845
:109C1000D8A41200140E0724016E000E0820026E54
:109C20000BC503F50CC504F52DECCFF012001A009E
:109C300000001A0000001A0000001A0000000000D6
:109C40000000000000000000000000000000800094
:109C50000000800000008000000080000000000084
:109C6000000000000000000000006440000020EE42
:109C700001F00150D9260250DA22DF50036E035062
:109C8000066E076A01C5D9F402C5DAF4DF50036E27
:109C90000650046E0350066E04C507F506C501F5AF
:109CA00007C502F51200000E116E000E106E0BD0EB
:109CB0000FC502F5036A0DC504F50EC505F59BEC4D
:109CC000C7F0104A112A10500B24D96E11500C20E5
:109CD000DA6EDF500F6E0F50D8B41200E9D701C50D
:109CE00003F502C504F520EE02F00350D926045016
:109CF000DA22DF06DF50D8A41200000E0201116F35
:109D0000000E126F20EE03F00350D9260450DA2221
:109D1000DF50CB6E120001C505F502C506F503C57F
:109D2000F6F404C5F7F4034A042A000EF86E05C5DC
:109D3000D9F406C5DAF4054A062A0800F5C4DFF4AA
:109D4000DF50D8B41200EBD701C503F502C504F506
:109D500020EE02F00350D9260450DA22DF6A000E0A
:109D60000001846F000E856F100E02016A6F120EE3
:109D70006B6FC8980001848F1200166E06C714F529
:109D800007C715F514C50FF515C510F58DECCFF007
:109D9000176E16501718D8A407D01206D8A01306AD
:109DA00012501310D8A4EED7175012000150021011
:109DB00003100410D8B408D0000E011A000E021AC5
:109DC000000E031A800E041A01C501F502C502F542
:109DD00003C503F504C504F5120001C507F502C566
:109DE00008F508D007C5D9F408C5DAF403C5DFF4CF
:109DF000074A082A0506D8A006060528F3E1062822
:109E0000D8B41200EFD7B1C5A6F5B2C5A7F5B30E09
:109E1000A86F050EA96FB9ECC3F0B56FB551D8A402
:109E20001200B1C5D9F4B2C5DAF4DE6ADD6A1200F7
:109E300006C712F507C713F512C505F513C506F5D4
:109E4000AFECCFF012C50BF513C50CF5000E0E6E7E
:109E5000010E0D6E8AECCCF0120001C5D9F402C5DA
:109E6000DAF403C5DFF4014A022A04C503F5046AE3
:109E700001C5D9F402C5DAF403C5DFF4014A022AA8
:109E800012000CBE05D00BC50BF50CC50CF512006D
:109E90000BC50DF50CC50EF50D1E0E1E0D4A0E2A36
:109EA0000DC50BF50EC50CF512009C0E5D6E050E72
:109EB0005E6E000E946F000E956F9AC596F59BC569
:109EC00097F55D0E986F050E996F4AECCDF0120074
:109ED00001500302F3C405F5F4C406F50150040271
:109EE000F350062602500302F350062605C501F57D
:109EF00006C502F512005F6E5F50D8B402D0020EA4
:109F000012000701D52907E1D62905E1D72903E188
:109F1000D829D8B4F4D7000E120011680FC501F586
:109F200010C502F5110E036E050E046E000E066ECE
:109F3000010E056E04ECADF01150120005C501F5DF
:109F400006C502F525ECCDF005C501F506C502F5FF
:109F5000000E046E010E036EE6ECCFF0120005C594
:109F600001F506C502F5000E046E000E036EE6EC68
:109F7000CFF005C501F506C502F56FECCEF0120075
:109F800001C504F502C505F505C5C1F404C5BFF456
:109F9000BE9A00000000D3C403F5BE8A035012002D
:109FA000D0BCFED7000EC76E000EC96EBE8AC08A36
:109FB000BE92C69AC89AC6921200000E016E000E9A
:109FC000026E210E036E000E046E12000350041088
:109FD000D8A402D0C0881200C0981200C768C9680F
:109FE000CB68C68AC88AC6821200B7A0FED7C7C28D
:109FF00001F5026A1200016EB7A2FED701C5C9F2CF
:09A000001200FFFFFFFFBB070186
:04FFFC008AEFCAF0CE
:020000040030CA
:080000008CFFFFF79FFFFFFFDB
:01000900FFF7
:00000001FF
