:04000000FEEFFFF020
:10D93E0000819FE0FC407E80FC00001000C35CE78D
:10D94E00C358E77F00436F7079726967687420313E
:10D95E003937392028632920627920446967697430
:10D96E00616C2052657365617263682020202020EF
:10D97E002000000000000000000000000000000079
:10D98E000000000000000000000000000000000089
:10D99E000000000000000000000000000000000079
:10D9AE000000000000000000000000000000000069
:10D9BE000000000000000000000000000000000059
:10D9CE00000000000008E400005F0E02C30500C561
:10D9DE00CD8CE4C1C93E0DCD92E43E0AC392E43E25
:10D9EE0020C392E4C5CD98E4E17EB7C823E5CD8C83
:10D9FE00E4E1C3ACE40E0DC305005F0E0EC30500DB
:10DA0E00CD050032EEEB3CC90E0FC3C3E4AF32EDD1
:10DA1E00EB11CDEBC3CBE40E10C3C3E40E11C3C3A5
:10DA2E00E40E12C3C3E411CDEBC3DFE40E13C30542
:10DA3E0000CD0500B7C90E14C3F4E411CDEBC3F944
:10DA4E00E40E15C3F4E40E16C3C3E40E17C30500AB
:10DA5E001EFF0E20C30500CD13E58787878721EFB4
:10DA6E00EBB6320400C93AEFEB320400C9FE61D8BE
:10DA7E00FE7BD0E65FC93AABEBB7CA96E53AEFEB61
:10DA8E00B73E00C4BDE411ACEBCDCBE4CA96E53A8B
:10DA9E00BBEB3D32CCEB11ACEBCDF9E4C296E5110C
:10DAAE0007E42180000680CD42E821BAEB36002340
:10DABE003511ACEBCDDAE4CA96E53AEFEBB7C4BD5F
:10DACE00E42108E4CDACE4CDC2E5CAA7E5CDDDE5A1
:10DADE00C382E7CDDDE5CD1AE50E0A1106E4CD05CC
:10DAEE0000CD29E52107E4462378B7CABAE57ECDF5
:10DAFE0030E57705C3ABE5772108E42288E4C90E4B
:10DB0E000BCD0500B7C80E01CD0500B7C90E19C360
:10DB1E0005001180000E1AC3050021ABEB7EB7C8BD
:10DB2E003600AFCDBDE411ACEBCDEFE43AEFEBC375
:10DB3E00BDE41128E72100EC06061ABEC2CFE7139A
:10DB4E002305C2FDE5C9CD98E42A8AE47EFE20CAEB
:10DB5E0022E6B7CA22E6E5CD8CE4E123C30FE63E0A
:10DB6E003FCD8CE4CD98E4CDDDE5C382E71AB7C88E
:10DB7E00FE20DA09E6C8FE3DC8FE5FC8FE2EC8FECE
:10DB8E003AC8FE3BC8FE3CC8FE3EC8C91AB7C8FE1E
:10DB9E0020C013C34FE6856FD024C93E0021CDEBC4
:10DBAE00CD59E6E5E5AF32F0EB2A88E4EBCD4FE652
:10DBBE00EB228AE4EBE11AB7CA89E6DE4047131A74
:10DBCE00FE3ACA90E61B3AEFEB77C396E67832F050
:10DBDE00EB70130608CD30E6CAB9E623FE2AC2A9B9
:10DBEE00E6363FC3ABE6771305C298E6CD30E6CAFC
:10DBFE00C0E613C3AFE623362005C2B9E60603FE20
:10DC0E002EC2E9E613CD30E6CAE9E623FE2AC2D9D2
:10DC1E00E6363FC3DBE6771305C2C8E6CD30E6CA6B
:10DC2E00F0E613C3DFE623362005C2E9E60603233A
:10DC3E00360005C2F2E6EB2288E4E1010B00237EFA
:10DC4E00FE3FC209E7040DC201E778B7C944495245
:10DC5E002045524120545950455341564552454E48
:10DC6E0020555345520016000000002110E70E000B
:10DC7E0079FE06D011CEEB06041ABEC24FE713236F
:10DC8E0005C23CE71AFE20C254E779C92305C24FEC
:10DC9E00E70CC333E7AF3207E431ABEBC5791F1F97
:10DCAE001F1FE60F5FCD15E5CDB8E432ABEBC179A2
:10DCBE00E60F32EFEBCDBDE43A07E4B7C298E73199
:10DCCE00ABEBCD98E4CDD0E5C641CD8CE43E3ECD58
:10DCDE008CE4CD39E5118000CDD8E5CDD0E532EF1D
:10DCEE00EBCD5EE6C409E63AF0EBB7C2A5EACD2E5F
:10DCFE00E721C1E75F160019197E23666FE977E801
:10DD0E001FE95DE9ADE910EA8EEAA5EA21F3762274
:10DD1E0000E42100E4E901DFE7C3A7E45265616492
:10DD2E00206572726F720001F0E7C3A7E44E6F2098
:10DD3E0066696C6500CD5EE63AF0EBB7C209E62186
:10DD4E00CEEB010B007EFE20CA33E823D630FE0A4E
:10DD5E00D209E65778E6E0C209E67807070780DAC7
:10DD6E0009E680DA09E682DA09E6470DC208E8C953
:10DD7E007EFE20C209E6230DC233E878C906037E73
:10DD8E0012231305C242E8C921800081CD59E67ED7
:10DD9E00C9AF32CDEB3AF0EBB7C83D21EFEBBEC8C1
:10DDAE00C3BDE43AF0EBB7C83D21EFEBBEC83AEF86
:10DDBE00EBC3BDE4CD5EE6CD54E821CEEB7EFE2076
:10DDCE00C28FE8060B363F2305C288E81E00D5CD6C
:10DDDE00E9E4CCEAE7CA1BE93AEEEB0F0F0FE66077
:10DDEE004F3E0ACD4BE817DA0FE9D17B1CD5E6037F
:10DDFE00F5C2CCE8CD98E4C5CDD0E5C1C641CD92F3
:10DE0E00E43E3ACD92E4C3D4E8CDA2E43E3ACD92BC
:10DE1E00E4CDA2E4060178CD4BE8E67FFE20C2F900
:10DE2E00E8F1F5FE03C2F7E83E09CD4BE8E67FFECA
:10DE3E0020CA0EE93E20CD92E40478FE0CD20EE903
:10DE4E00FE09C2D9E8CDA2E4C3D9E8F1CDC2E5C23C
:10DE5E001BE9CDE4E4C398E8D1C386EBCD5EE6FEC4
:10DE6E000BC242E90152E9CDA7E4CD39E52107E421
:10DE7E0035C282E7237EFE59C282E7232288E4CD93
:10DE8E0054E811CDEBCDEFE43CCCEAE7C386EB4191
:10DE9E006C6C2028792F6E293F00CD5EE6C209E614
:10DEAE00CD54E8CDD0E4CAA7E9CD98E421F1EB3604
:10DEBE00FF21F1EB7EFE80DA87E9E5CDFEE4E1C2DB
:10DECE00A0E9AF7734218000CD59E67EFE1ACA86CE
:10DEDE00EBCD8CE4CDC2E5C286EBC374E93DCA86B8
:10DEEE00EBCDD9E7CD66E8C309E6CDF8E7F5CD5E13
:10DEFE00E6C209E6CD54E811CDEBD5CDEFE4D1CD98
:10DF0E0009E5CAFBE9AF32EDEBF16F2600291100EE
:10DF1E00017CB5CAF1E92BE521800019E5CDD8E5E4
:10DF2E0011CDEBCD04E5D1E1C2FBE9C3D4E911CDAE
:10DF3E00EBCDDAE43CC201EA0107EACDA7E4CDD588
:10DF4E00E5C386EB4E6F20737061636500CD5EE6B0
:10DF5E00C209E63AF0EBF5CD54E8CDE9E4C279EA30
:10DF6E0021CDEB11DDEB0610CD42E82A88E4EBCD96
:10DF7E004FE6FE3DCA3FEAFE5FC273EAEB232288FC
:10DF8E00E4CD5EE6C273EAF14721F0EB7EB7CA59E3
:10DF9E00EAB870C273EA70AF32CDEBCDE9E4CA6D68
:10DFAE00EA11CDEBCD0EE5C386EBCDEAE7C386EBEA
:10DFBE00CD66E8C309E60182EACDA7E4C386EB4647
:10DFCE00696C652065786973747300CDF8E7FE108F
:10DFDE00D209E65F3ACEEBFE20CA09E6CD15E5C3BF
:10DFEE0089EBCDF5E53ACEEBFE20C2C4EA3AF0EB72
:10DFFE00B7CA89EB3D32EFEBCD29E5CDBDE4C38940
:10E00E00EB11D6EB1AFE20C209E6D5CD54E8D1218C
:10E01E0083EBCD40E8CDD0E4CA6BEB210001E5EBFC
:10E02E00CDD8E511CDEBCDF9E4C201EBE1118000C5
:10E03E00191100E47D937C9AD271EBC3E1EAE13DC4
:10E04E00C271EBCD66E8CD5EE621F0EBE57E32CD1A
:10E05E00EB3E10CD60E6E17E32DDEBAF32EDEB1143
:10E06E005C0021CDEB0621CD42E82108E47EB7CA43
:10E07E003EEBFE20CA3EEB23C330EB0600118100BF
:10E08E007E12B7CA4FEB042313C343EB78328000E2
:10E09E00CD98E4CDD5E5CD1AE5CD000131ABEBCD74
:10E0AE0029E5CDBDE4C382E7CD66E8C309E6017A72
:10E0BE00EBCDA7E4C386EB426164206C6F61640014
:10E0CE00434F4DCD66E8CD5EE63ACEEBD62021F03D
:10E0DE00EBB6C209E6C382E70000000000000000B4
:10E0EE000000000000000000000024242420202056
:10E0FE0020205355420000000000000000000000E8
:10E10E000000000000000000000000202020202061
:10E11E002020202020200000000000202020202091
:10E12E002020202020200000000000000000000021
:10E13E0000000000000000000000000000001600BB
:10E14E00000000C311EC99ECA5ECABECB1ECEB22AA
:10E15E0043EFEB7B32D6F92100002245EF39220F37
:10E16E00EF3141EFAF32E0F932DEF92174F9E579A2
:10E17E00FE29D04B2147EC5F160019195E23562A53
:10E18E0043EFEBE903FAC8EE90EDCEEE12FA0FFA7A
:10E19E00D4EEEDEEF3EEF8EEE1EDFEEE7EF883F862
:10E1AE0045F89CF8A5F8ABF8C8F8D7F8E0F8E6F80B
:10E1BE00ECF8F5F8FEF804F90AF911F92CF117F953
:10E1CE001DF926F92DF941F947F94DF90EF853F9D4
:10E1DE0004EF04EF9BF921CAECCDE5ECFE03CA0077
:10E1EE0000C921D5ECC3B4EC21E1ECC3B4EC21DCC5
:10E1FE00ECCDE5ECC3000042646F732045727220D3
:10E20E004F6E20203A202442616420536563746F60
:10E21E00722453656C6563742446696C6520522FB5
:10E22E004F24E5CDC9ED3A42EFC64132C6EC01BAF4
:10E23E00ECCDD3EDC1CDD3ED210EEF7E3600B7C0C0
:10E24E00C309FACDFBECCD14EDD8F54FCD90EDF121
:10E25E00C9FE0DC8FE0AC8FE09C8FE08C8FE20C9C0
:10E26E003A0EEFB7C245EDCD06FAE601C8CD09FA72
:10E27E00FE13C242EDCD09FAFE03CA0000AFC93249
:10E28E000EEF3E01C93A0AEFB7C262EDC5CD23EDDE
:10E29E00C1C5CD0CFAC1C53A0DEFB7C40FFAC1799D
:10E2AE00210CEFFE7FC834FE20D0357EB7C879FE34
:10E2BE0008C279ED35C9FE0AC03600C979CD14ED14
:10E2CE00D290EDF50E5ECD48EDF1F6404F79FE0998
:10E2DE00C248ED0E20CD48ED3A0CEFE607C296EDA2
:10E2EE00C9CDACED0E20CD0CFA0E08C30CFA0E23E0
:10E2FE00CD48EDCDC9ED3A0CEF210BEFBED00E207F
:10E30E00CD48EDC3B9ED0E0DCD48ED0E0AC348ED67
:10E31E000AFE24C803C54FCD90EDC1C3D3ED3A0C10
:10E32E00EF320BEF2A43EF4E23E50600C5E5CDFB9A
:10E33E00ECE67FE1C1FE0DCAC1EEFE0ACAC1EEFED9
:10E34E0008C216EE78B7CAEFED053A0CEF320AEFB7
:10E35E00C370EEFE7FC226EE78B7CAEFED7E052BB8
:10E36E00C3A9EEFE05C237EEC5E5CDC9EDAF320B42
:10E37E00EFC3F1EDFE10C248EEE5210DEF3E019622
:10E38E0077E1C3EFEDFE18C25FEEE13A0BEF210C21
:10E39E00EFBED2E1ED35CDA4EDC34EEEFE15C26B50
:10E3AE00EECDB1EDE1C3E1EDFE12C2A6EEC5CDB1EB
:10E3BE00EDC1E1E5C578B7CA8AEE234E05C5E5CDB8
:10E3CE007FEDE1C1C378EEE53A0AEFB7CAF1ED2170
:10E3DE000CEF96320AEFCDA4ED210AEF35C299EE7D
:10E3EE00C3F1ED237704C5E54FCD7FEDE1C17EFE90
:10E3FE000378C2BDEEFE01CA0000B9DAEFEDE1709E
:10E40E000E0DC348EDCD06EDC301EFCD15FAC301D8
:10E41E00EF793CCAE0EE3CCA06FAC30CFACD06FA16
:10E42E00B7CA91F9CD09FAC301EF3A0300C301EF60
:10E43E0021030071C9EB4D44C3D3EDCD23ED32451D
:10E44E00EFC93E01C301EF00020000000000000012
:10E45E0000000000000000000000000000000000AE
:10E46E00000000000000000000000000000000009E
:10E47E00000000000000000000000000000000008E
:10E48E0000000000210BEC5E2356EBE90C0DC81AC0
:10E49E00771323C350EF3A42EF4FCD1BFA7CB5C82A
:10E4AE005E23562322B3F9232322B5F9232322B761
:10E4BE00F92323EB22D0F921B9F90E08CD4FEF2A1B
:10E4CE00BBF9EB21C1F90E0FCD4FEF2AC6F97C2116
:10E4DE00DDF936FFB7CA9DEF36003EFFB7C9CD183E
:10E4EE00FAAF2AB5F97723772AB7F9772377C9CD0B
:10E4FE0027FAC3BBEFCD2AFAB7C82109ECC34AEFFE
:10E50E002AEAF90E02CDEAF022E5F922ECF921E52C
:10E51E00F94E23462AB7F95E23562AB5F97E2366AD
:10E52E006F7993789AD2FAEFE52AC1F97B955F7AE3
:10E53E009C57E12BC3E4EFE52AC1F919DA0FF07904
:10E54E0095789CDA0FF0EBE123C3FAEFE1C5D5E540
:10E55E00EB2ACEF919444DCD1EFAD12AB5F9732303
:10E56E0072D12AB7F9732372C179934F789A472AD9
:10E57E00D0F9EBCD30FA4D44C321FA21C3F94E3A0E
:10E58E00E3F9B71F0DC245F0473E08964F3AE2F940
:10E59E000DCA5CF0B717C353F080C92A43EF1110B0
:10E5AE000019093ADDF9B7CA71F06E2600C9095E85
:10E5BE002356EBC9CD3EF04F0600CD5EF022E5F9B5
:10E5CE00C92AE5F97DB4C93AC3F92AE5F9293DC24C
:10E5DE0090F022E7F93AC4F94F3AE3F9A1B56F2268
:10E5EE00E5F9C92A43EF110C0019C92A43EF110F9F
:10E5FE000019EB21110019C9CDAEF07E32E3F9EB13
:10E60E007E32E1F9CDA6F03AC5F9A632E2F9C9CDCE
:10E61E00AEF03AD5F9FE02C2DEF0AF4F3AE3F98121
:10E62E0077EB3AE1F977C90C0DC87CB71F677D1FF0
:10E63E006FC3EBF00E802AB9F9AF86230DC2FDF041
:10E64E00C90C0DC829C305F1C53A42EF4F2101008F
:10E65E00CD04F1C179B56F78B467C92AADF93A42E4
:10E66E00EF4FCDEAF07DE601C921ADF94E2346CD3F
:10E67E000BF122ADF92AC8F923EB2AB3F9732372F1
:10E68E00C9CD5EF1110900197E17D0210FECC34AD6
:10E69E00EFCD1EF1C8210DECC34AEF2AB9F93AE9C4
:10E6AE00F9856FD024C92A43EF110E00197EC9CD0A
:10E6BE0069F13600C9CD69F1F68077C92AEAF9EB1E
:10E6CE002AB3F97B96237A9EC9CD7FF1D813722B8C
:10E6DE0073C97B956F7A9C67C90EFF2AECF9EB2AFA
:10E6EE00CCF9CD95F1D0C5CDF7F02ABDF9EB2AECDA
:10E6FE00F919C10CCAC4F1BEC8CD7FF1D0CD2CF131
:10E70E00C977C9CD9CF1CDE0F10E01CDB8EFC3DADA
:10E71E00F1CDE0F1CDB2EF21B1F9C3E3F121B9F9B9
:10E72E004E2346C324FA2AB9F9EB2AB1F90E80C357
:10E73E004FEF21EAF97E23BEC03CC921FFFF22EA3A
:10E74E00F9C92AC8F9EB2AEAF92322EAF9CD95F19B
:10E75E00D219F2C3FEF13AEAF9E60306058705C2BD
:10E76E0020F232E9F9B7C0C5CDC3EFCDD4F1C1C3A4
:10E77E009EF179E6073C5F57790F0F0FE61F4F7832
:10E78E008787878787B14F780F0F0FE61F472ABFFE
:10E79E00F9097E071DC256F2C9D5CD35F2E6FEC186
:10E7AE00B10F15C264F277C9CD5EF111100019C513
:10E7BE000E11D10DC8D53ADDF9B7CA88F2C5E54EAE
:10E7CE000600C38EF20DC54E2346E579B0CA9DF202
:10E7DE002AC6F97D917C98D45CF2E123C1C375F20F
:10E7EE002AC6F90E03CDEAF023444D2ABFF93600AE
:10E7FE00230B78B1C2B1F22ACAF9EB2ABFF97323FF
:10E80E0072CDA1EF2AB3F93603233600CDFEF10EF9
:10E81E00FFCD05F2CDF5F1C8CD5EF13EE5BECAD213
:10E82E00F23A41EFBEC2F6F2237ED624C2F6F23D94
:10E83E003245EF0E01CD6BF2CD8CF1C3D2F23AD44C
:10E84E00F9C301EFC5F53AC5F92F4779A04FF1A0ED
:10E85E0091E61FC1C93EFF32D4F921D8F9712A437E
:10E86E00EF22D9F9CDFEF1CDA1EF0E00CD05F2CDFF
:10E87E00F5F1CA94F32AD9F9EB1AFEE5CA4AF3D593
:10E88E00CD7FF1D1D294F3CD5EF13AD8F94F060097
:10E89E0079B7CA83F31AFE3FCA7CF378FE0DCA7CA1
:10E8AE00F3FE0C1ACA73F396E67FC22DF3C37CF304
:10E8BE00C54ECD07F3C1C22DF31323040DC353F37D
:10E8CE003AEAF9E6033245EF21D4F97E17D0AF7755
:10E8DE00C9CDFEF13EFFC301EFCD54F10E0CCD18A4
:10E8EE00F3CDF5F1C8CD44F1CD5EF136E50E00CD98
:10E8FE006BF2CDC6F1CD2DF3C3A4F3505979B0CA46
:10E90E00D1F30BD5C5CD35F21FD2ECF3C1D12AC64A
:10E91E00F97B957A9CD2F4F313C5D5424BCD35F2E3
:10E92E001FD2ECF3D1C1C3C0F3173CCD64F2E1D1D9
:10E93E00C979B0C2C0F3210000C90E001E20D50651
:10E94E00002A43EF09EBCD5EF1C1CD4FEFCDC3EF02
:10E95E00C3C6F1CD54F10E0CCD18F32A43EF7E1140
:10E96E0010001977CDF5F1C8CD44F10E101E0CCD67
:10E97E0001F4CD2DF3C327F40E0CCD18F3CDF5F124
:10E98E00C80E001E0CCD01F4CD2DF3C340F40E0FB6
:10E99E00CD18F3CDF5F1C8CDA6F07EF5E5CD5EF13F
:10E9AE00EB2A43EF0E20D5CD4FEFCD78F1D1210CD0
:10E9BE0000194E210F001946E1F17779BE78CA8B06
:10E9CE00F43E00DA8BF43E802A43EF110F001977E4
:10E9DE00C97E23B62BC01A7713231A771B2BC9AF08
:10E9EE003245EF32EAF932EBF9CD1EF1C0CD69F1C5
:10E9FE00E680C00E0FCD18F3CDF5F1C8011000CD95
:10EA0E005EF109EB2A43EF090E103ADDF9B7CAE8B9
:10EA1E00F47EB71AC2DBF477B7C2E1F47E12BEC23F
:10EA2E001FF5C3FDF4CD94F4EBCD94F4EB1ABEC2F6
:10EA3E001FF513231ABEC21FF50D13230DC2CDF4FD
:10EA4E0001ECFF09EB091ABEDA17F577010300098D
:10EA5E00EB097E123EFF32D2F9C310F42145EF3599
:10EA6E00C9CD54F12A43EFE521ACF92243EF0E0153
:10EA7E00CD18F3CDF5F1E12243EFC8EB210F0019CC
:10EA8E000E11AF77230DC246F5210D001977CD8CEF
:10EA9E00F1CDFDF3C378F1AF32D2F9CDA2F4CDF5BD
:10EAAE00F1C82A43EF010C00097E3CE61F77CA83AA
:10EABE00F5473AC5F9A021D2F9A6CA8EF5C3ACF531
:10EACE0001020009347EE60FCAB6F50E0FCD18F31B
:10EADE00CDF5F1C2ACF53AD3F93CCAB6F5CD24F575
:10EAEE00CDF5F1CAB6F5C3AFF5CD5AF4CDBBF0AF47
:10EAFE00C301EFCD05EFC378F13E0132D5F93EFFEC
:10EB0E0032D3F9CDBBF03AE3F921E1F9BEDAE6F5FD
:10EB1E00FE80C2FBF5CD5AF5AF32E3F93A45EFB7B9
:10EB2E00C2FBF5CD77F0CD84F0CAFBF5CD8AF0CDE2
:10EB3E00D1EFCDB2EFC3D2F0C305EF3E0132D5F91E
:10EB4E003E0032D3F9CD54F12A43EFCD47F1CDBB80
:10EB5E00F03AE3F9FE80D205EFCD77F0CD84F00EDA
:10EB6E0000C26EF6CD3EF032D7F9010000B7CA3BB7
:10EB7E00F64F0BCD5EF0444DCDBEF37DB4C248F6DC
:10EB8E003E02C301EF22E5F9EB2A43EF0110000923
:10EB9E003ADDF9B73AD7F9CA64F6CD64F173C36CAE
:10EBAE00F64F060009097323720E023A45EFB7C0FD
:10EBBE00C5CD8AF03AD5F93D3DC2BBF6C1C5793D0A
:10EBCE003DC2BBF6E52AB9F957772314F28CF6CD80
:10EBDE00E0F12AE7F90E0222E5F9C5CDD1EFC1CD5C
:10EBEE00B8EF2AE5F90E003AC4F947A5B823C29A40
:10EBFE00F6E122E5F9CDDAF1CDD1EFC1C5CDB8EF11
:10EC0E00C13AE3F921E1F9BEDAD2F677340E020009
:10EC1E0000210000F5CD69F1E67F77F1FE7FC2009D
:10EC2E00F73AD5F9FE01C200F7CDD2F0CD5AF52153
:10EC3E0045EF7EB7C2FEF63D32E3F93600C3D2F0A1
:10EC4E00AF32D5F9C52A43EFEB212100197EE67FBD
:10EC5E00F57E17237E17E61F4F7E1F1F1F1FE60F21
:10EC6E0047F1236E2C2D2E06C28BF721200019772B
:10EC7E00210C00197996C247F7210E00197896E6F5
:10EC8E007FCA7FF7C5D5CDA2F4D1C12E033A45EF89
:10EC9E003CCA84F7210C001971210E001970CD5158
:10ECAE00F43A45EF3CC27FF7C1C52E040CCA84F777
:10ECBE00CD24F52E053A45EF3CCA84F7C1AFC3010A
:10ECCE00EFE5CD69F136C0E1C17D3245EFC378F194
:10ECDE000EFFCD03F7CCC1F5C90E00CD03F7CC0363
:10ECEE00F6C9EB194E0600210C00197E0FE6808145
:10ECFE004F3E0088477E0FE60F8047210E00197E9B
:10ED0E0087878787F58047F5E17DE1B5E601C90E76
:10ED1E000CCD18F32A43EF11210019E5722372234B
:10ED2E0072CDF5F1CA0CF8CD5EF1110F00CDA5F73D
:10ED3E00E1E55F799623789E237B9EDA06F8732BA6
:10ED4E00702B71CD2DF3C3E4F7E1C92A43EF1120E7
:10ED5E0000CDA5F7212100197123702377C92AAFA1
:10ED6E00F93A42EF4FCDEAF0E5EBCD59EFE1CC4762
:10ED7E00EF7D1FD82AAFF94D44CD0BF122AFF9C369
:10ED8E00A3F23AD6F92142EFBEC877C321F83EFF6F
:10ED9E0032DEF92A43EF7EE61F3D32D6F9FE1ED251
:10EDAE0075F83A42EF32DFF97E32E0F9E6E077CDE0
:10EDBE0045F83A41EF2A43EFB677C93E22C301EF39
:10EDCE0021000022ADF922AFF9AF3242EF218000CF
:10EDDE0022B1F9CDDAF1C321F8CD72F1CD51F8C3DC
:10EDEE0051F4CD51F8C3A2F40E00EB7EFE3FCAC221
:10EDFE00F8CDA6F07EFE3FC472F1CD51F80E0FCDC8
:10EE0E0018F3C3E9F12AD9F92243EFCD51F8CD2DEC
:10EE1E00F3C3E9F1CD51F8CD9CF3C301F3CD51F815
:10EE2E00C3BCF5CD51F8C3FEF5CD72F1CD51F8C38B
:10EE3E0024F5CD51F8CD16F4C301F32AAFF9C32949
:10EE4E00F93A42EFC301EFEB22B1F9C3DAF12ABF6F
:10EE5E00F9C329F92AADF9C329F9CD51F8CD3BF4FF
:10EE6E00C301F32ABBF92245EFC93AD6F9FEFFC218
:10EE7E003BF93A41EFC301EFE61F3241EFC9CD51E5
:10EE8E00F8C393F7CD51F8C39CF7CD51F8C3D2F721
:10EE9E002A43EF7D2F5F7C2F2AAFF9A4577DA35F06
:10EEAE002AADF9EB22AFF97DA36F7CA26722ADF9F3
:10EEBE00C93ADEF9B7CA91F92A43EF36003AE0F9BA
:10EECE00B7CA91F9773ADFF932D6F9CD45F82A0F5C
:10EEDE00EFF92A45EF7D44C9CD51F83E0232D5F9FE
:10EEEE000E00CD07F7CC03F6C9E500000000800048
:10EEFE000000000000000000000000000000000004
:10EF0E0000000000000000000000000000000000F3
:10EF1E0000000000000000000000000000000000E3
:10EF2E0000000000000000000000000000000000D3
:10EF3E0000000000000000000000000000C3000000
:10EF4E00C30000C30000C30000C30000C30000C321
:10EF5E000000C30000C30000C30000C30000C300D4
:10EF6E0000C30000C30000C30000C30000C30000C4
:10EF7E00C33BFBC34FFBC376FBC382FBC38CFBC3FC
:10EF8E0099FBC399FBC399FBC39AFBC39FFBC3CDEC
:10EF9E00FBC3D2FBC3E8FBC3F1FBC3F7FBC397FB79
:10EFAE00C3D7FB73FA000000000000FCFB8DFAF6DD
:10EFBE00FE7CFC73FA000000000000FCFB8DFA06DC
:10EFCE00FF9BFC73FA000000000000FCFB8DFA169C
:10EFDE00FFBAFC73FA000000000000FCFB8DFA265D
:10EFEE00FFD9FC01070D1319050B111703090F1596
:10EFFE0002080E141A060C1218040A10161A000330
:10F00E000700F2003F00C0001000020000000000E8
:10F01E0000000000FCFBBCFA36FFF8FC000000000C
:10F02E0000000000FCFBBCFA36FFF7FD8000040F69
:10F03E0000F707FF03FFFF0000000036344B2043AC
:10F04E00502F4D20566572732E20322E3220285AA4
:10F05E003830204342494F532056312E3220666FAE
:10F06E0072205A383053494D2C20436F7079726993
:10F07E0067687420313938382D3230303720627954
:10F08E002055646F204D756E6B290D0A00FFFFFF32
:10F09E00FFFFFFFFFFFFFFFFFFFFFFFFFFFFFFFF72
:10F0AE007EB7C84FCD8CFB23C330FBF331800021DC
:10F0BE00CBFACD30FBAF320300320400C355FBF365
:10F0CE00318000DB463EC33200002103FA220100EC
:10F0DE003205002106EC220600018000CDE8FB3A45
:10F0EE0004004FC300E4DB01E602CA80FB3EFFC909
:10F0FE00AFC9DB01E602CA82FBDB00C9DB01E60118
:10F10E00CA8CFB79D300C93EFFC9AF3221FBC9219E
:10F11E00000079FE04DAB3FBFE08CAC0FBFE09CA82
:10F12E00C6FBC93220FB6F292929291133FA19C9C7
:10F13E00219CFAC3C9FB21ACFA3220FBC9793221DA
:10F14E00FBC9793222FBC97AB3C2E2FB69602CC0DB
:10F15E0024C9EB096E2600C9793223FB783224FBD1
:10F16E00C9DB52DB4EB7C9DB53DB4EC900000000D2
:10F17E000000000000000000000000000000000081
:10F18E000000000000000000000000000000000071
:10F19E000000000000000000000000000000000061
:10F1AE000000000000000000000000000000000051
:10F1BE000000000000000000000000000000000041
:10F1CE000000000000000000000000000000000031
:10F1DE000000000000000000000000000000000021
:10F1EE000000000000000000000000000000000011
:10F1FE000000000000000000000000000000000001
:10F20E0000000000000000000000000000000000F0
:10F21E0000000000000000000000000000000000E0
:10F22E0000000000000000000000000000000000D0
:10F23E0000000000000000000000000000000000C0
:10F24E0000000000000000000000000000000000B0
:10F25E0000000000000000000000000000000000A0
:10F26E000000000000000000000000000000000090
:10F27E000000000000000000000000000000000080
:10F28E000000000000000000000000000000000070
:10F29E000000000000000000000000000000000060
:10F2AE000000000000000000000000000000000050
:10F2BE000000000000000000000000000000000040
:10F2CE000000000000000000000000000000000030
:10F2DE000000000000000000000000000000000020
:10F2EE000000000000000000000000000000000010
:10F2FE000000000000000000000000000000000000
:10F30E0000000000000000000000000000000000EF
:10F31E0000000000000000000000000000000000DF
:10F32E0000000000000000000000000000000000CF
:10F33E0000000000000000000000000000000000BF
:10F34E0000000000000000000000000000000000AF
:10F35E00000000000000000000000000000000009F
:10F36E00000000000000000000000000000000008F
:10F37E00000000000000000000000000000000007F
:10F38E00000000000000000000000000000000006F
:10F39E00000000000000000000000000000000005F
:10F3AE00000000000000000000000000000000004F
:10F3BE00000000000000000000000000000000003F
:10F3CE00000000000000000000000000000000002F
:10F3DE00000000000000000000000000000000001F
:10F3EE00000000000000000000000000000000000F
:10F3FE0000000000000000000000000000000000FF
:10F40E0000000000000000000000000000000000EE
:10F41E0000000000000000000000000000000000DE
:10F42E0000000000000000000000000000000000CE
:10F43E0000000000000000000000000000000000BE
:10F44E0000000000000000000000000000000000AE
:10F45E00000000000000000000000000000000009E
:10F46E00000000000000000000000000000000008E
:10F47E00000000000000000000000000000000007E
:10F48E00000000000000000000000000000000006E
:10F49E00000000000000000000000000000000005E
:10F4AE00000000000000000000F3C38700FFFFFF14
:10F4BE00FFFFFFFFFFFFFFFFFFFFFFFFFFFFFFFF4E
:10F4CE00FFFFFFFFFFFFFFFFFFFFFFFFFFFFFFFF3E
:10F4DE00FFFFFFFFFFFFFFFFFFFFFFFFFFFFC33B2E
:10F4EE0000C9FFFFFFFFFFFFFFFFFFFFFFFFFFFF53
:10F4FE00FFFFFFFFFFFFFFFFFFFFFFFFFFFFFFFF0E
:10F50E00FFFFFFFFFFFFFFFFFFFFFFFFFFFFFFFFFD
:10F51E00FFFFFFFFFFFFFFFFFFFFFFFFFFFFFFFFED
:10F52E00FFFFFFFFFFFF0D0A49504C3A00F33180F9
:10F53E00003E7F3CEAC30001FFFFC5F1F5D17BE63B
:10F54E0022CA82027BE62AFE02CA98017BE60AFEE6
:10F55E000ACAE5017BE62AFE22C22203010000C58B
:10F56E00F1F5D17BE62ACA330201FF00ED4C78B1EA
:10F57E00C2D3023EC0ED393F3E00ED39F23E00ED02
:10F58E0039F63E7FED39FEED38FEE68020753EE021
:10F59E00ED39FEAFED39D2ED38D2E64020652600CA
:10F5AE003A4101843241017CE6030707672E013A96
:10F5BE004B0185324B017DE6038407070707ED39C2
:10F5CE00F23E80ED39DF3EFFED39DE212B01C32205
:10F5DE00035A38533138302072756E6E696E67205B
:10F5EE006D656D6F727920307761697420492F4F88
:10F5FE0020317761697420327820636C6F636B0DF4
:10F60E000A0A00216301C3220348443634313830DC
:10F61E002072756E6E696E67206D656D6F727920E2
:10F62E00307761697420492F4F20317761697420DA
:10F63E00302E357820636C6F636B0D0A0A00219EA5
:10F64E0001C3220369383038302072756E6E696ED0
:10F65E00672028666C6167206269743220697320A6
:10F66E005061726974792061667465722061726985
:10F67E0074686D617469632C20626974353331204E
:10F68E00697320303031290D0A0A0021EB01C322A3
:10F69E000375504438303830412072756E6E696E85
:10F6AE00672028666C616720626974322069732056
:10F6BE005061726974792061667465722061726935
:10F6CE0074686D617469632C2062697433312069CA
:10F6DE0073203131290D0A0A00213902C322036930
:10F6EE00383038352072756E6E696E672028666CFC
:10F6FE006167206269743220697320506172697487
:10F70E00792061667465722061726974686D6174C6
:10F71E0069632C20626974352C31207772697461AB
:10F72E00626C65290D0A0A00218802C322034D5915
:10F73E0043505538302072756E6E696E672028669C
:10F74E006C6167206269743220697320506172693E
:10F75E0074792061667465722061726974686D6176
:10F76E007469632C20626974312C3520616C776169
:10F77E0079732030290D0A0A0021D902C322035AB7
:10F78E0038302072756E6E696E672028666C616700
:10F79E002062697432206973204F766572666C6FD1
:10F7AE00772061667465722061726974686D617428
:10F7BE0069632C206E6F204D4C542066756E6374F9
:10F7CE00696F6E290D0A0A00EB218000CD3403EB20
:10F7DE00CD3403DB47DB46C300FA7EB7C84FCD3FBF
:10F7EE000323C33403DB01E601CA3F0379D300C907
:10F7FE00534420436172643A20726561643531323C
:10F80E003A20435243206572726F7220282530349D
:10F81E007820213D20253034782C20726574727941
:10F82E003D2564290A0D00496D6167652066696C86
:10F83E00652025732F445249564525632E44534B5C
:10F84E002069732061737369676E656420746F201D
:10F85E0064726976652025630A0D00534420436166
:10F86E0072643A2020726561643531323A206164E7
:10F87E0064723D25386C642C206F6666733D25647A
:10F88E002C20636F756E743D25640A0D0053442061
:10F89E00436172643A2077726974653531323A2069
:10F8AE00616464723D25386C642C206F6666733D0E
:10F8BE0025642C20636F756E743D25640A0D00530C
:10F8CE004420436172643A2077726974653531322F
:10F8DE003A206661696C656420746F2067657420D8
:10F8EE00746F6B656E2C2074696D656F75740A0D7F
:10F8FE00006469736B5F696F63746C3A2070647235
:10F90E00763D25642C20636D643D25642C20627544
:10F91E0066663D3078256C783A207265733D2564B5
:10F92E000A0D00534420436172643A207772697461
:10F93E00653531323A2074696D656F75742C20729D
:10F94E006573706F6E736520697320253032780A87
:10F95E000D00534420436172643A20434D443538C0
:10F96E002C2052333D253032782025303278202518
:10F97E00303278202530327820253032780A0D004A
:10F98E0025733A204552524F523A20636C6F636B87
:10F99E00207370656564202564206973206E6F7412
:10F9AE0020737570706F727465640A0D0053442075
:10F9BE00436172643A20434D44382C2052373D2522
:10F9CE00303278202530327820253032782025309C
:10F9DE00327820253032780A0D006469736B5F69C6
:10F9EE006F63746C3A20706472763D25642C2063CC
:10F9FE006D643D25643A204E6F742068616E646CB0
:10FA0E0065642E0A0D006469736B5F726561643AFA
:10FA1E002020706472763D25642C20736563746FAC
:10FA2E00723D256C642C20636F756E743D25640ADF
:10FA3E000D006469736B5F77726974653A20706448
:10FA4E0072763D25642C20736563746F723D256C50
:10FA5E00642C20636F756E743D25640A0D0053444B
:10FA6E0020436172643A20434353202843617264F9
:10FA7E002043617061636974792053746174757386
:10FA8E002920697320300A0D0053442043617264AB
:10FA9E003A2077726974653531323A2043524320E9
:10FAAE006572726F72202872657472793D256429B1
:10FABE000A0D00534420436172643A20436172641C
:10FACE0020706F7765722075702073746174757312
:10FADE002062697320697320300A0D00557365200A
:10FAEE004E434F312D3E52413320252E3266204D4E
:10FAFE00487A20666F72203830383520636C6F6319
:10FB0E006B0A0D0072656164204D42522070617265
:10FB1E00746974696F6E207461626C652061742003
:10FB2E00736563746F7220300A0D00534420436175
:10FB3E0072643A2053444843206F72205344584312
:10FB4E0020636172642064657465637465640A0D74
:10FB5E000025733A204552524F523A206D6F64651C
:10FB6E00202564206973206E6F7420737570706F1A
:10FB7E00727465640A0D005741524E494E473A2041
:10FB8E00756E6B6E6F776E20492F4F20777269748A
:10FB9E006520282530325848290A0D005741524E0B
:10FBAE00494E473A20756E6B6E6F776E20492F4F18
:10FBBE00207265616420282530325848290A0D00CC
:10FBCE00534420436172643A20696E697469616CB2
:10FBDE00697A65202E2E2E207375636365656465C4
:10FBEE00640A0D00534420436172643A20756E65B9
:10FBFE007870656374656420726573706F6E73657B
:10FC0E0020253032780A0D00534420436172643A45
:10FC1E002041434D44343120726573706F6E7365AD
:10FC2E0020697320253032780A0D00534420436139
:10FC3E0072643A2077726974653531323A20746F86
:10FC4E006B656E20697320253032780A0D0053449F
:10FC5E0020436172643A20434D44353920726573F6
:10FC6E00706F6E736520697320253032780A0D002F
:10FC7E004D656D6F727920303030303030202D2050
:10FC8E002530366C5848202564204B42204F4B0DB2
:10FC9E000A00706172746974696F6E207374617298
:10FCAE00747320617420736563746F7220256C64A5
:10FCBE000A0D00665F777269746528293A204552ED
:10FCCE00524F52207265733D25642C206E3D256483
:10FCDE000A0D00665F7265616428293A204552520A
:10FCEE004F52207265733D25642C206E3D25640AAB
:10FCFE000D00426F6172643A2053424338303835FA
:10FD0E00202B20454D555A38302D3537510A0D00D0
:10FD1E006661696C656420746F2077726974652002
:10FD2E00736563746F7220256C640A0D000A0D539F
:10FD3E004420436172643A20696E697469616C692A
:10FD4E007A65202E2E2E0A0D006661696C65642080
:10FD5E00746F207265616420736563746F72202501
:10FD6E006C640A0D004661696C656420746F206DC9
:10FD7E006F756E7420534420436172642E0A0D0019
:10FD8E00534420436172643A2041434D4434312C34
:10FD9E002052313D253032780A0D004661696C657E
:10FDAE006420746F206F70656E205344204361721F
:10FDBE00642E2E0A0D006661696C656420746F20D6
:10FDCE007265616420736563746F7220300A0D0072
:10FDDE00534420436172643A206E6F7420737570C1
:10FDEE006F70727465640A0D00534420436172642F
:10FDFE003A20434D44302C2052313D253032780A82
:10FE0E000D00202020202020202020202020202017
:10FE1E002020202020202020200D007761697420D2
:10FE2E00666F722070726F6772616D6D6572202ED3
:10FE3E002E2E0D006469736B5F696E697469616C57
:10FE4E00697A65282564292E2E2E0A0D004D656DC2
:10FE5E006F727920303030303030202D2025303602
:10FE6E006C58480D002573253533732043484543A0
:10FE7E004B53554D3A20253032780A0D0070687973
:10FE8E00736963616C2064726976657220213D200E
:10FE9E00300A0D00665F6C7365656B28293A204544
:10FEAE0052524F522025640A0D00665F73796E63BD
:10FEBE0028293A204552524F522025640A0D006ED1
:10FECE006F20464154333220706172746974696FC9
:10FEDE006E0A0D00534420436172643A2074696DBA
:10FEEE00656F75740A0D006E6F204D425220736956
:10FEFE00676E61747572650A0D005344204361721A
:10FF0E00643A2072656164792E0A0D0025732069AA
:10FF1E00732073656C65637465642E0A0D007365DA
:10FF2E006C656374204552524F522025640A0D00B1
:10FF3E006E6F2076616C696420766F6C756D650AE4
:10FF4E000D005350495F53445F636F6E666967756A
:10FF5E007265004E6F20626F6F74206469736B2E32
:10FF6E000A0D0025732F445249564525632E4453DE
:10FF7E004B002A2B2C3A3B3C3D3E5B5D7C223F7F67
:10FF8E00004E6F20534420436172643F0A0D0025DA
:10FF9E00643A2025730A0D0053656C6563743A202C
:10FFAE000043504D4449534B530046415433322085
:10FFBE0020200025732530366C783A0043504D448E
:10FFCE0049537E002573253034783A00286E756CBF
:10FFDE006C29002025303278006661743A20005377
:10FFEE00443A2000303A2F2F00696E66006E616E23
:02FFFE00000001
:020000040001F9
:10000000000E0501816F4AC582F54BC583F54CC5CD
:1000100084F54DC585F585AF14D0010E816F82C57D
:1000200001F583C502F584C503F585C504F5E1EC4A
:10003000CEF001C582F502C583F503C584F504C57C
:1000400085F5000E876F000E866F13C771F514C714
:1000500072F58151D8B40DD08151D8A404D0000ECE
:10006000676F2B0E03D0000E676F2D0E666F66C58F
:1000700081F582C501F583C502F584C503F585C503
:1000800004F53AECC2F001040210D8A42DD0050109
:100090008151D8B409D081C52DF77107D8A0720756
:1000A000000E876F010E866F2D0E8625016E070EDE
:1000B0008721026EF70E036EFF0E046E96ECCEF0F3
:1000C0000501FD0E7127FF0E722348C512F549C5C3
:1000D00013F52D0E146E070E156E71C516F572C54B
:1000E00017F5E3ECC9F0120082C501F583C502F5EE
:1000F00084C503F585C504F53AECC2F00150021041
:10010000D8A41AD005018151D8B409D081C52DF7E2
:100110007107D8A07207000E876F010E866F2D0E33
:100120008625016E070E8721026EFB0E036EFF0E01
:10013000046E96ECCEF0C4D7000E0501886F000E59
:10014000896F800E8A6F3F0E8B6F000E706F000EEE
:100150006F6F82C501F583C502F584C503F585C5BA
:1001600004F5000E056E000E066E000E076E000E02
:10017000086EDBECC8F0D8A00CD0BED073C588F5F3
:1001800074C589F575C58AF576C58BF505016F4B84
:10019000702B88C501F589C502F58AC503F58BC5A5
:1001A00004F5000E056E000E066E200E076E410E61
:1001B000086E15ECA2F001C573F502C574F503C510
:1001C00075F504C576F505017351825D016E7451B4
:1001D0008359026E75518459036E76518559046EA8
:1001E0000BECCDF004BECAD704500310021004E19A
:1001F000020E015CD8A0C2D773C51AF574C51BF5F1
:1002000075C51CF576C51DF582C51EF583C51FF5A0
:1002100084C520F585C521F56BECC1F0D8A0AED71B
:1002200005018851825D016E89518359026E8A51A0
:100230008459036E8B518559046E0BECCDF004BECE
:1002400008D004500310021043E1020E015CD8B044
:100250003FD088C582F589C583F58AC584F58BC5ED
:1002600085F54AD088C51BF589C51CF58AC51DF5DD
:100270008BC51EF5000E1F6E000E206E200E216E27
:10028000410E226E61ECA9F01BC588F51CC589F5ED
:100290001DC58AF51EC58BF505016F07D8A070072F
:1002A0008851825D016E89518359026E8A51845949
:1002B000036E8B518559046E0BECCDF004BEC9D78B
:1002C00004500310021004E1020E015CD8A0C1D753
:1002D00082C51AF583C51BF584C51CF585C51DF5BA
:1002E00088C51EF589C51FF58AC520F58BC521F582
:1002F0006BECC1F0D8A0B6D74EC569F569C56AF5F3
:10030000070116BF05D015C762F516C763F505D0FE
:10031000000E0501636F060E626F62C56DF563C561
:100320006EF505016D4B6E2B660E6A19D8A416D0BA
:1003300070AF0CD0000E886F000E896F800E8A6F30
:100340003F0E8B6F000E706F000E6F6F670E691996
:10035000D8B404D06F516D2770516E23000E806F9A
:10036000000E7F6F82C577F583C578F584C579F572
:1003700085C57AF588C573F589C574F58AC575F59F
:100380008BC576F57BD077C51BF578C51CF579C58F
:100390001DF57AC51EF588C51FF589C520F58AC5E6
:1003A00021F58BC522F561ECA9F01BC534F51CC500
:1003B00035F51DC536F51EC537F5CCECB4F034C5A2
:1003C0007BF535C57CF536C57DF537C57EF57BC536
:1003D00001F57CC502F57DC503F57EC504F589EC04
:1003E000C4F001C56BF502C56CF577C51AF578C583
:1003F0001BF579C51CF57AC51DF57BC505F57CC5D2
:1004000006F57DC507F57EC508F588C501F589C5E2
:1004100002F58AC503F58BC504F515ECA2F001C5FC
:100420001EF502C51FF503C520F504C521F579ECBD
:10043000CDF01AC577F51BC578F51CC579F51DC536
:100440007AF588C51BF589C51CF58AC51DF58BC5D0
:100450001EF5000E1F6E000E206E200E216E410E46
:10046000226E61ECA9F01BC588F51CC589F51DC578
:100470008AF51EC58BF505017F4B802B6D517F5D85
:100480008051800A4F6E6E51800A4F58D8A07BD79A
:1004900088C501F589C502F58AC503F58BC504F544
:1004A000000E056E000E066EA00E076E400E086E62
:1004B00015ECA2F001C57BF502C57CF503C57DF501
:1004C00004C57EF577C51AF578C51BF579C51CF509
:1004D0007AC51DF57BC51EF57CC51FF57DC520F5CC
:1004E0007EC521F56BECC1F0D8B003D0000E05013C
:1004F00018D077C501F578C502F579C503F57AC539
:1005000004F57BC505F57CC506F57DC507F57EC5FB
:1005100008F5DBECC8F0D8A00BD005016BB108D012
:10052000000E7B6F000E7C6F000E7D6F000E7E6FE5
:1005300082C501F583C502F584C503F585C504F5BB
:100540007BC505F57CC506F57DC507F57EC508F5B7
:10055000ABECA3F001C577F502C578F503C579F5D5
:1005600004C57AF577C51AF578C51BF579C51CF56C
:100570007AC51DF5000E056E000E066E200E076E84
:10058000410E086E73C501F574C502F575C503F516
:1005900076C504F515ECA2F001C51EF502C51FF5E0
:1005A00003C520F504C521F56BECC1F0D8A024D01B
:1005B00005016F4B702B73C501F574C502F575C548
:1005C00003F576C504F5000E056E000E066E200ECE
:1005D000076E410E086E15ECA2F001C573F502C559
:1005E00074F503C575F504C576F5660E05016A193F
:1005F000D8A402D06D4B6E2B73C588F574C589F5F0
:1006000075C58AF576C58BF56FC560F570C561F562
:10061000000E0501686F000E656F000E646F000E1E
:10062000806F000E7F6FCDD077C51BF578C51CF5A8
:1006300079C51DF57AC51EF588C51FF589C520F554
:100640008AC521F58BC522F561ECA9F01BC534F5EF
:100650001CC535F51DC536F51EC537F5CCECB4F017
:1006600034C57BF535C57CF536C57DF537C57EF5DA
:100670007BC501F57CC502F57DC503F57EC504F596
:1006800089ECC4F002BE06D0025013E10A0E015CF0
:10069000D8B00FD07BC501F57CC502F57DC503F54B
:1006A0007EC504F589ECC4F001C56BF502C56CF597
:1006B00005D0000E05016C6F090E6B6F05016851C6
:1006C000D8B461AF20D02D0E8625D96E070E8721B4
:1006D000DA6E2E0EDF6E864B872B7107D8A072075D
:1006E000010E686F10D02D0E8625D96E070E87215A
:1006F000DA6E300EDF6E864B872B7107D8A072073B
:100700006407D8A0650764516511D8A4ECD72D0EF5
:100710008625D96E070E8721DA6E6B51300FDF6E9A
:10072000864B872B7107D8A0720777C51AF578C555
:100730001BF579C51CF57AC51DF57BC505F57CC58E
:1007400006F57DC507F57EC508F588C501F589C59F
:1007500002F58AC503F58BC504F515ECA2F001C5B9
:100760001EF502C51FF503C520F504C521F579EC7A
:10077000CDF01AC577F51BC578F51CC579F51DC5F3
:100780007AF588C51BF589C51CF58AC51DF58BC58D
:100790001EF5000E1F6E000E206E200E216E410E03
:1007A000226E61ECA9F01BC588F51CC589F51DC535
:1007B0008AF51EC58BF505016007D8A061077F4B40
:1007C000802B6D517F5D8051800A4F6E6E51800A83
:1007D0004F58D8B008D087BF27D7875104E14B0EB8
:1007E000865DD8A021D7000E806F4F0E7F6F2D0E33
:1007F0007F25D96E070E8021DA6EDF6A2D0E4F6ECF
:10080000070E506E86514F5E8751505A7F514F24CC
:10081000016E80515020026E2D0E036E070E046E85
:1008200086C505F587C506F5BEECCDF005018651F8
:100830007F5D866F87518059876F8151D8B402D010
:10084000010E01D0000E7F6F806B070127B30FD020
:1008500023D08607D8A087072D0E8625D96E070ED0
:100860008721DA6E300EDF6E7107D8A0720705019E
:1008700071517F5D8051800A4F6E7251800A4F58CE
:10088000D8B00AD086517F5D8051800A4F6E875163
:10089000800A4F58D8A0DDD705018151D8B40BD0BC
:1008A0008607D8A087072D0E8625D96E070E8721CB
:1008B000DA6E81C5DFF47F51715F8051725B48C58C
:1008C00012F549C513F52D0E8625146E070E8721E6
:1008D000156E71C516F572C517F5E3ECC9F0120077
:1008E00083C6D9F484C6DAF4DE6ADD6A81C601F50E
:1008F00082C602F56AECB9F001C592F602C593F61C
:10090000060193AF02D00B0E1200D8909235D96E2B
:100910009335DA6E230ED926070EDA22DEC4ADF641
:10092000DDC4AEF6AD51AE11D8A402D00C0E12004B
:1009300083C6D9F484C6DAF4ADC6DEF4AEC6DDF4FF
:100940008591ADC6D9F4AEC6DAF4DF50D8B415D06F
:1009500020EE01F0AD51D926AE51DA22DF5086ECFF
:10096000CFF00601A26FA2B108D08551D8A4A2A5EC
:1009700002D00A0E1200000E1200ADC6D9F4AEC6A7
:10098000DAF4DF6A20EE01F0AD51D926AE51DA2259
:10099000DF501AECBDF00601A26FA2A102D0030E37
:1009A00012008551D8B402D0A2B5E3D7ADC618F66F
:1009B000AEC619F6000E1B6F000E1A6F39ECB7F0B9
:1009C00018C6ABF619C6ACF6040EAB19AC11D8A418
:1009D00002D0010E1200AC5104E1020EAB5DD8A0B2
:1009E00002D00D0E120020EE2CF0AD51D926AE51E2
:1009F000DA22DEC49EF6DEC49FF6DEC4A0F6DEC4B4
:100A0000A1F63B0EAD25016E000EAE21026E42EC4A
:100A1000CEF0020E02180110D8A4E3D7460E06014C
:100A2000AD25016E000EAE21026E42ECCEF001C586
:100A3000A7F602C5A8F60601A96BAA6BA751A811D3
:100A4000A911AA11D8A410D0540EAD25016E000E24
:100A5000AE21026EE6ECC4F001C5A7F602C5A8F609
:100A600003C5A9F604C5AAF620EE18F0AD51D926A3
:100A7000AE51DA22A7C6DEF4A8C6DEF4A9C6DEF4BB
:100A8000AAC6DEF420EE40F0AD51D926AE51DA22EE
:100A900010EE03F0AD51E126AE51E222DFC4E7F4DF
:100AA00020EE03F0AD51D926AE51DA22DE04D8B4DF
:100AB0000AD020EE03F0AD51D926AE51DA22020E53
:100AC000DE18D8A48ED7A7C601F5A8C602F5A9C618
:100AD00003F5AAC604F520EE03F0AD51D926AE51B8
:100AE000DA22DF50866F8651056E066A076A086A49
:100AF00040ECCCF001C5A7F602C5A8F603C5A9F6DF
:100B000004C5AAF6060120EE3DF0AD51D926AE513E
:100B1000DA22DF50866F876B20EE0AF0AD51D926BE
:100B2000AE51DA2286C6DEF487C6DDF420EE0AF086
:100B3000AD51D926AE51DA22DE50DE10D8B451D7ED
:100B400020EE0AF0AD51D926AE51DA22DEC486F687
:100B5000DDC487F620EE0AF0AD51D926AE51DA2277
:100B6000DEC488F6DDC489F6FF0E88258A6FFF0E85
:100B700089218B6F86518A158C6F87518B158D6FEC
:100B80008C518D11D8A42DD7410EAD25016E000ECC
:100B9000AE21026E42ECCEF0060120EE08F0AD511F
:100BA000D926AE51DA2201C5DEF402C5DDF420EE0D
:100BB00008F0AD51D926AE51DA22DF50866F0F0E04
:100BC0008617D8A40ED7430EAD25016E000EAE21B8
:100BD000026E42ECCEF001C59AF602C59BF6060104
:100BE0009C6B9D6B9A519B119C119D11D8A410D0A8
:100BF000500EAD25016E000EAE21026EE6ECC4F083
:100C000001C59AF602C59BF603C59CF604C59DF680
:100C10003E0EAD25016E000EAE21026E42ECCEF00E
:100C200001C598F602C599F6060198519911D8B4F4
:100C3000D8D620EE08F0AD51D926AE51DA22DEC466
:100C400086F6DDC487F6040E886FD8908733863326
:100C5000882FFBD798518625896F995187218A6FF4
:100C60008B6BD8B08B2B8C6BA7518925946FA851B7
:100C70008A21956FA9518B21966FAA518C21976F6C
:100C800094519A5D95519B5996519C5997519D59F4
:100C9000D8A0A7D694519A5D016E95519B59026ECA
:100CA00096519C59036E97519D59046E20EE0AF09F
:100CB000AD51D926AE51DA22DEC486F6DDC487F600
:100CC00086C605F587C606F5076A086AA2ECC9F06C
:100CD00001C5A3F602C5A4F603C5A5F604C5A6F68C
:100CE000A351A411A511A611D8B47BD6000EAC6FE8
:100CF000000EAB6FF60EA35DFF0EA459FF0EA559B3
:100D00000F0EA659D8B004D0000EAC6F030EAB6F17
:100D1000A651A5110AE1F60EA35DFF0EA459D8B0A5
:100D200004D0000EAC6F020EAB6FA651A5110AE104
:100D3000F60EA35D0F0EA459D8B004D0000EAC6F10
:100D4000010EAB6FAB51AC11D8B44BD6020EA3253C
:100D5000866F000EA421876F000EA521886F000EFC
:100D6000A621896F20EE14F0AD51D926AE51DA22BA
:100D700086C6DEF487C6DEF488C6DEF489C6DEF4F5
:100D800020EE1CF0AD51D926AE51DA229EC6DEF41B
:100D90009FC6DEF4A0C6DEF4A1C6DEF498519E25FF
:100DA000866F99519F21876F000EA021886F000EDA
:100DB000A121896F20EE20F0AD51D926AE51DA2263
:100DC00086C6DEF487C6DEF488C6DEF489C6DEF4A5
:100DD00094519E25866F95519F21876F9651A02132
:100DE000886F9751A121896F20EE28F0AD51D92647
:100DF000AE51DA2286C6DEF487C6DEF488C6DEF49B
:100E000089C6DEF4030EAB19AC11D8A44CD05A0E2F
:100E1000AD25016E000EAE21026E42ECCEF0015007
:100E20000210D8A4DED5060120EE08F0AD51D92677
:100E3000AE51DA22DE50DE10D8A4D3D55C0EAD253B
:100E4000016E000EAE21026EE6ECC4F020EE24F03E
:100E5000AD51D926AE51DA2201C5DEF402C5DEF469
:100E600003C5DEF404C5DEF420EE14F0AD51D9263E
:100E7000AE51DA22DEC486F6DEC487F6DEC488F61A
:100E8000DEC489F6020ED8908637873788378937CF
:100E9000E82EF9D786C68EF687C68FF688C690F6F6
:100EA00089C691F692D020EE08F0AD51D926AE5108
:100EB000DA22DE50DE10D8B494D520EE20F0AD5109
:100EC000D926AE51DA22DEC486F6DEC487F6DEC449
:100ED00088F6DEC489F6A75186258A6FA851872136
:100EE0008B6FA95188218C6FAA5189218D6F20EEBB
:100EF00024F0AD51D926AE51DA228AC6DEF48BC673
:100F0000DEF48CC6DEF48DC6DEF4020EAB19AC1135
:100F1000D8B444D020EE14F0AD51D926AE51DA2227
:100F2000DEC486F6DEC487F6DEC488F6DEC489F643
:100F3000010E86158A6F000E87158B6F000E8815BF
:100F40008C6F000E89158D6F20EE14F0AD51D926EF
:100F5000AE51DA22DEC401F5DEC402F5DEC403F5CB
:100F6000DEC404F5030E056E000E066E000E076E5D
:100F7000000E086E40ECCCF0D890043203320232FE
:100F8000013206018A5101248E6F8B5102208F6F2E
:100F90008C510320906F8D51042016D020EE14F058
:100FA000AD51D926AE51DA22DEC486F6DEC487F60C
:100FB000DEC488F6DEC489F6D89086358E6F873514
:100FC0008F6F8835906F8935916FFF0E8E25866FF4
:100FD000010E8F21876F000E9021886F000E9121E6
:100FE000896F0A0E05D0D8908933883387338633CA
:100FF000E82EF9D720EE18F0AD51D926AE51DA22FD
:101000008651DE5C8751DE588851DE588951DE58A2
:10101000D8A0E7D420EE10F0AD51D926AE51DA2297
:10102000FF0EDE6EFF0EDE6EFF0EDE6EFF0EDD6E5D
:10103000DD52DD5210EE0CF0AD51E126AE51E22250
:10104000DEC4E6F4DEC4E6F4DEC4E6F4DEC4E6F4B0
:1010500020EE05F0AD51D926AE51DA22800EDF6EBA
:10106000030EAB19AC11D8A490D0600EAD25016E63
:10107000000EAE21026E42ECCEF001040210D8A4A4
:1010800084D0ADC600F6AEC601F6010E06019E255F
:10109000026F000E9F21036F000EA021046F000E4F
:1010A000A121056F2BECC4F00009D8A46ED0060175
:1010B00020EE05F0AD51D926AE51DA22DF6A2E0EB0
:1010C000AD25016E020EAE21026E42ECCEF0550E41
:1010D00001185BE1AA0E0218D8A457D0300E060101
:1010E000AD25016E000EAE21026EE6ECC4F0520E8C
:1010F00001184BE1520E021848E1610E031845E158
:10110000410E0418D8A441D0140EAD25016E020E74
:10111000AE21026EE6ECC4F0720E011836E1720EDA
:10112000021833E1410E031830E1610E0418D8A40F
:101130002CD0180EAD25016E020EAE21026EE6EC2B
:10114000C4F020EE10F0AD51D926AE51DA2201C51F
:10115000DEF402C5DEF403C5DEF404C5DEF41C0EC5
:10116000AD25016E020EAE21026EE6ECC4F020EE5B
:101170000CF0AD51D926AE51DA2201C5DEF402C51C
:10118000DEF403C5DEF404C5DEF4ADC6D9F4AEC6A4
:10119000DAF4ABC6DFF40701214B222B060120EE67
:1011A00006F0AD51D926AE51DA2221C7DEF422C7AE
:1011B000DDF4BBEF84F04AC661F64BC662F64EC65C
:1011C000D9F44FC6DAF4DE6ADD6A48C6A6F549C628
:1011D000A7F5710E0501A86F060EA96F6AECC3F0A2
:1011E0000601606F6051D8A40BD020EE0FF048517B
:1011F000D9264951DA22DF50606F6051D8B402D04D
:101200006051120020EE0EF04851D9264951DA22E1
:10121000DFB202D0070E120020EE10F04851D9269E
:101220004951DA2210EE10F04851E1264951E222EC
:10123000E6C454F6E6C455F6E6C456F6E6C457F6D8
:101240004C515425586F4D515521596F000E562160
:101250005A6F000E57215B6FDE50585DDE505959B2
:10126000DE505A59DE505B59D8B00ED020EE10F047
:101270004851D9264951DA22DEC450F6DDC451F670
:10128000501D4C6F511D4D6F4C514D11D8B405D3AD
:1012900020EE10F04851D9264951DA22FF0EDE1413
:1012A000506F010EDE14516F000EDE14526F000EEF
:1012B000DE14536F5051511152115311D8A449D219
:1012C00020EE10F04851D9264951DA22DEC450F6FA
:1012D000DEC451F6DEC452F6DEC453F60A0E05D063
:1012E000D8905333523351335033E82EF9D720EE90
:1012F0000AF07151D9267251DA22DEC454F6DDC4E7
:1013000055F6FF0E5425566FFF0E5521576F50515D
:101310005615636F51515715646F63516411D8A40A
:101320009CD020EE10F04851D9264951DA22DE50E7
:10133000DE10DE10DE10D8A423D020EE06F04851D7
:10134000D9264951DA22DEC467F6DEC468F6DEC467
:1013500069F6DEC46AF66751681169116A11D8A48A
:101360002BD048C62BF649C62CF6000E2D6F000E6A
:101370002E6F000E2F6F000E306F94EC98F014D08B
:1013800048C62BF649C62CF620EE14F04851D92653
:101390004951DA22DEC42DF6DEC42EF6DEC42FF665
:1013A000DEC430F694EC98F02BC667F62CC668F6CF
:1013B0002DC669F62EC66AF66751681169116A1161
:1013C000D8B46BD26705681169116A11D8A40AD024
:1013D00020EE0FF04851D9264951DA22020EDF6E75
:1013E000020E1200672911E168290FE169290DE158
:1013F0006A29D8A40AD020EE0FF04851D9264951C5
:10140000DA22010EDF6E010E120020EE14F04851B8
:10141000D9264951DA2267C6DEF468C6DEF469C609
:10142000DEF46AC6DEF420EE06F04851D9264951B2
:10143000DA22DE50DE10DE10DE10D8A40ED020EE50
:1014400006F04851D9264951DA2267C6DEF468C64B
:10145000DEF469C6DEF46AC6DEF420EE0EF0485112
:10146000D9264951DA22DFAE33D0220E48250501B4
:10147000E26F000E060149210501E36F060120EE2F
:1014800018F04851D9264951DA22DEC4E4F5DEC409
:10149000E5F5DEC4E6F5DEC4E7F5000E0501E96F0B
:1014A000010EE86F060120EE01F07151D92672514C
:1014B000DA22DF5020ECC9F00009D8A439D10601A6
:1014C00020EE0EF04851D9264951DA227F0EDF1660
:1014D00071C60DF572C60EF520EE14F04851D926EE
:1014E0004951DA22DEC40FF5DEC410F5DEC411F571
:1014F000DEC412F5CBECC3F00DC56DF60EC56EF66D
:101500000FC56FF610C570F606016D516E116F11A3
:101510007011D8B45DD763516D2764516E23000EEE
:101520006F23000E70234CC650F64DC651F6090EBF
:10153000526FD89051335033522FFBD750C665F6B7
:1015400051C666F665516611D8B4A7D065516325BA
:10155000506F66516421516F20EE0AF07151D92607
:101560007251DA225051DE5C5151DE58D8B010D0A1
:1015700020EE0AF07151D9267251DA22DEC450F6FB
:10158000DDC451F66351505D656F64515159666F0A
:1015900061C6E2F562C6E3F56DC6E4F56EC6E5F533
:1015A0006FC6E6F570C6E7F565C6E8F566C6E9F507
:1015B00020EE01F07151D9267251DA22DF5020EC71
:1015C000C9F00009D8A4B4D006016551506F665126
:1015D000516F526B536B20EE18F04851D926495188
:1015E000DA22DEC454F6DEC455F6DEC456F6DEC496
:1015F00057F66D51545D586F6E515559596F6F5173
:1016000056595A6F705157595B6F5051585D51512F
:10161000595952515A5953515B59D8B02FD0220EB3
:101620004825016E000E4921026E20EE18F0485147
:10163000D9264951DA22DEC450F6DDC451F66D5187
:10164000505F6E51515B090ED89050375137E82EDC
:10165000FBD750516125036E51516221046E020E79
:10166000066E000E056EBEECCDF0060120EE0EF00B
:101670004851D9264951DA227F0EDF1665C650F649
:1016800066C651F6090ED89050375137E82EFBD771
:1016900050C66BF651C66CF6ADD020EE18F048512E
:1016A000D9264951DA226D51DE180AE16E51DE1851
:1016B00007E16F51DE1804E17051DE18D8B43AD05A
:1016C00020EE0AF04851D9264951DA2210EE10F0E6
:1016D0004851E1264951E222DE50E65CDE50E658F0
:1016E000DE50E658DE50E658D8B024D0220E482509
:1016F0000501E46F000E060149210501E56F6DC685
:10170000E6F56EC6E7F56FC6E8F570C6E9F5000EBA
:10171000EB6F010EEA6F060120EE01F07151D92640
:101720007251DA22DF5061ECC9F00009D8B402D05E
:10173000060161D6060120EE18F04851D92649511C
:10174000DA226DC6DEF46EC6DEF46FC6DEF470C655
:10175000DEF420EE10F04851D9264951DA22DEC4D9
:1017600050F6DDC451F6FF0E5015526F010E5115A3
:10177000536F525100086B6F5351D8A0E82A0208EA
:101780006C6F6B514C5D6C514D59D8B004D04CC648
:101790006BF64DC66CF620EE10F04851D926495133
:1017A000DA22DEC450F6DDC451F6FF0E5015526F3A
:1017B000010E5115536F52514825546F5351492111
:1017C000556F220E5425016E000E5521026E61C622
:1017D00003F562C604F56BC605F56CC606F5BEECEE
:1017E000CDF0060120EE0EF04851D9264951DA22FB
:1017F000000EDB8E6B514C5F6C514D5B4EC6D9F4C5
:101800004FC6DAF46B51DE266C51DD226B51612735
:101810006C51622320EE10F04851D9264951DA224A
:101820006B51DE266C51DE22000EDE22DE2220EE1F
:1018300010F04851D9264951DA2210EE0AF04851E9
:10184000E1264951E222DE50E65CDE50E658DE50E9
:10185000E658DE50E658D8A003D020EE0AF002D0B9
:1018600020EE10F04851D9264951DA22DEC45CF648
:10187000DEC45DF6DEC45EF6DEC45FF620EE0AF07E
:101880004851D9264951DA225CC6DEF45DC6DEF441
:101890005EC6DEF45FC6DEF4F7D420EE0EF04851EB
:1018A000D9264951DA22000EDB8C000E120048C600
:1018B000A6F549C6A7F56B0E0501A86F060EA96F20
:1018C0006AECC3F00601666F6651D8A408D020EE1A
:1018D0000FF04851D9264951DA22DF50666F665120
:1018E000D8B402D06651120020EE0AF04851D92631
:1018F0004951DA224A51DE5C4B51DE584C51DE58D8
:101900004D51DE58D8B016D020EE0EF04851D926F1
:101910004951DA22DFB20ED020EE0AF04851D92622
:101920004951DA22DEC44AF6DEC44BF6DEC44CF678
:10193000DEC44DF620EE10F04851D9264951DA2286
:10194000DEC45EF6DEC45FF6DEC460F6DEC461F6B9
:10195000000E626F000E636F000E646F000E656F05
:1019600020EE10F04851D9264951DA2262C6DEF441
:1019700063C6DEF464C6DEF465C6DEF44A514B117C
:101980004C114D11D8B414D220EE0AF06B51D92667
:101990006C51DA22DEC44EF6DDC44FF64E51506F64
:1019A0004F51516F526B536B090ED89050375137CE
:1019B00052375337E82EF9D750C667F651C668F646
:1019C00052C669F653C66AF65E515F116011611125
:1019D000D8B495D0FF0E4A25016EFF0E4B21026E42
:1019E000FF0E4C21036EFF0E4D21046E67C605F5F8
:1019F00068C606F569C607F56AC608F5A2ECC9F01F
:101A000001C54EF602C54FF603C550F604C551F6A2
:101A1000FF0E5E25016EFF0E5F21026EFF0E60213C
:101A2000036EFF0E6121046E67C605F568C606F5F4
:101A300069C607F56AC608F5A2ECC9F001504E5D0B
:101A400002504F590350505904505159D8A057D003
:101A5000FF0E67254E6FFF0E68214F6FFF0E692145
:101A6000506FFF0E6A21516F4E1D526F4F1D536F05
:101A7000501D546F511D556FFF0E5E25566FFF0EA2
:101A80005F21576FFF0E6021586FFF0E6121596F64
:101A9000525156155A6F535157155B6F5451581583
:101AA0005C6F555159155D6F20EE10F04851D926E5
:101AB0004951DA225AC6DEF45BC6DEF45CC6DEF4B7
:101AC0005DC6DEF420EE10F04851D9264951DA22E5
:101AD000DE504A5FDE504B5BDE504C5BDD504D5BB1
:101AE00020EE14F04851D9264951DA22DEC46DF6B1
:101AF000DEC46EF6DEC46FF6DEC470F669D020EE8A
:101B000006F04851D9264951DA22DEC46DF6DEC40A
:101B10006EF6DEC46FF6DEC470F66D516E116F1195
:101B20007011D8A447D048C62BF649C62CF6000E33
:101B30002D6F000E2E6F000E2F6F000E306F94EC85
:101B400098F02BC66DF62CC66EF62DC66FF62EC617
:101B500070F66D056E116F117011D8A40AD020EEC9
:101B60000FF04851D9264951DA22020EDF6E020EDB
:101B700012006D2911E16E290FE16F290DE1702925
:101B8000D8A40AD020EE0FF04851D9264951DA22C4
:101B9000010EDF6E010E120020EE06F04851D9262C
:101BA0004951DA226DC6DEF46EC6DEF46FC6DEF48D
:101BB00070C6DEF420EE14F04851D9264951DA22DD
:101BC0006DC6DEF46EC6DEF46FC6DEF470C6DEF4FB
:101BD0006D516E116F117011D8A48AD0E9D0675180
:101BE0004A5F68514B5B69514C5B6A514D5B20EE1B
:101BF00010F04851D9264951DA226751DE26685142
:101C0000DE226951DE226A51DE2220EE0EF04851BA
:101C1000D9264951DA22DFA225D048C62BF649C67B
:101C20002CF66DC62DF66EC62EF66FC62FF670C654
:101C300030F694EC98F02BC66DF62CC66EF62DC6D9
:101C40006FF62EC670F66D516E116F117011D8A41B
:101C50001FD0000E4A6F000E4B6F000E4C6F000E2F
:101C60004D6F50D048C60AF649C60BF66DC60CF645
:101C70006EC60DF66FC60EF670C60FF666ECA0F0D7
:101C80000AC66DF60BC66EF60CC66FF60DC670F67C
:101C900006016D2907E16E2905E16F2903E170292D
:101CA000D8B470D770516F116E1104E1020E6D5DE2
:101CB000D8A055D720EE14F06B51D9266C51DA22FA
:101CC000DE506D5DDE506E59DE506F59DE5070593A
:101CD000D8B045D720EE14F04851D9264951DA2220
:101CE0006DC6DEF46EC6DEF46FC6DEF470C6DEF4DA
:101CF0004A51675D4B5168594C5169594D516A5968
:101D0000D8A06DD720EE10F04851D9264951DA22DB
:101D10004A51DE264B51DE224C51DE224D51DE224D
:101D2000FF0E4A154E6F010E4B154F6F000E4C15EE
:101D3000506F000E4D15516F4E514F1150115111F2
:101D4000D8B436D06BC60DF56CC60EF56DC60FF562
:101D50006EC610F56FC611F570C612F5CBECC3F068
:101D60000DC562F60EC563F60FC564F610C565F6BF
:101D700006016251631164116511D8B4F0D64AC6E8
:101D80004EF64BC64FF64CC650F64DC651F60A0EEF
:101D900005D0D890513350334F334E33E82EF9D716
:101DA0004E5162274F516323505164235151652393
:101DB00020EE10F04851D9264951DA2210EE0AF0EF
:101DC0004851E1264951E222DE50E65CDE50E658F9
:101DD000DE50E658DE50E658D8B01CD020EE10F0A9
:101DE0004851D9264951DA2210EE0AF04851E1262D
:101DF0004951E222DEC4E6F4DEC4E6F4DEC4E6F4D1
:101E0000DEC4E6F420EE0EF04851D9264951DA221C
:101E1000000EDB8C20EE10F04851D9264951DA2211
:101E2000FF0EDE144E6F010EDE144F6F000EDE1437
:101E3000506F000EDE14516F4E514F115011511161
:101E4000D8B450D520EE18F04851D9264951DA229D
:101E50006251DE180AE16351DE1807E16451DE18B1
:101E600004E16551DE18D8B43DD520EE0EF048519E
:101E7000D9264951DA22DFAE33D0220E482505019A
:101E8000E26F000E060149210501E36F060120EE15
:101E900018F04851D9264951DA22DEC4E4F5DEC4EF
:101EA000E5F5DEC4E6F5DEC4E7F5000E0501E96FF1
:101EB000010EE86F060120EE01F06B51D9266C513E
:101EC000DA22DF5020ECC9F00009D8A42BD006019B
:101ED00020EE0EF04851D9264951DA227F0EDF1646
:101EE000220E48250501E46F000E06014921050177
:101EF000E56F62C6E6F563C6E7F564C6E8F565C654
:101F0000E9F5000EEB6F010EEA6F060120EE01F01D
:101F10006B51D9266C51DA22DF5061ECC9F000090F
:101F2000D8B402D006012ED6060120EE18F0485192
:101F3000D9264951DA2262C6DEF463C6DEF464C6ED
:101F4000DEF465C6DEF4CED4AF51B011D8A402D011
:101F5000090E12003F0EB317B10E816F060E826F8D
:101F6000D40E836F060E846FB3C685F670EC84F0D2
:101F70000601D66FD651D8A4EAD2D4C6D7F6D5C6B4
:101F8000D8F6D70E6A6F060E6B6FB1C66CF6B2C686
:101F90006DF6A0ECB5F0D66FD651D8B4FEAF02D036
:101FA000060ED66FB3C6B4F61C0EB417D8B4E9D07B
:101FB000D651D8B40DD0040ED619D8A407D0D70E58
:101FC0006E6F060E6F6F06ECC3F0D66FB3870CD042
:101FD000DBC6B4F6110EB417D8B402D0070E03D086
:101FE000B3A502D0080ED66FD651D8B4B3A7D5D0BA
:101FF000E6ECCFF001C5C0F602C5C1F603C5C2F6D6
:1020000004C5C3F60E0EF125016E000EF221026E1C
:10201000C0C603F5C1C604F5C2C605F5C3C606F5BC
:1020200075ECCBF0160EF125016E000EF221026E5A
:10203000C0C603F5C1C604F5C2C605F5C3C606F59C
:1020400075ECCBF0D4C608F5D5C609F5F1C60AF58E
:10205000F2C60BF51FECCAF008C5C4F609C5C5F6F3
:102060000AC5C6F60BC5C7F6060120EE0BF0F15106
:10207000D926F251DA22200EDF6ED4C605F5D5C678
:1020800006F5F1C607F5F2C608F5000E096E000E5A
:102090000A6E000E0B6E000E0C6E01ECCEF01C0EE4
:1020A0000601F125016E000EF221026E000E036E94
:1020B000000E046E000E056E000E066E75ECCBF081
:1020C00020EE04F0D451D926D551DA22010EDF6E6C
:1020D000C451C511C611C711D8B45FD020EE2CF081
:1020E000D451D926D551DA22DEC4C8F6DEC4C9F6E9
:1020F000DEC4CAF6DEC4CBF6D70E2B6F060E2C6FED
:10210000C4C62DF6C5C62EF6C6C62FF6C7C630F60F
:10211000000E316F000E326F000E336F000E346F01
:10212000F1ECB3F0D66FD651D8A437D0D4C600F6B0
:10213000D5C601F6C8C602F6C9C603F6CAC604F675
:10214000CBC605F62BECC4F00601D66FFF0EC425F6
:10215000B46FFF0EC521B56FFF0EC621B66FFF0E1F
:10216000C721B76F20EE0CF0D451D926D551DA2211
:10217000B4C6DEF4B5C6DEF4B6C6DEF4B7C6DEF429
:102180000CD0D651D8A409D0DBA902D0040E04D0BB
:10219000B3B3DBA102D0070ED66FD651D8A420D09E
:1021A000B3B7B38D20EE2CF0D451D926D551DA2215
:1021B00010EE1CF0AF51E126B051E222DEC4E6F48D
:1021C000DEC4E6F4DEC4E6F4DEC4E6F420EE20F07D
:1021D000AF51D926B051DA22F1C6DEF4F2C6DDF4F1
:1021E000D651D8A4B4D1D4C608F5D5C609F5F1C6E0
:1021F0000AF5F2C60BF51FECCAF0060120EE06F058
:10220000AF51D926B051DA2208C5DEF409C5DEF493
:102210000AC5DEF40BC5DEF41C0EF125016E000EBE
:10222000F221026EE6ECC4F020EE0AF0AF51D9269E
:10223000B051DA2201C5DEF402C5DEF403C5DEF4D6
:1022400004C5DEF4AFC6D9F4B0C6DAF4D4C6DEF401
:10225000D5C6DDF420EE06F0D451D926D551DA22C8
:1022600010EE02F0AF51E126B051E222DEC4E6F4F6
:10227000DDC4E5F420EE0EF0AF51D926B051DA22DC
:10228000B3C6DFF420EE0FF0AF51D926B051DA22F9
:10229000DF6A20EE18F0AF51D926B051DA22DE6A9B
:1022A000DE6ADE6ADD6A20EE10F0AF51D926B05149
:1022B000DA22DE6ADE6ADE6ADD6A220EAF25016E90
:1022C000000EB021026E000E046E000E036E020EB0
:1022D000066E000E056EF8ECCEF0B3AB38D120EEF2
:1022E0000AF0AF51D926B051DA22DE50DE10DE10EE
:1022F000DE10D8B42CD120EE0AF0AF51D926B0515F
:10230000DA2210EE10F0AF51E126B051E222DEC425
:10231000E6F4DEC4E6F4DEC4E6F4DEC4E6F420EE61
:102320000AF0D451D926D551DA22DEC4B4F6DDC480
:10233000B5F6B451B66FB551B76FB86BB96B090E3E
:10234000D890B637B737B837B937E82EF9D7B6C609
:10235000BCF6B7C6BDF6B8C6BEF6B9C6BFF620EE27
:1023600006F0AF51D926B051DA22DEC4D0F6DEC471
:10237000D1F6DEC4D2F6DEC4D3F620EE0AF0AF51B9
:10238000D926B051DA22DEC4CCF6DEC4CDF6DEC4E6
:10239000CEF6DEC4CFF634D0AFC60AF6B0C60BF622
:1023A000D0C60CF6D1C60DF6D2C60EF6D3C60FF6C1
:1023B00066ECA0F00AC6D0F60BC6D1F60CC6D2F673
:1023C0000DC6D3F60601D351D211D11106E1020E8A
:1023D000D05DD8B002D0020ED66FD02909E1D12944
:1023E00007E1D22905E1D329D8A402D0010ED66F86
:1023F000BC51CC5FBD51CD5BBE51CE5BBF51CF5BFD
:10240000D651D8A40AD0CC51BC5DCD51BD59CE51C6
:10241000BE59CF51BF59D8A0BFD720EE14F0AF514D
:10242000D926B051DA22D0C6DEF4D1C6DEF4D2C647
:10243000DEF4D3C6DEF4D651D8A489D0FF0ECC1575
:10244000B46F010ECD15B56F000ECE15B66F000E30
:10245000CF15B76FB451B511B611B711D8B477D045
:10246000D4C60DF5D5C60EF5D0C60FF5D1C610F5FC
:10247000D2C611F5D3C612F5CBECC3F00DC5C8F624
:102480000EC5C9F60FC5CAF610C5CBF60601C85170
:10249000C911CA11CB11D8A402D0020E57D0CCC694
:1024A000B4F6CDC6B5F6CEC6B6F6CFC6B7F60A0EAA
:1024B00005D0D890B733B633B533B433E82EF9D757
:1024C000C851B425B86FC951B521B96FCA51B621E9
:1024D000BA6FCB51B721BB6F20EE18F0AF51D926A0
:1024E000B051DA22B8C6DEF4B9C6DEF4BAC6DEF4FC
:1024F000BBC6DEF4220EAF250501E46F000E060117
:10250000B0210501E56F060120EE18F0AF51D92684
:10251000B051DA22DEC4E6F5DEC4E7F5DEC4E8F544
:10252000DEC4E9F5000E0501EB6F010EEA6F06014E
:1025300020EE01F0D451D926D551DA22DF5061ECDA
:10254000C9F00009D8B403D0010E0601D66F060108
:10255000D651D8B406D0AFC6D9F4B0C6DAF4DE6A24
:10256000DD6AD651120026C641F627C642F62AC6B3
:10257000D9F42BC6DAF4DE6ADD6A24C6A6F525C6D0
:10258000A7F54D0E0501A86F060EA96F6AECC3F002
:1025900006013C6F3C51D8A40BD020EE0FF0245123
:1025A000D9262551DA22DF503C6F3C51D8B402D0F5
:1025B0003C51120020EE0EF02451D9262551DA228A
:1025C000DFB002D0070E120020EE10F02451D92601
:1025D0002551DA22DEC42CF6DEC42DF6DEC42EF63A
:1025E000DEC42FF620EE0AF02451D9262551DA2236
:1025F000DEC430F6DEC431F6DEC432F6DEC433F6B5
:102600002C51305D386F2D513159396F2E5132595F
:102610003A6F2F5133593B6F28512C6F29512D6F31
:102620002E6B2F6B2C51385D2D5139592E513A5943
:102630002F513B59D8B004D038C628F639C629F6F0
:1026400028512911D8B481D220EE10F02451D92676
:102650002551DA22FF0EDE142C6F010EDE142D6FD1
:10266000000EDE142E6F000EDE142F6F2C512D1174
:102670002E112F11D8A402D220EE10F02451D92609
:102680002551DA22DEC42CF6DEC42DF6DEC42EF689
:10269000DEC42FF60A0E05D0D8902F332E332D33FB
:1026A0002C33E82EF9D720EE0AF04D51D9264E51A1
:1026B000DA22DEC430F6DDC431F6FF0E3025326F8B
:1026C000FF0E3121336F2C513215436F2D513315CD
:1026D000446F43514411D8A46BD020EE10F0245124
:1026E000D9262551DA22DE50DE10DE10DE10D8A405
:1026F0000FD020EE06F02451D9262551DA22DEC46F
:102700003DF6DEC43EF6DEC43FF6DEC440F61CD025
:1027100024C60AF625C60BF620EE14F02451D9265D
:102720002551DA22DEC40CF6DEC40DF6DEC40EF648
:10273000DEC40FF666ECA0F00AC63DF60BC63EF608
:102740000CC63FF60DC640F6060140513F113E1142
:102750000EE1020E3D5DD8B00AD020EE0FF02451FC
:10276000D9262551DA22020EDF6E020E12003D2913
:1027700011E13E290FE13F290DE14029D8A40AD0FB
:1027800020EE0FF02451D9262551DA22010EDF6EFA
:10279000010E120020EE14F02451D9262551DA2220
:1027A0003DC6DEF43EC6DEF43FC6DEF440C6DEF4CF
:1027B0004DC60DF54EC60EF520EE14F02451D92667
:1027C0002551DA22DEC40FF5DEC410F5DEC411F5A2
:1027D000DEC412F5CBECC3F00DC549F60EC54AF6C2
:1027E0000FC54BF610C54CF6060149514A114B1165
:1027F0004C11D8B4B2D74351492744514A23000E53
:102800004B23000E4C2328C62CF629C62DF6090EA4
:102810002E6FD8902D332C332E2FFBD72CC645F698
:102820002DC646F645514611D8B4A7D0455143258B
:102830002C6F465144212D6F20EE0AF04D51D926C0
:102840004E51DA222C51DE5C2D51DE58D8B010D01A
:1028500020EE0AF04D51D9264E51DA22DEC42CF674
:10286000DDC42DF643512C5D456F44512D59466F03
:1028700041C6E4F542C6E5F549C6E6F54AC6E7F5C0
:102880004BC6E8F54CC6E9F545C6EAF546C6EBF594
:1028900020EE01F04D51D9264E51DA22DF5061EC85
:1028A000C9F00009D8A4D9D0060120EE0EF02451B9
:1028B000D9262551DA22DFAE50D045512C6F465132
:1028C0002D6F2E6B2F6B20EE18F02451D926255139
:1028D000DA22DEC430F6DEC431F6DEC432F6DEC4FF
:1028E00033F64951305D346F4A513159356F4B5190
:1028F0003259366F4C513359376F2C51345D2D514D
:1029000035592E5136592F513759D8B026D020EE8F
:1029100018F02451D9262551DA22DEC42CF6DDC464
:102920002DF649512C5F4A512D5B090ED8902C375A
:102930002D37E82EFBD72C514125016E2D51422118
:10294000026E220E2425036E000E2521046E020E57
:10295000066E000E056EBEECCDF045C62CF646C6E2
:102960002DF6090ED89006012C372D37E82EFAD710
:102970002CC647F62DC648F6C9D020EE18F02451D3
:10298000D9262551DA224951DE180AE14A51DE18CA
:1029900007E14B51DE1804E14C51DE18D8B45FD08A
:1029A00020EE0EF02451D9262551DA22DFAE33D0A5
:1029B000220E24250501E26F000E060125210501E6
:1029C000E36F060120EE18F02451D9262551DA22B2
:1029D000DEC4E4F5DEC4E5F5DEC4E6F5DEC4E7F505
:1029E000000E0501E96F010EE86F060120EE01F00F
:1029F0004D51D9264E51DA22DF5020ECC9F00009A2
:102A0000D8A42BD0060120EE0EF02451D926255152
:102A1000DA227F0EDF16220E24250501E46F000E58
:102A2000060125210501E56F49C6E6F54AC6E7F529
:102A30004BC6E8F54CC6E9F5000EEB6F010EEA6FE8
:102A4000060120EE01F04D51D9264E51DA22DF5019
:102A500061ECC9F00009D8B402D0060191D6060194
:102A600020EE18F02451D9262551DA2249C6DEF489
:102A70004AC6DEF44BC6DEF44CC6DEF420EE10F09F
:102A80002451D9262551DA22DEC42CF6DDC42DF6D8
:102A9000FF0E2C152E6F010E2D152F6F2E510008D5
:102AA000476F2F51D8A0E82A0208486F4751285D88
:102AB00048512959D8B004D028C647F629C648F647
:102AC00041C601F542C602F520EE10F02451D92688
:102AD0002551DA22DEC42CF6DDC42DF6FF0E2C15AE
:102AE0002E6F010E2D152F6F2E512425306F2F5173
:102AF0002521316F220E3025036E000E3121046E28
:102B000047C605F548C606F5BEECCDF006014751AF
:102B1000285F4851295B2AC6D9F42BC6DAF44751FD
:102B2000DE264851DD22475141274851422320EEFD
:102B300010F02451D9262551DA224751DE2648517A
:102B4000DE22000EDE22DE227BD5000E120053C5EF
:102B5000D9F454C5DAF4DEC4F6F4DDC4F7F4000E9B
:102B6000F86E0800F550250AD8A4C9D253C5D9F487
:102B700054C5DAF4DE2A000EDD22000E0701146FC0
:102B8000000E136F13C727F715691669000E0501AC
:102B90000BD00701278353C5D9F454C5DAF4DE2AD4
:102BA000000EDD2213D0010E8C6F10D053C5D9F466
:102BB00054C5DAF4DEC4F6F4DDC4F7F4000EF86EA2
:102BC0000800F550300AD8B4E4D7EDD705018C5190
:102BD000D8B4ECD753C507F554C508F555C509F564
:102BE00056C50AF542ECC5F007C513F708C514F73A
:102BF000070114AF05D02781136D141FD8B0142B13
:102C000053C5D9F454C5DAF4DEC4F6F4DDC4F7F4E0
:102C1000000EF86E0800F5502E0AD8A415D053C542
:102C2000D9F454C5DAF4DE2A000EDD2253C507F5C7
:102C300054C508F555C509F556C50AF542ECC5F069
:102C400007C515F708C516F753C5D9F454C5DAF406
:102C5000DEC4F6F4DDC4F7F4000EF86E0800F5509B
:102C6000630AD8A423D053C5D9F454C5DAF4DE2AB4
:102C7000000EDD2255C5D9F456C5DAF4DFC457F588
:102C8000020EDE26DFC458F5000EDD2257C5D9F44A
:102C900058C5DAF4DF500501916F51C50BF552C5E7
:102CA0000CF591C50DF592ECC8F0120053C5D9F49E
:102CB00054C5DAF4DEC492F5DDC493F592C5F6F49A
:102CC00093C5F7F4000EF86E0800F5C491F508D02E
:102CD000924B932B17D0690E01D0000E916F12D03A
:102CE00005019151580AD8B4F6D73C0AD8B4F3D7A5
:102CF0000D0AD8B4F0D7050AD8B4EAD7140AD8B464
:102D0000EAD7EBD792C5F6F493C5F7F4000EF86E48
:102D10000800F550640AD8B43FD092C5F6F493C5C4
:102D2000F7F4000EF86E0800F550690AD8B434D0F4
:102D300057D055C5D9F456C5DAF4DFC457F5020E9D
:102D4000DE26DFC458F5000EDD2257C5D9F458C57C
:102D5000DAF4DEC48DF5DDC48EF5000E8EBFFF0EF5
:102D60008F6F906F20D055C5D9F456C5DAF4DFC403
:102D700057F5040EDE26DFC458F5000EDD2257C5D8
:102D8000D9F458C5DAF4DEC48DF5DEC48EF5DEC4A0
:102D90008FF5DEC490F507D09151690AD8B4C9D730
:102DA000050AD8B4E0D7010E9225576E000E932184
:102DB000586E53C5D9F454C5DAF457C5DEF458C576
:102DC000DDF451C51BF552C51CF58DC51DF58EC52D
:102DD0001EF58FC51FF590C520F5B7ECB8F01200B1
:102DE00092C5F6F493C5F7F4000EF86E0800F5509E
:102DF000780AD8B440D092C5F6F493C5F7F4000E23
:102E0000F86E0800F550580AD8B435D070D055C5C2
:102E1000D9F456C5DAF4DFC457F5020EDE26DFC456
:102E200058F5000EDD2257C5D9F458C5DAF4DEC4D2
:102E300059F5DDC45AF559C58DF55AC58EF58F6B18
:102E4000906B20D055C5D9F456C5DAF4DFC457F5D8
:102E5000040EDE26DFC458F5000EDD2257C5D9F476
:102E600058C5DAF4DEC48DF5DEC48EF5DEC48FF508
:102E7000DEC490F507D09151690AD8B4C8D7050AC5
:102E8000D8B4E0D7010E9225576E000E9321586EEC
:102E900053C5D9F454C5DAF457C5DEF458C5DDF48A
:102EA00018D051C51BF552C51CF58DC51DF58EC535
:102EB0001EF58FC51FF590C520F592C5F6F493C594
:102EC000F7F4000EF86E0800F5C421F5D4ECBEF05E
:102ED000120092C5F6F493C5F7F4000EF86E0800E0
:102EE000F550580AD8B4DDD7200AD8B4DAD7000E86
:102EF0008C6F53C5D9F454C5DAF4DEC4F6F4DDC4DE
:102F0000F7F4000EF86E0800F550730AD8A40AD042
:102F100053C5D9F454C5DAF4DE2A000EDD22010EC1
:102F20008C6F44D053C5D9F454C5DAF4DEC4F6F43A
:102F3000DDC4F7F4000EF86E0800F5506C0AD8A452
:102F400035D053C5D9F454C5DAF4DEC457F5DDC421
:102F500058F5010E5726000E582257C5F6F458C5ED
:102F6000F7F4000EF86E0800F5506C0AD8A41ED0D5
:102F700053C5D9F454C5DAF4DEC457F5DDC458F5A9
:102F8000020E5726000E582257C5F6F458C5F7F41E
:102F9000000EF86E0800F550730AD8A407D0030E8F
:102FA00053C5D9F454C5DAF4DE26B7D78C51D8B45A
:102FB0001BD051C50BF552C50CF555C5D9F456C5F6
:102FC000DAF4DFC457F5020EDE26DFC458F5000E32
:102FD000DD2257C5D9F458C5DAF4DEC40DF5DDC4D9
:102FE0000EF5AEECBAF0120053C5D9F454C5DAF4BC
:102FF000DEC492F5DDC493F592C5F6F493C5F7F4FB
:10300000000EF86E0800F5C491F508D0924B932B92
:1030100010D06C0E01D0000E916F0BD091514C0A64
:10302000D8B4F4D72A0AD8B4F4D70A0AD8B4EED759
:10303000F2D792C5F6F493C5F7F4000EF86E0800C7
:10304000F550660AD8B41AD052D055C5D9F456C531
:10305000DAF4DFC457F5040EDE26DFC458F5000E9F
:10306000DD2257C5D9F458C5DAF4DEC48DF5DEC4C7
:103070008EF5DEC48FF5DEC490F507D091514C0A71
:10308000D8B4E3D7200AD8B4E0D7010E9225576E02
:10309000000E9321586E53C5D9F454C5DAF457C5C0
:1030A000DEF458C5DDF418D051C548F552C549F5D0
:1030B0008DC54AF58EC54BF58FC54CF590C54DF5C0
:1030C00092C5F6F493C5F7F4000EF86E0800F5C447
:1030D0004EF500EC80F0120092C5F6F493C5F7F4BB
:1030E000000EF86E0800F550660AD8B4DDD753C557
:1030F000D9F454C5DAF4DE2A000EDD22120053C5DD
:10310000D9F454C5DAF4DEC4F6F4DDC4F7F4000EE5
:10311000F86E0800F550026E036A51C504F552C5F9
:1031200005F5A6ECC7F0E3D72BC6D9F42CC6DAF424
:10313000DEC442F6DDC443F62D512E112F1130119D
:10314000D8A42DD020EE0CF04251D9264351DA22DA
:10315000DEC43AF6DEC43BF6DEC43CF6DEC43DF621
:103160003A513B113C113D11D8B410D020EE14F06F
:103170004251D9264351DA22DE503A5DDE503B59A6
:10318000DE503C59DE503D59D8A05BD0010E3A6F5D
:10319000000E3B6F000E3C6F000E3D6F52D02BC6F1
:1031A0000AF62CC60BF62DC60CF62EC60DF62FC64B
:1031B0000EF630C60FF666ECA0F00AC644F60BC653
:1031C00045F60CC646F60DC647F6060147514611B0
:1031D00045110DE1020E445DD8B009D0010E2B6FF0
:1031E000000E2C6F000E2D6F000E2E6F1200442962
:1031F00010E145290EE146290CE14729D8A409D060
:1032000044C62BF645C62CF646C62DF647C62EF606
:10321000120020EE14F04251D9264351DA22DE503A
:10322000445DDE504559DE504659DE504759D8A01E
:10323000E7D72DC63AF62EC63BF62FC63CF630C66B
:103240003DF620EE10F04251D9264351DA22DE50ED
:10325000DE10DE10DE10D8A409D0000E2B6F000E99
:103260002C6F000E2D6F000E2E6F1200000E3E6FA1
:10327000000E3F6F000E406F000E416F2D513A1946
:1032800009E12E513B1906E12F513C1903E1305160
:103290003D19D8A486D0010E3A253E6F000E3B2181
:1032A0003F6F000E3C21406F000E3D21416F20EE2C
:1032B00014F04251D9264351DA22DE503E5DDE50F1
:1032C0003F59DE504059DE504159D8A008D0020E77
:1032D0003E6F000E3F6F000E406F000E416F2BC619
:1032E0000AF62CC60BF63EC60CF63FC60DF640C6D7
:1032F0000EF641C60FF666ECA0F00AC644F60BC601
:1033000045F60CC646F60DC647F6060144054511BE
:1033100046114711D8B474D7442907E1452905E17E
:10332000462903E14729D8B46BD7445145114611CA
:103330004711D8B436D020EE0CF04251D926435173
:10334000DA22DEC444F6DEC445F6DEC446F6DEC448
:1033500047F647514611451104E1020E445DD8A0DD
:1033600018D020EE14F04251D9264351DA22DE5013
:10337000445DDE504559DE504659DE504759D8B0BD
:1033800008D044C63AF645C63BF646C63CF647C6A4
:103390003DF6000E3E6F000E3F6F000E406F000EB8
:1033A000416F3E513F1140114111D8A468D03AC637
:1033B0003EF63BC63FF63CC640F63DC641F6010E22
:1033C0003E27000E3F234023412320EE14F04251BC
:1033D000D9264351DA22DE503E5DDE503F59DE50A1
:1033E0004059DE504159D8A010D0020E3E6F000E59
:1033F0003F6F000E406F000E416F3D513C113B117D
:1034000004E1020E3A5DD8A028D72BC60AF62CC6D6
:103410000BF63EC60CF63FC60DF640C60EF641C68C
:103420000FF666ECA0F00AC644F60BC645F60CC6CD
:1034300046F60DC647F6060144514511461147119F
:10344000D8B41DD04405451146114711D8B4D8D67B
:10345000442907E1452905E1462903E14729D8B474
:10346000CFD63A513E19ABE13B513F19A8E13C514F
:103470004019A5E13D514119D8B4EFD6A0D742C6B5
:103480000AF643C60BF63EC60CF63FC60DF640C61E
:103490000EF641C60FF6FF0E106FFF0E116FFF0EF6
:1034A000126FFF0E136FD6EC9AF0396F3951D8A412
:1034B0001DD02D512E112F113011D8B417D042C666
:1034C0000AF643C60BF62DC60CF62EC60DF62FC611
:1034D0000EF630C60FF63EC610F63FC611F640C6D1
:1034E00012F641C613F6D6EC9AF0396F3951D8A4CA
:1034F00044D020EE0CF04251D9264351DA223EC688
:10350000DEF43FC6DEF440C6DEF441C6DEF420EE53
:1035100010F04251D9264351DA2210EE14F04251F4
:10352000E1264351E222FE0EE624356FFF0EE6202F
:10353000366FFF0EE620376FFF0EE620386FDE5045
:10354000355DDE503659DE503759DE503859D8A037
:103550000BD020EE10F04251D9264351DA22DE067C
:10356000000EDE5ADE5ADE5A20EE05F04251D92610
:103570004351DA22000EDB8010D03905D8B409D0CF
:10358000010E3E6F000E3F6F000E406F000E416F48
:1035900004D03E693F69406941693EC62BF63FC68B
:1035A0002CF640C62DF641C62EF61200020E2A6FEA
:1035B0000F510E110D1104E1020E0C5DD8A0F4D1D3
:1035C00020EE14F00A51D9260B51DA22DE500C5DA0
:1035D000DE500D59DE500E59DE500F59D8A0D6D10D
:1035E000E3D10CC628F60DC629F6D8902931156FFF
:1035F0002831146F14512827155129230AC600F6C3
:103600000BC601F620EE20F00A51D9260B51DA2222
:10361000DEC414F6DEC415F6DEC416F6DEC417F6F4
:1036200028C618F629C619F6090E1A6FD89019334C
:1036300018331A2FFBD718511425026F1951152171
:10364000036F000E1621046F000E1721056F2BEC7F
:10365000C4F006012A6F2A51D8A4A6D1FF0E28155E
:10366000146F010E2915156F14510A25166F155187
:103670000B21176F300E1625266F000E1721276FAE
:10368000284B292B0CB103D010C622F60FD010C640
:1036900014F6143BF00E141726C6D9F427C6DAF434
:1036A000DF500F0B1411156F1551226F236B26C6B7
:1036B000D9F427C6DAF422C6DFF420EE04F00A516A
:1036C000D9260B51DA22010EDF6E0AC600F60BC6B0
:1036D00001F620EE20F00A51D9260B51DA22DEC481
:1036E00014F6DEC415F6DEC416F6DEC417F628C6D8
:1036F00018F629C619F6090E1A6FD890193318331F
:103700001A2FFBD718511425026F19511521036F79
:10371000000E1621046F000E1721056F2BECC4F06C
:1037200006012A6F2A51D8A43FD1FF0E2815146F25
:10373000010E2915156F14510A25166F15510B210D
:10374000176F300E1625266F000E1721276F0CB14C
:103750000ED011C614F60F0E141726C6D9F427C6BC
:10376000DAF4DF50F00B1411156F155112D010C69A
:1037700014F611C615F612C616F613C617F6050E80
:1037800005D0D8901733163315331433E82EF9D7F4
:103790001451246F256B26C6D9F427C6DAF424C643
:1037A000DFF4EBD00AC600F60BC601F620EE20F0DF
:1037B0000A51D9260B51DA22DEC414F6DEC415F6FE
:1037C000DEC416F6DEC417F60D51186F0E51196FD0
:1037D0000F511A6F1B6B14511825026F15511921C7
:1037E000036F16511A21046F17511B21056F2BEC23
:1037F000C4F006012A6F2A51D8A4D6D00CC614F6FC
:103800000DC615F6D89014371537FF0E1415166F20
:10381000010E1515176F16510A25186F17510B2138
:10382000196F300E1825016E000E1921026E10C698
:1038300003F511C604F538ECCFF006019ED00AC698
:1038400000F60BC601F620EE20F00A51D9260B51E6
:10385000DA22DEC414F6DEC415F6DEC416F6DEC4C3
:1038600017F60CC618F60DC619F60EC61AF60FC6D0
:103870001BF6080E05D0D8901B331A3319331833B2
:10388000E82EF9D714511825026F15511921036F2D
:1038900016511A21046F17511B21056F2BECC4F030
:1038A00006012A6F2A51D8A47FD00CC614F60DC683
:1038B00015F6D89014371537D89014371537FF0EF2
:1038C0001415166F010E1515176F16510A25186F6E
:1038D00017510B21196F300E1825016E000E19219A
:1038E000026EE6ECC4F0000E01141A6F000E021412
:1038F0001B6F000E03141C6FF00E04141D6FFF0EDF
:1039000010151E6FFF0E11151F6FFF0E1215206F81
:103910000F0E1315216F1A511E11106F1B511F111D
:10392000116F1C512011126F1D512111136F0CC604
:1039300014F60DC615F6D89014371537D8901437ED
:103940001537FF0E1415166F010E1515176F16514A
:103950000A25186F17510B21196F300E1825016EAB
:10396000000E1921026E10C603F511C604F512C629
:1039700005F513C606F575ECCBF020EE04F00A5100
:10398000D9260B51DA22010EDF6E0ED00AC6D9F409
:103990000BC6DAF4DF50010AD8B423D6030AD8B430
:1039A00001D7010AD8B44BD72A5112007D0EAF6F50
:1039B000070EB06FF50EB16FFF0EB26FB0ECBDF039
:1039C0000009D8B40DD0A90E05019A6FFD0E9B6FAA
:1039D00060ECCFF0FF0E0701C06FFD0EBF6F12004D
:1039E000000E0701CF6F000ECE6FCC69CD697D0E42
:1039F00006016F6F070E706F000E716F000E726F11
:103A00004FECC6F048D0AE0E016E070E026EAF0E40
:103A1000036EFF0E046E000E066E080E056EF6ECC9
:103A2000C7F001500210D8B412D0AE0E016E070ECE
:103A3000026ECA0E036EFF0E046E000E066E070EB7
:103A4000056EF6ECC7F001500210D8A424D09D0EEC
:103A500005019A6FFF0E9B6FCEC79CF5CFC79DF5F2
:103A6000AE0E9E6F070E9F6F60ECCFF0AE0E016E34
:103A7000070E026EAF0E036EFF0E046EDEECCBF08F
:103A800001500210D8A404D0CEC7CCF7CFC7CDF7D1
:103A90000701CE4BCF2B7D0E06016F6F070E706FA7
:103AA000A50E716F070E726F4FECC6F00009D8A417
:103AB00004D00701AE51D8A4A6D70701CFBF9DD02F
:103AC000CF5104E1020ECE5DD8A097D0A60E05011D
:103AD0009A6FFF0E9B6F60ECCFF0F7ECCFF00150C8
:103AE0000701D06F2F0ED06516D03A0ED06113D0DB
:103AF000D00ED025C16FC26BFF0EC223CE51C15D67
:103B0000CF51C259D8B007D0D00ED025CC6FCD6BD5
:103B1000FF0ECD230AD00D0ED019D8B404D00A0E52
:103B2000D019D8A4DAD7CDBFD8D7C80E05019A6F5F
:103B3000FE0E9B6FCCC79CF5CDC79DF560ECCFF01A
:103B40007D0E06016F6F070E706F000E716F000E15
:103B5000726F4FECC6F0000E0701CF6F000ECE6FF4
:103B60002ED0AE0E016E070E026EAF0E036EFF0E6C
:103B7000046E000E066E080E056EF6ECC7F00150DE
:103B80000210D8B412D0AE0E016E070E026ECA0E2D
:103B9000036EFF0E046E000E066E070E056EF6EC49
:103BA000C7F001500210D8A40AD00701CE51CC1999
:103BB00004E1CF51CD19D8B414D0CE4BCF2B7D0E0C
:103BC00006016F6F070E706FA50E716F070E726F93
:103BD0004FECC6F00009D8A404D00701AE51D8A418
:103BE000C0D71A0E05019A6FFF0E9B6FAE0E9C6F29
:103BF000070E9D6F60ECCFF00AD0AE0E016E070E7F
:103C0000026EAF0E036EFF0E046E96ECCEF07D0ECC
:103C10000501B16F070EB26F0EECCFF0000E070179
:103C2000CA6F000EC96F79D0C951410FCB6FBC0E5E
:103C3000C76F170EC86FC7C79AF5C8C79BF5710E37
:103C400005019C6FFF0E9D6FAE0E9E6F070E9F6F5E
:103C5000CBC7A0F5A16BE5ECCCF01FC701F520C7E1
:103C600002F5020E046E220E036E73ECCFF0C00E4E
:103C700001240701C56F080E0220C66FC5C7AFF645
:103C8000C6C7B0F6C7C7B1F6C8C7B2F6030E06017D
:103C9000B36FA4EC8FF00009D8A43CD0350E050119
:103CA0009A6FF80E9B6FAE0E9C6F070E9D6FCBC781
:103CB0009EF59F6BCBC7A0F5A16B60ECCFF01FC743
:103CC00001F520C702F5020E046E220E036E73EC9E
:103CD000CFF0C00E01240701C16F080E0220C26F91
:103CE000800EC36F080EC46F020EC327000EC423DC
:103CF000D890C935D96ECA35DA6ED890D936DA3649
:103D0000C351D926C451DA22C1C7DEF4C2C7DDF4DB
:103D10001F4B202B0701C94BCA2BCA510CE1100EB7
:103D2000C95DD8B008D020BF7FD7205104E1060E6E
:103D30001F5DD8A079D7080182518311D8A40DD076
:103D4000610E05019A6FFF0E9B6F60ECCFF0FF0EC6
:103D50000701C06FFC0EBF6F1200000E0701C06F9D
:103D6000000EBF6F120048C6D9F449C6DAF4DEC4AB
:103D70005CF6DDC45DF620EE0EF04851D9264951BF
:103D8000DA22DEC44CF6DEC44DF6DEC44EF6DEC4E6
:103D90004FF6200E4C25586F000E4D21596F000E26
:103DA0004E215A6F000E4F215B6F5B5104E1200ED4
:103DB0005A5DD8A00AD020EE16F04851D9264951B4
:103DC000DA22DE6ADE6ADE6ADD6A20EE16F048512B
:103DD000D9264951DA22DE50DE10DE10DE10D8A4DA
:103DE00002D0040E1200FF0E58154C6F010E59152B
:103DF0004D6F000E5A154E6F000E5B154F6F4C51F4
:103E00004D114E114F11D8A437D120EE16F0485164
:103E1000D9264951DA22DE2A000EDE22DE22DE22F7
:103E200020EE12F04851D9264951DA22DE50DE1038
:103E3000DE10DE10D8A42CD020EE08F05C51D9267C
:103E40005D51DA22DEC44CF6DDC44DF64C514E6FA6
:103E50004D514F6F506B516B58C652F659C653F6C1
:103E60005AC654F65BC655F6060E05D0D8905533A3
:103E7000543353335233E82EF9D74E51525D4F51DC
:103E800053595051545951515559D8A0F5D079D062
:103E900020EE0AF05C51D9265D51DA22DEC44CF6E0
:103EA000DDC44DF6FF0E4C254E6FFF0E4D214F6FBA
:103EB00058C650F659C651F65AC652F65BC653F666
:103EC0000A0E05D0D8905333523351335033E82E75
:103ED000F9D74E515015546F4F515115556F000E73
:103EE0005215566F000E5315576F545155115611F8
:103EF0005711D8A4C1D048C60AF649C60BF620EE21
:103F000012F04851D9264951DA22DEC40CF6DEC43B
:103F10000DF6DEC40EF6DEC40FF666ECA0F00AC69F
:103F20005EF60BC65FF60CC660F60DC661F60601BE
:103F3000615160115F1106E1020E5E5DD8B002D0E2
:103F4000020E12005E2909E15F2907E1602905E1FF
:103F50006129D8A402D0010E120020EE14F05C51A9
:103F6000D9265D51DA22DE505E5DDE505F59DE50AB
:103F70006059DE506159D8A053D04A514B11D8A492
:103F80000BD020EE16F04851D9264951DA22DE6ACC
:103F9000DE6ADE6ADD6A25D748C62BF649C62CF6EE
:103FA00020EE12F04851D9264951DA22DEC42DF60E
:103FB000DEC42EF6DEC42FF6DEC430F694EC98F0A4
:103FC0002BC65EF62CC65FF62DC660F62EC661F6D1
:103FD0005E515F1160116111D8A402D0070E12006A
:103FE0005E055F1160116111D8B4AAD75E2907E19F
:103FF0005F2905E1602903E16129D8B4ACD75CC62B
:1040000000F65DC601F65EC602F65FC603F660C640
:1040100004F661C605F6E8ECBBF00009D8A49BD70E
:10402000060120EE12F04851D9264951DA225EC627
:10403000DEF45FC6DEF460C6DEF461C6DEF45CC6A4
:104040000DF55DC60EF55EC60FF55FC610F560C6D0
:1040500011F561C612F5CBECC3F0060120EE16F0A7
:104060004851D9264951DA220DC5DEF40EC5DEF4D9
:104070000FC5DEF410C5DEF420EE0EF04851D9264F
:104080004951DA2258C6DEF459C6DEF45AC6DEF4C7
:104090005BC6DEF4FF0E58154C6F010E59154D6FBF
:1040A0004C515C254E6F4D515D214F6F300E4E27A8
:1040B000000E4F2320EE1AF04851D9264951DA223A
:1040C0004EC6DEF44FC6DDF4000E12000AC6D9F467
:1040D0000BC6DAF4DEC422F6DDC423F60F510E114E
:1040E0000D1104E1020E0C5DD8A010D020EE14F0EA
:1040F0002251D9262351DA22DE500C5DDE500D59B3
:10410000DE500E59DE500F59D8A008D0010E1A6F9C
:10411000000E1B6F000E1C6F000E6DD11A691B691B
:104120001C691D696AD10CC620F60DC621F6D8900F
:104130002131116F2031106F10512027115121238F
:1041400022C600F623C601F620EE20F02251D92621
:104150002351DA22DEC410F6DEC411F6DEC412F6F4
:10416000DEC413F620C614F621C615F6090E166F26
:10417000D89015331433162FFBD714511025026F26
:1041800015511121036F000E1221046F000E13212F
:10419000056F2BECC4F00009D8A43ED1FF0E060138
:1041A0002015106F010E2115116F10512225126F6D
:1041B00011512321136F300E1225D96E000E1321D9
:1041C000DA6EDF50146F14511E6F1F6B204B212BC2
:1041D00022C600F623C601F620EE20F02251D92691
:1041E0002351DA22DEC410F6DEC411F6DEC412F664
:1041F000DEC413F620C614F621C615F6090E166F96
:10420000D89015331433162FFBD714511025026F95
:1042100015511121036F000E1221046F000E13219E
:10422000056F2BECC4F00009D8A4F6D0FF0E0601F0
:104230002015106F010E2115116F10512225126FDC
:1042400011512321136F300E1225D96E000E132148
:10425000DA6EDF50146F1451166F156B15511E1363
:1042600016511F130CB107D0FF0E1E15186F0F0E3D
:104270001F15196F0FD01EC610F61FC611F6040EBB
:10428000126FD89011331033122FFBD710C618F6C7
:1042900011C619F618C61AF619C61BF64BD022C657
:1042A00000F623C601F620EE20F02251D926235134
:1042B000DA22DEC410F6DEC411F6DEC412F6DEC465
:1042C00013F60D51146F0E51156F0F51166F176BBA
:1042D00010511425026F11511521036F125116212F
:1042E000046F13511721056F2BECC4F00009D8A4FB
:1042F00093D00CC610F60DC611F6D89006011037F3
:104300001137FF0E1015126F010E1115136F125198
:104310002225146F13512321156F300E1425016EC1
:10432000000E1521026E42ECCEF001C51AF602C550
:104330001BF606011C6B1D6B6FD022C600F623C650
:1043400001F620EE20F02251D9262351DA22DEC4D4
:1043500010F6DEC411F6DEC412F6DEC413F60CC687
:1043600014F60DC615F60EC616F60FC617F6080E8D
:1043700005D0D8901733163315331433E82EF9D7F8
:1043800010511425026F11511521036F125116217E
:10439000046F13511721056F2BECC4F00009D8A44A
:1043A0003BD00CC610F60DC611F60601D89010379A
:1043B0001137D89010371137FF0E1015126F010EFC
:1043C0001115136F12512225146F13512321156FEC
:1043D000300E1425016E000E1521026EE6ECC4F0BD
:1043E000FF0E01141A6FFF0E02141B6FFF0E031451
:1043F0001C6F0F0E04141D6F0FD022C6D9F423C6F4
:10440000DAF4DF50010AD8B48ED6030AD8B447D7FD
:10441000010AD8B492D77AD61AC60AF61BC60BF68A
:104420001CC60CF61DC60DF612000450800B0D6E56
:1044300004500424136E03BE13801350D8B40DD05F
:104440001328D8A408D0000E016E000E026E000ED4
:10445000036E000E046E038E08D0000E016E000E77
:10446000026E000E036E000E046E0850800B0D1AD3
:10447000085008240E6E07BE0E800E50D8B40DD022
:104480000E28D8A408D0000E056E000E066E000E91
:10449000076E000E086E078E08D0000E056E000E27
:1044A000066E000E076E000E086E0E50D8B403D0D4
:1044B0001350D8A409D0000E016E000E026E000E3B
:1044C000036E000E046E120007500102F3C418F5CB
:1044D000F4C419F518500F6E106A116A126A195057
:1044E000146E156A166A176A06500202F3C418F5AC
:1044F000F4C419F518500F26000E102211221222B2
:1045000019501426000E15221622172205500302F8
:10451000F3C418F5F4C419F518500F26000E102234
:104520001122122219501426000E152216221722CB
:1045300011C512F510C511F50FC510F50F6A05501C
:104540000202F3C418F5F4C419F518500F261950D7
:104550001022000E1122000E122206500102F3C496
:1045600018F5F4C419F518500F2619501022000E32
:104570001122000E122211C512F510C511F50FC53A
:1045800010F50F6A05500102F3C418F5F4C419F5CB
:1045900018500F2619501022000E1122000E122260
:1045A00007500202F3C418F5F4C419F51850142684
:1045B00019501522000E1622000E17220650030273
:1045C000F3C418F5F4C419F518501426195015221F
:1045D000000E1622000E172207500302F3C418F52E
:1045E000F4C419F51850096E19500A6E0B6A0C6A5A
:1045F0000BC50CF50AC50BF509C50AF5096A095082
:1046000014260A5015220B5016220C501722125055
:104610001426000E15221622172211C512F510C5F8
:1046200011F50FC510F50F6A0E5013C509F50A6A8A
:104630000926000E0A22820E0924186EFF0E0A2097
:10464000196E0FD0D890143615361636173612BE9E
:104650001480D8900F361036113612361806D8A0AE
:10466000190616AEEFD7000E0E6E12AE17D0FF0E63
:104670000F14096EFF0E10140A6EFF0E11140B6E4C
:104680007F0E12140C6E09500A100B100C10D8B4C7
:1046900003D0010E0E6E02D014B0FBD70E50D8B46A
:1046A0001FD0010E1426000E15221622172217A065
:1046B00017D014C509F515C50AF516C50BF517C5AC
:1046C0000CF50C340C320B320A32093209C514F5E0
:1046D0000AC515F50BC516F50CC517F5184A192AA4
:1046E00019BE0DD0195003E11828D8A008D0000E2B
:1046F000146E000E156E800E166E7F0E20D019BE41
:1047000005D019500EE11804D8B00BD0000E146E6D
:10471000000E156E000E166E000E176E000E0D6E5A
:104720000FD018C513F5FF0E1416FF0E15167F0EC9
:104730001616000E171613B0168ED8901330176E7B
:104740000D50171214C501F515C502F516C503F570
:1047500017C504F512000450800B0D6E045004249C
:104760000F6E03BE0F800F50D8B40DD00F28D8A401
:1047700008D0000E016E000E026E000E036E000ED9
:10478000046E038E06D0000E016E000E026E000E47
:10479000036E000E046E0850800B0E6E0D500E1846
:1047A000D8A40D8C085008240E6E07BE0E800E5043
:1047B000D8B40DD00E28D8A408D0000E056E000E77
:1047C000066E000E076E000E086E078E06D0000EF5
:1047D000056E000E066E000E076E000E086E0F507E
:1047E0000E5CD8B022D00DAC02D0800E0D1A0FC5D1
:1047F00010F50EC50FF510C50EF501C510F505C570
:1048000001F510C505F502C510F506C502F510C580
:1048100006F503C510F507C503F510C507F504C572
:1048200010F508C504F510C508F5000E106E0F5000
:104830000EC509F50A6A095E000E0A5A0ABE2CD096
:104840000A5004E11A0E095CD8A026D001500210CB
:1048500003100410D8B402D0010E01D0000E106E67
:10486000000E016E000E026E000E036E000E046E4E
:104870000EC50FF515D010A005D0D8901030010945
:10488000106E02D0D890103201B0108E0434043271
:104890000332023201320F2A0E500F5CD8A0EBD740
:1048A0000DBC28D00F50D8A409D0000E016E000E08
:1048B000026E000E036E000E046E120005500126FB
:1048C00006500222075003220850042204A071D08F
:1048D00010A005D0D89010300109106E02D0D890E9
:1048E000103201B0108E043404320332023201322D
:1048F0000F2A5FD00550015C06500258075003583C
:104900000450800A096E0850800A0958D8B025D092
:104910000150055C096E025006580A6E0350075894
:104920000B6E045008580C6EFF0E0924016EFF0E2A
:104930000A20026EFF0E0B20036EFF0E0C20046E89
:10494000800E0D1A106C1050D8A40FD0010E012645
:10495000000E02220322042208D00550015E0650F8
:10496000025A0750035A0850045A0150021003100B
:104970000410D8A41CD01050D8A419D0000E016E79
:10498000000E026E000E036E000E046E1200D89030
:10499000013602360336043610BE018010A002D064
:1049A000D88001D0D89010360F50D8A40F0603AE8F
:1049B000EED7000E0E6E10AE0BD010C509F57F0EAF
:1049C0000916D8B403D0010E0E6E02D001B0FBD789
:1049D0000E50D8B420D0010E0126000E0222032270
:1049E000042204A018D001C509F502C50AF503C5C3
:1049F0000BF504C50CF50C340C320B320A320932BB
:104A000009C501F50AC502F50BC503F50CC504F58A
:104A10000F28D8A40F2A0F28D8B403D00F50D8A439
:104A20000DD0000E016E000E026E000E036E000E21
:104A3000046E0F50D8A402D0000E0D6E0FA002D04D
:104A4000038E01D0039ED8900F30046E0DBE048EED
:104A500001C501F502C502F503C503F504C504F55A
:104A6000120024C6D9F425C6DAF4DEC43CF6DDC44F
:104A70003DF629510AE1200E285DD8B006D026C6A1
:104A80002AF61F0E2A17D8B402D0020E120020EE0A
:104A90000EF02451D9262551DA2226C6DEF427C687
:104AA000DEF428C6DEF429C6DEF420EE06F024513A
:104AB000D9262551DA22DEC438F6DEC439F6DEC442
:104AC0003AF6DEC43BF6385139113A113B11D8A4FD
:104AD00015D03CC6D9F43DC6DAF4020EDF640ED020
:104AE00020EE24F03C51D9263D51DA22DEC438F6BE
:104AF000DEC439F6DEC43AF6DEC43BF6385139116D
:104B00003A113B11D8A440D020EE08F03C51D926F0
:104B10003D51DA22DEC42AF6DDC42BF62A512C6F71
:104B20002B512D6F2E6B2F6B26C630F627C631F614
:104B300028C632F629C633F6060E05D0D890333390
:104B4000323331333033E82EF9D72C51305D2D51CB
:104B500031592E5132592F513359D8B096D720EEB2
:104B600024F03C51D9263D51DA2210EE16F02451A2
:104B7000E1262551E222DEC4E6F4DEC4E6F4DEC41A
:104B8000E6F4DEC4E6F48AD020EE0AF03C51D926E1
:104B90003D51DA22DEC42AF6DDC42BF62A512C6FF1
:104BA0002B512D6F2E6B2F6B090ED8902C372D3774
:104BB0002E372F37E82EF9D72CC634F62DC635F60A
:104BC0002EC636F62FC637F642D024C60AF625C6BC
:104BD0000BF638C60CF639C60DF63AC60EF63BC6CD
:104BE0000FF666ECA0F00AC638F60BC639F60CC60E
:104BF0003AF60DC63BF60601382909E1392907E1E5
:104C00003A2905E13B29D8A402D0010E12003B51FC
:104C10003A11391104E1020E385DD8A036D720EEE2
:104C200014F03C51D9263D51DA22DE50385DDE5079
:104C30003959DE503A59DE503B59D8B026D7345155
:104C4000265F3551275B3651285B3751295B34513C
:104C5000265D355127593651285937512959D8B031
:104C6000B4D73CC60DF53DC60EF538C60FF539C6AE
:104C700010F53AC611F53BC612F5CBECC3F00601B0
:104C800020EE16F02451D9262551DA220DC5DEF486
:104C90000EC5DEF40FC5DEF410C5DEF420EE12F012
:104CA0002451D9262551DA2238C6DEF439C6DEF47D
:104CB0003AC6DEF43BC6DEF420EE16F02451D926C7
:104CC0002551DA22DE50DE10DE10DE10D8B4DDD63B
:104CD00026C62AF627C62BF628C62CF629C62DF698
:104CE0000A0E05D0D8902D332C332B332A33E82EDF
:104CF000F9D720EE16F02451D9262551DA222A516F
:104D0000DE262B51DE222C51DE222D51DE22FF0E1B
:104D100026152A6F010E27152B6F2A513C252C6F63
:104D20002B513D212D6F300E2C27000E2D2320EE10
:104D30001AF02451D9262551DA222CC6DEF42DC6CC
:104D4000DDF4000E1200FB0E026E200E016ECBECA5
:104D5000CFF007012B6FFB0E026E210E016ECBEC24
:104D6000CFF007012A6F000E1B150601736FFF0EAF
:104D700007011C150601746FFB0E026E220E016EF8
:104D8000CBECCFF00601756F7551731107011B6FE6
:104D90000601745107011C6FFB0E026E230E016E9B
:104DA000CBECCFF00701296FFB0E026E240E016ED3
:104DB000CBECCFF00701286F100E2B610CD02B51DC
:104DC000040D820EF324D96E080EF420DA6EDE5044
:104DD000DE10D8A40ED02C0E05019A6FFF0E9B6F2B
:104DE0002BC79CF59D6B60ECCFF0010E0701DB6FCC
:104DF00012002AC701F5026A2B51040D800EF3241C
:104E0000D96E080EF420DA6EDEC403F5DDC404F5B5
:104E100073ECCFF007011B5101261C510222FF0E3B
:104E200001240601736FFF0E0220746F73C67BF6B8
:104E300074C67CF67D6B7E6B07012B51040D820ED0
:104E4000F324D96E080EF420DA6EDEC47FF6DDC4DA
:104E500080F67FC648F680C649F67BC673F67CC6E8
:104E600074F67DC675F67EC676F6070ED8900601F6
:104E70007337743775377637E82EF8D773C64AF626
:104E800074C64BF675C64CF676C64DF657EC8CF0EC
:104E9000816F8151D8B40BD0A20E05019A6FFE0E1E
:104EA0009B6F81C69CF59D6B60ECCFF09ED7520E38
:104EB00007012C19D8A44BD07FC624F680C625F64E
:104EC000000E0601266F080E276F000E296F800E58
:104ED000286F820E2A6F060E2B6FB3EC92F0816F53
:104EE0008151D8A405D0800E82198311D8B40FD077
:104EF000E10E05019A6FFC0E9B6F81C69CF59D6BC0
:104F000082C69EF583C69FF560ECCFF06ED7000E8B
:104F10000701DB6F28510601736F07012951060154
:104F2000776F73C678F677C601F578C602F5000E7E
:104F3000036E080E046E000E066E800E056E5AECAF
:104F4000CAF0000E0701196F000E1A6F1200530EFF
:104F50002C19D8A4120028510601736F070129519A
:104F60000601796F73C67AF679C601F57AC602F53D
:104F7000000E036E080E046E000E066E800E056EA7
:104F80006BECCCF07FC648F680C649F6000E0601F1
:104F90004A6F080E4B6F000E4D6F800E4C6F820EE5
:104FA0004E6F060E4F6FDBEC88F0816F8151D8A4F5
:104FB00005D0800E82198311D8B40FD0C10E05011F
:104FC0009A6FFC0E9B6F81C69CF59D6B82C69EF509
:104FD00083C69FF560ECCFF008D77FC60AF680C67F
:104FE0000BF62BECB1F00601816F8151D8B40BD0D8
:104FF000B80E05019A6FFE0E9B6F81C69CF59D6BE6
:1050000060ECCFF0F2D6000E0701DB6F9AD70BC52C
:10501000D9F40CC5DAF4DEC415F5DDC416F51C0EA2
:105020000924196E000E0A201A6E19C501F51AC559
:1050300002F5000E046E200E036E000E066E0B0EBF
:10504000056EF8ECCEF0000E1C6E000E1B6E1BC53C
:1050500017F51CC518F5000E146E080E136E1750C8
:1050600015240D6E185016200E6E0DC5F6F40EC5E3
:10507000F7F4000EF86E240EF76403D00800F55024
:1050800005D0F6C4E9F4F7C4EAF4EF501D6E174AF0
:10509000182A210E1D6001D0C4D02F0E1D18D8B4BF
:1050A00007D05C0E1D18D8B403D037D0174A182A81
:1050B000175015240D6E185016200E6E0DC5F6F4FF
:1050C0000EC5F7F4000EF86E240EF76403D0080046
:1050D000F55005D0F6C4E9F4F7C4EAF4EF502F0A0E
:1050E000D8B4E4D7175015240D6E185016200E6E44
:1050F0000DC5F6F40EC5F7F4000EF86E240EF76435
:1051000003D00800F55005D0F6C4E9F4F7C4EAF47A
:10511000EF505C0AD8A485D0C9D72E0E1D18D8B47C
:1051200006D013501B5C14501C58D8A013D00B0E83
:1051300013181410D8B404D02E0E1D18D8B402D0F1
:10514000060E1200000E1C6E080E1B6E000E146E72
:105150000B0E84D71D503EECCBF001500210D8B49A
:1051600040D0175015240D6E185016200E6E0DC528
:10517000F6F40EC5F7F4000EF86E240EF76403D0B3
:105180000800F55005D0F6C4E9F4F7C4EAF4EF508E
:10519000126E174A182A125045ECC8F0015002103E
:1051A000D8B4CED7FF0E13240D6EFF0E14200E6E52
:1051B0000D501B5C0E501C58D8B0C2D71B50192480
:1051C000D96E1C501A20DA6E1DC5DFF41B4A1C2A4A
:1051D0001B501924D96E1C501A20DA6E12C5DFF448
:1051E0001DD0800E016EFF0E026E1DC503F5046A10
:1051F0009CECCDF001500210D8A4A2D7600E1D6423
:1052000005D07B0E1D6002D0200E1D5E1B501924A0
:10521000D96E1C501A20DA6E1DC5DFF41B4A1C2AF9
:105220001ED7175015240D6E185016200E6E0BC584
:10523000D9F40CC5DAF40DC5DEF40EC5DDF41B504F
:105240001C10D8B47DD719C5D9F41AC5DAF4E50E07
:10525000DE18D8A406D019C5D9F41AC5DAF4050E9B
:10526000DF6E200E1D641FD0175015240D6E1850D0
:1052700016200E6E0DC5F6F40EC5F7F4000EF86E8E
:10528000240EF76403D00800F55005D0F6C4E9F405
:10529000F7C4EAF4EF500F6E200E0F6404D0000E36
:1052A000116E000E03D0000E116E040E106E20EE73
:1052B0000BF01950D9261A50DA2210C5DFF4000E6F
:1052C00012001E50800B2B6E1E501E24326E1DBE0F
:1052D00032803250D8B40DD03228D8A408D0000E75
:1052E0001B6E000E1C6E000E1D6E000E1E6E1D8EBF
:1052F00006D0000E1B6E000E1C6E000E1D6E000E02
:105300001E6E2250800B2B1A22502224336E21BE97
:1053100033803350D8B40DD03328D8A408D0000E31
:105320001F6E000E206E000E216E000E226E218E6A
:1053300006D0000E1F6E000E206E000E216E000EB5
:10534000226E1F50201021102210D8A417D0000E5A
:105350001B6E000E1C6E000E1D6E000E1E6E800E6B
:105360001D127F0E1E122B501E121BC51BF51CC5D5
:105370001CF51DC51DF51EC51EF512003250D8A422
:1053800009D0000E1B6E000E1C6E000E1D6E000E6E
:105390001E6E1200335032C523F5246A235E000EC0
:1053A000245A7F0E23242C6E000E24202D6E1BC544
:1053B00027F51CC528F51DC529F51EC52AF5000EC3
:1053C0001B6E000E1C6E000E1D6E000E1E6E000E7B
:1053D0002E6E000E2F6E000E306E000E316E000E1F
:1053E000336E28D03350D8B411D0D8902736283611
:1053F00029362A36D8901B361C361D361E3631BE4D
:105400001B80D8902E362F36303631361F50275C11
:10541000205028582150295822502A58D8A009D065
:10542000318C1F50275E2050285A2150295A225073
:105430002A5A332A190E3364D5D727502810291039
:105440002A10D8B411D02E800FD0D8901B361C361D
:105450001D361E3631BE1B80D8902E362F36303684
:1054600031362C06D8A02D061DAEEFD7000E336EB8
:1054700031AE17D0FF0E2E14236EFF0E2F14246EA4
:10548000FF0E3014256E7F0E3114266E235024102B
:1054900025102610D8B403D0010E336E02D01BB0F5
:1054A000FBD73350D8B41FD0010E1B26000E1C2290
:1054B0001D221E221EA017D01BC523F51CC524F5D6
:1054C0001DC525F51EC526F5263426322532243283
:1054D000233223C51BF524C51CF525C51DF526C59E
:1054E0001EF52C4A2D2A2DBE10D02D5003E12C285C
:1054F000D8A00BD0000E2D6E2C68000E1B6E000E77
:105500001C6E000E1D6E000E1E6E2DBE05D02D50A1
:1055100011E12C04D8B00ED0000E2D6E000E2C6EB2
:10552000000E1B6E000E1C6E000E1D6E000E1E6E19
:10553000000E2B6E2CC532F532A002D01D8E01D08C
:105540001D9ED89032301E6E0ED706C7DDF507C7F8
:10555000DEF5000EDA6F050ED96F000EE06F000E5B
:10556000DF6FE169000ED66F000ED56F15D0DFC575
:1055700001F5E0C502F5E10E036E050E046E000EA6
:10558000066E010E056EF8ECC5F001C5DFF502C52B
:10559000E0F50501D54BD62BCB51D55DCC51D65975
:1055A000D8A0E5D7DFC501F5E0C502F5CDC503F507
:1055B000CEC504F5CFC505F5D0C506F5F8ECC5F0A8
:1055C00001C5DFF502C5E0F5000E0501D86F000E3C
:1055D000D76F15D0DFC501F5E0C502F5E10E036E0A
:1055E000050E046E000E066E010E056EF8ECC5F099
:1055F00001C5DFF502C5E0F50501D74BD82BCBC5BA
:10560000D1F5CCC5D2F5D11FD21FD14BD22BCF5162
:10561000D15FD051D25B000ED125D36F020ED221C3
:10562000D46FD351D75DD451D859D8A0D3D7C7C5DB
:1056300018F5C8C519F5C9C51AF5CAC51BF5E10E97
:105640001C6E050E1D6E180E51ECC7F018C5DBF56B
:1056500019C5DCF50501DB51DC11D8A4AAD0E15154
:10566000D8B404D0000EDC6F030EA2D0FE0EE16FA2
:10567000DDC501F5DEC502F5E10E036E050E046E13
:10568000000E066E010E056EABECCBF0DDC50BF522
:10569000DEC50CF5CBC50DF5CCC50EF595ECCCF003
:1056A000DDC501F5DEC502F5CDC503F5CEC504F5B2
:1056B000CFC505F5D0C506F5ABECCBF0DDC50BF5D8
:1056C000DEC50CF5CBC5D1F5CCC5D2F50501D11F92
:1056D000D21FD14BD22BCF51D15FD051D25B000E14
:1056E000D1250D6E020ED2210E6E95ECCCF0E0C5E8
:1056F000E1F5DDC501F5DEC502F5E10E036E050E2F
:10570000046E000E066E010E056EABECCBF0DFC52D
:10571000E1F5DDC501F5DEC502F5E10E036E050E0E
:10572000046E000E066E010E056EABECCBF00B0E98
:10573000136EB80E126EFF0EC8ECCEF00501E16FCD
:10574000E129D8A404D0000EDC6F010E31D0E15164
:105750001F0B050AD8B41DD0E1511F0B0B0AD8A4AA
:1057600081D7D907D8A0DA07DABF05D0DA5107E127
:10577000D905D8B004D0000EDC6F040E19D0750E18
:10578000136E300E126EFF0EC8ECCEF023ECCFF08D
:105790004ED7750E136E300E126E000EC8ECCEF0A2
:1057A0000501E16FE151D8B4CED7000EDC6F000ED9
:1057B000DB6F23ECCFF0DBC5C7F5DCC5C8F5120005
:1057C0009EECC5F0E0ECCDF0000E9A6FFD0E9B6FE5
:1057D00060ECCFF073ECB6F0040146AF4AD0435111
:1057E000016E4451026E4551036E046A3D0E056E12
:1057F000000E066E000E076E000E086E40ECCCF038
:10580000D890043203320232013201C50DF502C5CF
:105810000EF503C50FF504C510F5000E0EECBAF039
:105820000DC51BF50EC51CF50FC51DF510C51EF5E4
:10583000000E1F6E240E206E740E216E490E226E15
:1058400061ECA9F01BC5D1F71CC5D2F71DC5D3F774
:105850001EC5D4F7EA0E05019A6FFA0E9B6FD1C7E9
:105860009CF5D2C79DF5D3C79EF5D4C79FF560ECD4
:10587000CFF0CB0E05019A6FFB0E9B6F60ECCFF063
:10588000CEECCAF08C0E0601AF6F150EB06FF20EA3
:10589000B16FFF0EB26F010EB36FD3ECC1F0000910
:1058A000D8B408D0730E05019A6FFD0E9B6F60ECA3
:1058B000CFF0FFD7D6EC9CF0C0BFFFD7000E026E32
:1058C000000E016EB40E036EF40E046E030E066E2F
:1058D0004A0E056E5AECCAF0EAECBFF0D69E0AD02A
:1058E000000ECB6EC2800001D785D795CEA0FED723
:1058F000CB68C290000EE06E0001D4B1FDD7CFC4DA
:105900002CF7CEA20FD05CD0D3C4C9F27AD0850ECA
:1059100005019A6FFB0E9B6F2CC79CF59D6B60EC8D
:10592000CFF06FD007012C51000AD8B4EDD7010A8F
:10593000D8A4EDD766D0000EB7B0010E020DF3501B
:10594000B7B2010FC36ECCD7C7C2C3F4C294C8D7D5
:10595000DBC7C3F4C5D7C2800001D785D795DBEC80
:10596000CFF0A3ECA6F0FDECCFF0C3D7C2800001CE
:10597000D785D795DBECCFF0E40E026E000E016EFA
:105980004B0E036ED90E046E160E066E000E056EDB
:105990005AECCAF0E8D7C2800001D785D795DBEC76
:1059A000CFF0FA0E026E000E016E7E0E036EEF0E49
:1059B000046E050E066E360E056E5AECCAF0D3D78D
:1059C00007012C51000AD8B4BFD7010AD8B4B3D705
:1059D000470AD8B4CBD7010AD8B4DDD7090AD8B45E
:1059E000B7D71C0AD8B4B7D7010AD8B4B4D7AA0E0F
:1059F00005019A6FFB0E9B6F2CC79CF59D6B60ECAD
:105A0000CFF00001D785D79575D703C50DF504C52F
:105A10000EF505500610D8B4120006C583F005C572
:105A200082F005C507F5070E0716D8A410D005C5E6
:105A300007F506C508F5D89008320732D890083225
:105A40000732D890083207320804D8A026D00001C7
:105A50008169000E0A6E010E096E0ED00001816987
:105A6000B1A0FED70DC5D9F40EC5DAF480C0DFF4BD
:105A70000D4A0E2A094A0A2A0550095C06500A589E
:105A8000D8A0ECD7B1A0FED70DC5D9F40EC5DAF475
:105A900080C0DFF40D4A0E2A12000001816981697D
:105AA000B1A0FED70DC5D9F40EC5DAF480C0DFF47D
:105AB0000D4A0E2A00018169B1A0FED70DC5D9F4A7
:105AC0000EC5DAF480C0DFF40D4A0E2A00018169A8
:105AD000B1A0FED70DC5D9F40EC5DAF480C0DFF44D
:105AE0000D4A0E2A00018169B1A0FED70DC5D9F477
:105AF0000EC5DAF480C0DFF40D4A0E2A0001816978
:105B0000B1A0FED70DC5D9F40EC5DAF480C0DFF41C
:105B10000D4A0E2A00018169B1A0FED70DC5D9F446
:105B20000EC5DAF480C0DFF40D4A0E2A0001816947
:105B3000B1A0FED70DC5D9F40EC5DAF480C0DFF4EC
:105B40000D4A0E2A05C507F506C508F5D890083296
:105B50000732D89008320732D890083207320750FF
:105B60000B6E010E0C6E61D000018169B1A0FED7F1
:105B70000DC5D9F40EC5DAF480C0DFF40D4A0E2A43
:105B800000018169B1A0FED70DC5D9F40EC5DAF4C4
:105B900080C0DFF40D4A0E2A00018169B1A0FED752
:105BA0000DC5D9F40EC5DAF480C0DFF40D4A0E2A13
:105BB00000018169B1A0FED70DC5D9F40EC5DAF494
:105BC00080C0DFF40D4A0E2A00018169B1A0FED722
:105BD0000DC5D9F40EC5DAF480C0DFF40D4A0E2AE3
:105BE00000018169B1A0FED70DC5D9F40EC5DAF464
:105BF00080C0DFF40D4A0E2A00018169B1A0FED7F2
:105C00000DC5D9F40EC5DAF480C0DFF40D4A0E2AB2
:105C100000018169B1A0FED70DC5D9F40EC5DAF433
:105C200080C0DFF40D4A0E2A0C2A0B500C5CD8A061
:105C30009BD7B1B029D7FDD720EE04F00A51D92661
:105C40000B51DA22DF6A20EE2CF00A51D9260B51D3
:105C5000DA22FF0EDE6EFF0EDE6EFF0EDE6EFF0E30
:105C6000DD6E0AC600F60BC601F60CC602F60DC6BE
:105C700003F60EC604F60FC605F62BECC4F00009B9
:105C8000D8B406D0000E06010B6F040E0A6F120086
:105C90002E0E06010A25016E020E0B21026E42EC49
:105CA000CEF001C513F602C514F6060120EE30F061
:105CB0000A51D9260B51DA22DF50176FEB0E171954
:105CC000D8B408D0E90E1719D8B404D0E80E1719C3
:105CD000D8A4ADD0550E13191EE1AA0E1419D8A4DC
:105CE0001AD0820E0A25016E000E0B21026EB80E2C
:105CF000036EFF0E046E000E066E080E056EA5EC18
:105D0000C6F001500210D8A406D0000E06010B6F99
:105D1000000E0A6F12003B0E06010A25016E000EEE
:105D20000B21026E42ECCEF001C515F602C516F647
:105D3000060120EE3DF00A51D9260B51DA22DF5040
:105D4000176FFF0E1525106FFF0E1621116F1551DD
:105D500010171651111710511111D8A468D0020E46
:105D6000165DD8A064D01505020E1659D8B05FD0C4
:105D70001751D8B45CD0170517150009D8A457D00F
:105D80003E0E0A25016E000E0B21026E42ECCEF093
:105D900001500210D8B44BD0060120EE40F00A5159
:105DA000D9260B51DA22DF50106FFF0E1025116F2C
:105DB000126BFF0E122312513AE1020E115DD8B0A0
:105DC00036D0410E0A25016E000E0B21026E42EC08
:105DD000CEF001500210D8B42AD0430E06010A2595
:105DE000016E000E0B21026E42ECCEF0025012E169
:105DF000800E015CD8B00ED0500E06010A25016E4F
:105E0000000E0B21026EE6ECC4F0045003E1030423
:105E1000D8A00DD0460E06010A25016E000E0B21FA
:105E2000026E42ECCEF001500210D8A46ED7550E8F
:105E30000601131904E1AA0E1419D8B405D0000EF6
:105E40000B6F030E0A6F1200000E0B6F020E0A6F2B
:105E5000120006C7DFF507C7E0F5000EDA6F050E82
:105E6000D96FC7C518F5C8C519F5C9C51AF5CAC58A
:105E70001BF5E30E1C6E050E1D6E110E51ECC7F0E6
:105E800018C5DDF519C5DEF50501DD51DE11D8A413
:105E9000DFD0E351D8B404D0000EDE6F030ED7D0AC
:105EA0000B0E136EB80E126EFF0EC8ECCEF005018D
:105EB000E36FE329D8A404D0000EDE6F010EC7D033
:105EC000FE0EE319D8A4E8D7000EE26F000EE16FD2
:105ED000000ED66F000ED56F20D0DFC50FF5E0C5E0
:105EE00010F598ECCFF00501E36F07010AA112D07D
:105EF000E1C501F5E2C502F5E30E036E050E046E81
:105F0000000E066E010E056EF8ECC5F001C5E1F558
:105F100002C5E2F50501D54BD62BCB51D55DCC5151
:105F2000D659D8A0DAD7DFC501F5E0C502F5CDC551
:105F300003F5CEC504F5CFC505F5D0C506F505ECCE
:105F4000ADF007010AA112D0E1C501F5E2C502F5E5
:105F5000CDC503F5CEC504F5CFC505F5D0C506F50D
:105F6000F8ECC5F001C5E1F502C5E2F5000E05014A
:105F7000D86F000ED76F20D0DFC50FF5E0C510F544
:105F800098ECCFF00501E36F07010AA112D0E1C53B
:105F900001F5E2C502F5E30E036E050E046E000E78
:105FA000066E010E056EF8ECC5F001C5E1F502C5FF
:105FB000E2F50501D74BD82BCBC5D1F5CCC5D2F531
:105FC000D11FD21FD14BD22BCF51D15FD051D25B39
:105FD000000ED125D36F020ED221D46FD351D75DDD
:105FE000D451D859D8A0C8D7DFC50FF5E0C510F5F2
:105FF00098ECCFF00501DC6FDB6BDFC50FF5E0C57A
:1060000010F598ECCFF00501D16FD151DB130701EA
:106010000AA119D00501E151DB1904E1E251DC19B3
:10602000D8B411D0D907D8A0DA07DABF05D0DA5131
:1060300007E1D905D8B004D0000EDE6F040E07D0FA
:1060400023ECCFF00ED7000E0501DE6F000EDD6FE2
:1060500023ECCFF0DDC5C7F5DEC5C8F51200BB0ED9
:106060000701066F070E076FB2C508F7B3C509F73A
:106070000A9106C7B6F507C7B7F5B6C501F5B7C5A6
:1060800002F5AFECCEF0B6C5A6F5B7C5A7F5AEC51F
:10609000A8F5AFC5A9F5010E0501AA6F000EAB6FFB
:1060A000F1ECC0F0B6C505F5B7C506F5A9ECCFF023
:1060B000B6C50BF5B7C50CF5000E0E6E0A0E0D6ECB
:1060C00095ECCCF023ECCFF0000E286E000E296E7C
:1060D000000E2A6E000E2B6EB80E2C6E050E2D6E65
:1060E000000E2F6E010E2E6E000E06ECCBF0050199
:1060F000B805D8B405D0000EAF6F010EAE6F120018
:10610000AA0E286E010E296E000E2A6E000E2B6E4E
:10611000B80E2C6E050E2D6E000E2F6E050E2E6E17
:10612000080E06ECCBF00501B805D8B4BBA104D02D
:10613000AA0EBC19D8B405D0000EAF6F020EAE6F18
:106140001200000EB56F000EB46F000E286E000E28
:10615000296E000E2A6E000E2B6EB80E2C6E050EE8
:106160002D6E000E2F6E010E2E6E370E06ECCBF04C
:10617000000E286E000E296E000E2A6E400E2B6E49
:10618000B80E2C6E050E2D6E000E2F6E050E2E6EA7
:10619000290E06ECCBF00501B851D8B40AD0B44BA7
:1061A000B52BB5BFD2D7B80EB45D0B0EB559D8A07C
:1061B000CCD7B851D8A49FD7000E286E000E296EF8
:1061C000000E2A6E000E2B6EB80E2C6E050E2D6E74
:1061D000000E2F6E050E2E6E3A0E06ECCBF0B8C5F3
:1061E0005FF5FE0E5F16D8B406D0000E0501AF6F46
:1061F000030EAE6F12000501B9AD9ED7B9AFF5D74A
:10620000010E286E000E296E000E2A6E000E2B6EF7
:10621000B80E2C6E050E2D6E000E2F6E010E2E6E1A
:106220003B0E06ECCBF00501B851D8A4DED7B6C5BD
:10623000A6F5B7C5A7F5B0C5A8F5B1C5A9F5010E76
:10624000AA6F000EAB6FF1ECC0F0000E0501AF6F4E
:10625000000EAE6F12000AC6A6F50BC6A7F5130E08
:106260000501A86F060EA96F6AECC3F00601106F56
:106270001051D8A4E2D020EE0EF00A51D9260B51CD
:10628000DA22DFACDAD020EE0EF00A51D9260B511B
:10629000DA22DFAE35D0220E0A250501E26F000EAC
:1062A00006010B210501E36F060120EE18F00A51EB
:1062B000D9260B51DA22DEC4E4F5DEC4E5F5DEC4EE
:1062C000E6F5DEC4E7F5000E0501E96F010EE86FA3
:1062D000060120EE01F01351D9261451DA22DF50C5
:1062E00020ECC9F00009D8B402D0010E120006015A
:1062F00020EE0EF00A51D9260B51DA227F0EDF165E
:10630000E6ECCFF001C50CF602C50DF603C50EF69E
:1063100004C50FF613C600F614C601F620EE1CF0F5
:106320000A51D9260B51DA22DEC402F6DEC403F686
:10633000DEC404F6DEC405F62BECC4F00601106FD3
:106340001051D8A47AD020EE20F00A51D9260B5152
:10635000DA22DEC411F6DDC412F620EE0BF0115184
:10636000D9261251DA22000EDB8A0AC6D9F40BC6EE
:10637000DAF4DEC405F5DDC406F511C607F512C66C
:1063800008F520EE06F00A51D9260B51DA22DEC4B8
:1063900009F5DEC40AF5DEC40BF5DEC40CF501EC2C
:1063A000CEF01C0E06011125016E000E1221026EA8
:1063B00020EE0AF00A51D9260B51DA22DEC403F589
:1063C000DEC404F5DEC405F5DEC406F575ECCBF0DD
:1063D000160E1125016E000E1221026E0CC603F579
:1063E0000DC604F50EC605F50FC606F575ECCBF027
:1063F000120E1125016E000E1221026E000E046EA7
:10640000000E036E38ECCFF0060120EE04F01351BD
:10641000D9261451DA22010EDF6E13C600F614C617
:1064200001F61FECB2F00601106F20EE0EF00A51DB
:10643000D9260B51DA22BF0EDF161051120000C60A
:10644000EDF501C6EEF5FEECB7F0FF6FFF51D8A4F5
:10645000E8D000C6D9F401C6DAF4030EDE18D8A4D9
:10646000CAD0060120EE05F00051D9260151DA22EA
:10647000DE04D8A4C0D0300E0025016E000E01212C
:10648000026E000E046E000E036E020E066E000E0B
:10649000056EF8ECCEF02E0E0025016E020E0121E5
:1064A000026EAA0E046E550E036E38ECCFF0300E5D
:1064B00006010025016E000E0121026E520E036ED0
:1064C000520E046E610E056E410E066E75ECCBF039
:1064D000140E0025016E020E0121026E720E036E73
:1064E000720E046E410E056E610E066E75ECCBF0F9
:1064F000180E0025016E020E0121026E20EE10F032
:106500000051D9260151DA22DEC403F5DEC404F5B8
:10651000DEC405F5DEC406F575ECCBF01C0E0025D7
:10652000016E020E0121026E20EE0CF00051D92600
:106530000151DA22DEC403F5DEC404F5DEC405F53C
:10654000DEC406F575ECCBF020EE1CF00051D92628
:106550000151DA22DEC402F6DEC403F6DEC404F61C
:10656000DEC405F6010E0225066F000E0321076F3B
:10657000000E0421086F000E0521096F20EE2CF09B
:106580000051D9260151DA2206C6DEF407C6DEF430
:1065900008C6DEF409C6DEF4300E00250501E26F00
:1065A000000E060101210501E36F060120EE2CF02B
:1065B0000051D9260151DA22DEC4E4F5DEC4E5F546
:1065C000DEC4E6F5DEC4E7F5000E0501E96F010E55
:1065D000E86F060120EE01F00051D9260151DA22C0
:1065E000DF5020ECC9F0060120EE05F00051D9265D
:1065F0000151DA22DF6A000E0501A66F000EA76FB7
:10660000000EA86F060120EE01F00051D9260151BD
:10661000DA22DF50BEECCCF00009D8B402D0010E73
:10662000FF6FFF51120020EE09F01050D9261150D3
:10663000DA22DF6A20EE16F00E50D9260F50DA2249
:10664000DE50DE10DE10DE10D8B41200000E196E1F
:10665000000E186E18C516F519C517F543D020EEB3
:106660001AF00E50D9260F50DA22DEC412F5DDC41E
:1066700013F516501224D96E17501320DA6EDF501E
:106680001A6E164A172A200E1A18D8B42BD0050EE7
:106690001A18D8A402D0E50E1A6E090E1618171093
:1066A000D8A410D018501024126E19501120136E57
:1066B000090E1224D96E000E1320DA6E2E0EDF6E34
:1066C000184A192A18501024126E19501120136EEE
:1066D000090E1224D96E000E1320DA6E1AC5DFF4EB
:1066E000184A192A175004E10B0E165CD8A0B7D728
:1066F00018501024126E19501120136E090E122416
:10670000D96E000E1320DA6EDF6A20EE08F010500A
:10671000D9261150DA2210EE1AF00E50E1260F5051
:10672000E22200EE0BF0E650E926E550EA22EF50B7
:106730003F0BDF6E20EE1AF00E50D9260F50DA22F2
:10674000DEC412F5DDC413F51C0E1224016E000E1A
:106750001320026EE6ECC4F010C5D9F411C5DAF4CA
:1067600001C5DEF402C5DEF403C5DEF404C5DEF4C3
:1067700020EE1AF00E50D9260F50DA22DEC412F5A0
:10678000DDC413F5160E1224016E000E1320026EE6
:1067900042ECCEF020EE06F01050D9261150DA224D
:1067A00001C5DEF402C5DDF420EE1AF00E50D92644
:1067B0000F50DA22DEC412F5DDC413F5180E1224D0
:1067C000016E000E1320026E42ECCEF020EE04F0BB
:1067D0001050D9261150DA2201C5DEF402C5DDF4CD
:1067E00012002BC6D9F42CC6DAF4DEC442F6DDC49E
:1067F00043F630512F112E1104E1020E2D5DD8A069
:1068000010D020EE14F04251D9264351DA22DE5046
:106810002D5DDE502E59DE502F59DE503059D8A054
:1068200002D0020E12003151321133113411D8B49A
:106830001CD042C60AF643C60BF631C60CF632C669
:106840000DF633C60EF634C60FF6FF0E106FFF0EB0
:10685000116FFF0E126FFF0E136FD6EC9AF0416F9F
:106860004151D8B402D0415112002BC60AF62CC6B1
:106870000BF62DC60CF62EC60DF62FC60EF630C63C
:106880000FF666ECA0F00AC63DF60BC63EF60CC647
:106890003FF60DC640F606013D513E113F11401135
:1068A000D8B478D03D053E113F114011D8B4B9D7C6
:1068B0003D2909E13E2907E13F2905E14029D8A406
:1068C00002D0010E120042C60AF643C60BF62DC6D0
:1068D0000CF62EC60DF62FC60EF630C60FF6000EBD
:1068E000106F000E116F000E126F000E136FD6ECBA
:1068F0009AF0416F4151D8A4B6D720EE14F042511E
:10690000D9264351DA22FE0EDE24356FFF0EDE203B
:10691000366FFF0EDE20376FFF0EDE20386F20EE61
:1069200010F04251D9264351DA223551DE5C3651FE
:10693000DE583751DE583851DE58D8B013D020EE2B
:1069400010F04251D9264351DA22DE2A000EDE220F
:10695000DE22DE2220EE05F04251D9264351DA2212
:10696000000EDB803DC62DF63EC62EF63FC62FF646
:1069700040C630F620EE14F04251D9264351DA22B7
:10698000DE502D5DDE502E59DE502F59DE5030592D
:10699000D8A06BD7000E12000BC744F50CC745F505
:1069A0000DC746F50EC747F534C544F535C545F561
:1069B00036C546F537C547F5810E386EFF0E396E80
:1069C00044C53AF545C53BF546C53CF547C53DF5DB
:1069D000180E05D0D8903D323C323B323A32E82E88
:1069E000F9D73A503824426E000E3920436E43BE28
:1069F0000FD0435004E1170E425CD8A009D034C533
:106A000034F535C535F536C536F537C537F51200D9
:106A100043BE5BD042C538F5FF0E396EFF0E3A6EAD
:106A20007F0E3B6E000E3C6E386601D007D03C34C2
:106A30003C323B323A323932382EF6D739C53EF540
:106A40003AC53FF53BC540F53CC541F53E504414C1
:106A5000386E3F504514396E405046143A6E4150DE
:106A600047143B6E385039103A103B10D8B4C7D792
:106A700044C538F545C539F546C53AF547C53BF532
:106A8000200E05D0D8903B323A3239323832E82ED7
:106A9000F9D73850D8B408D03E5044263F5045224C
:106AA00040504622415047223E1C386E3F1C396EF2
:106AB000401C3A6E411C3B6E385044163950451606
:106AC0003A5046163B50471632D044C538F545C5B6
:106AD00039F546C53AF547C53BF5200E05D0D890A7
:106AE0003B323A3239323832E82EF9D7386608D09C
:106AF000000E446E000E456E000E466E000E16D05F
:106B0000D8904434386E4534396E46343A6E473442
:106B10003B6E385039103A103B10D8B408D0000EF4
:106B2000446E000E456E800E466EBF0E476E44C525
:106B300034F545C535F546C536F547C537F5120078
:106B40006AC6D9F46BC6DAF4DEC474F6DDC475F631
:106B500003D006016C4B6D2B6CC6F6F46DC6F7F4D2
:106B6000000EF86E240EF76403D00800F55005D02F
:106B7000F6C4E9F4F7C4EAF4EF502F0AD8B4E9D721
:106B80006CC6F6F46DC6F7F4000EF86E240EF764CA
:106B900003D00800F55005D0F6C4E9F4F7C4EAF4D0
:106BA000EF505C0AD8B4D5D7060120EE06F06A5142
:106BB000D9266B51DA22DE6ADE6ADE6ADD6A6CC6CD
:106BC000F6F46DC6F7F4000EF86E240EF76403D0E9
:106BD0000800F55005D0F6C4E9F4F7C4EAF4EF5024
:106BE00006016E6F200E6E6117D020EE27F06A51FD
:106BF000D9266B51DA22800EDF6E6AC624F66BC688
:106C000025F6000E266F000E276F000E286F000E6F
:106C1000296F31ECA5F027D06AC609F56BC60AF5D5
:106C20006C0E0B6E060E0C6E07ECA8F00601776F6B
:106C30007751D8A456D06AC662F66BC663F64EEC9E
:106C4000BBF0776F20EE27F06A51D9266B51DA221C
:106C5000DF50766F7751D8B408D0040E7719D8B4C6
:106C600076B53FD0050E776F3CD076B53AD020EEA2
:106C700004F06A51D9266B51DA22DFA8F3D774C623
:106C800008F575C609F520EE0EF06A51D9266B514C
:106C9000DA22DEC46EF6DDC46FF6FF0E6E15706F7D
:106CA000010E6F15716F70517425726F71517521DE
:106CB000736F300E72250A6E000E73210B6E1FEC7F
:106CC000CAF0060120EE06F06A51D9266B51DA228D
:106CD00008C5DEF409C5DEF40AC5DEF40BC5DEF432
:106CE0009BD777511200000EAB6F000EAA6FBC0E3F
:106CF000AA25D96E170EAB21DA6EA50EDF6EBD0E7A
:106D0000AA25D96E170EAB21DA6E5A0EDF6E020E6F
:106D1000AA27000EAB23AB05D8A0E9D7000EAC6FB5
:106D2000000EAD6F000EAE6F000EAF6F5B0E9A6F70
:106D3000FE0E9B6FACC59CF5ADC59DF5AEC59EF531
:106D4000AFC59FF560ECCFF025EEBCF3ACC5DFF42A
:106D500025EEBDF3ADC5DFF425EEBEF3AEC5DFF421
:106D6000ACC501F5ADC502F5BC0E036E170E046E81
:106D7000010E066E000E056E5AECCAF0ACC501F5A8
:106D8000ADC502F5BC0E036E180E046E010E066E44
:106D9000000E056E6BECCCF0BC0E016E170E026E91
:106DA000BC0E036E180E046E010E066E000E056E0C
:106DB000A5ECC6F001500210D8A436D00501AC51A4
:106DC000AD11AE11AF11D8B420D0000E026E000E7E
:106DD000016EBC0E036E180E046E010E066E000EE0
:106DE000056E6BECCCF0BC0E016E170E026EBC0E85
:106DF000036E180E046E010E066E000E056EA5ECF5
:106E0000C6F001500210D8B40FD0000E0501AC2717
:106E1000100EAD23000EAE23000EAF23AF5104E1E0
:106E2000100EAE5DD8A082D77E0E05019A6FFC0EC3
:106E30009B6FACC59CF5ADC59DF5AEC59EF5AFC5C8
:106E40009FF5ACC5A6F5ADC5A7F5AEC5A8F5AFC510
:106E5000A9F50B0E05D0D890A933A833A733A633D4
:106E6000E82EF9D7A6C5A0F5A7C5A1F560ECCFF02F
:106E7000120018C60AF619C60BF6000E0C6F000EAB
:106E80000D6F000E0E6F000E0F6F1CECAEF00AC6F9
:106E900032F60BC633F6020E32193311D8B40FD0C6
:106EA000335108E1030E325DD8B004D01A511B11E2
:106EB000D8A405D032C618F633C619F61200000E53
:106EC000356F000E346F34C61CF635C61DF61C3BFC
:106ED0001D3BF00E1D171C510F0B1D13F00E1C1740
:106EE0001C5118251E6F1D5119211F6FF60E1E25EE
:106EF000016E010E1F21026EE6ECC4F0220E206F1F
:106F0000060E216FD8903435D96E3535DA6ED890AB
:106F1000D936DA362051D9262151DA2201C5DEF4DC
:106F200002C5DEF403C5DEF404C5DEF4344B352BB4
:106F3000355104E1040E345DD8A0C5D71A511B1198
:106F4000D8A405D0000E356F000E346F06D0FF0EAA
:106F50001A25346FFF0E1B21356F220E1C6F060E93
:106F60001D6FD8903435D96E3535DA6ED890D93654
:106F7000DA361C51D9261D51DA22DE50DE10DE1021
:106F8000DE10D8A405D0000E336F030E326F22D06E
:106F900018C60AF619C60BF6220E1C6F060E1D6FD8
:106FA000D8903435D96E3535DA6ED890D936DA3690
:106FB0001C51D9261D51DA22DEC40CF6DEC40DF6B2
:106FC000DEC40EF6DEC40FF61CECAEF00AC632F6D6
:106FD0000BC633F61A511B11D8A46CD7335104E1F8
:106FE000020E325DD8A066D7344B352B355105E102
:106FF000040E345DD8B05ED7B0D75CD7000E5F6E9C
:10700000050120EE04F0ED51D926EE51DA22DF50D1
:10701000D8B4ABD0300EED25E26F000EEE21E36F59
:1070200020EE2CF0ED51D926EE51DA22DEC4E4F543
:10703000DEC4E5F5DEC4E6F5DEC4E7F5000EE96F73
:10704000010EE86F20EE01F0ED51D926EE51DA2263
:10705000DF5020ECC9F00009D8A485D020EE04F060
:10706000ED51D926EE51DA22DF6A20EE18F0ED510B
:10707000D926EE51DA2210EE20F0ED51E126EE5144
:10708000E222E6C4F3F5E6C4F4F5E6C4F5F5E6C499
:10709000F6F510EE2CF0ED51E126EE51E222E6C4B9
:1070A000F7F5E6C4F8F5E6C4F9F5E6C4FAF5F351E8
:1070B000F75DFB6FF451F859FC6FF551F959FD6F0D
:1070C000F651FA59FE6FDE50FB5DDE50FC59DE5082
:1070D000FD59DE50FE59D8B048D020EE03F0ED51F6
:1070E000D926EE51DA22020EDE18D8A43ED0300E98
:1070F000ED25E26F000EEE21E36F20EE18F0ED516A
:10710000D926EE51DA22DEC4EFF5DEC4F0F5DEC496
:10711000F1F5DEC4F2F520EE2CF0ED51D926EE515A
:10712000DA22DEC4F3F5DEC4F4F5DEC4F5F5DEC420
:10713000F6F5EF51F325E46FF051F421E56FF151CD
:10714000F521E66FF251F621E76F000EE96F010EAF
:10715000E86F20EE01F0ED51D926EE51DA22DF5032
:1071600020ECC9F002D0010E5F6E5F50120020AE1D
:1071700002D0010E01D0000E276E070116AF279333
:1071800016AF05D0000E246E010E236E04D015C775
:1071900023F516C724F513C725F514C726F5275080
:1071A000D8B410D02506D8A026062750D8A404D0DD
:1071B000000E226E2B0E03D0000E226E2D0E216EBD
:1071C00021C527F5000E296E4F0E286E000E7C6F2C
:1071D00044D02806D8A029062D0E2824D96E070EE3
:1071E0002920DA6E1DC501F51EC502F51FC503F580
:1071F00020C504F50A0E056E000E066E000E076E21
:10720000000E086EFBECC6F001C50BF502C50CF5CF
:107210004CECCFF00B50300FDF6E2306D8A02406C5
:107220002506D8A026061DC501F51EC502F51FC5F9
:1072300003F520C504F50A0E056E000E066E000E5D
:10724000076E000E086EA0ECC2F001C51DF502C568
:107250001EF503C51FF504C520F529BE1CD0295015
:1072600003E12804D8A017D01D501E101F102010B5
:10727000D8A4AFD724BE05D02450ABE12304D8B0A6
:10728000A8D726BE08D0265003E12504D8A003D0F5
:10729000070127B39ED72750D8B40BD02806D8A013
:1072A00029062D0E2824D96E070E2920DA6E27C54F
:1072B000DFF41BC512F51CC513F52D0E2824146E22
:1072C000070E2920156E25C516F526C517F5E3EC22
:1072D000C9F012000A680B6801C5D9F402C5DAF4D6
:1072E000DEC40CF5DDC40DF50CC507F50DC508F5BC
:1072F0000C500D10D8A403D001680268120007C515
:10730000F6F408C5F7F4000EF86E240EF76403D007
:107310000800F55005D0F6C4E9F4F7C4EAF4EF50DC
:10732000096E074A082A200E096404D03A0E09188B
:10733000D8A4E5D73A0E0918D8A46BD0000E066E73
:10734000010E056E0CC5F6F40DC5F7F4000EF86ECF
:10735000240EF76403D00800F55005D0F6C4E9F414
:10736000F7C4EAF4EF50036E2F0E03643AD00CC555
:10737000F6F40DC5F7F4000EF86E240EF76403D092
:107380000800F55005D0F6C4E9F4F7C4EAF4EF506C
:10739000036E3A0E036025D0020E0C24036E000E1D
:1073A0000D20046E075003181CE108500418D8A4DF
:1073B00018D00CC5F6F40DC5F7F4000EF86E240EC7
:1073C000F76403D00800F55005D0F6C4E9F4F7C41B
:1073D000EAF4EF50036ED00E0324056E066AFF0E2A
:1073E000062206BE05D006500FE10504D8B00CD029
:1073F00005C50AF506C50BF501C5D9F402C5DAF4D1
:1074000007C5DEF408C5DDF40AC501F50BC502F5B4
:107410001200000E026E000E016E1200156E155065
:10742000D8A410AE1AD00DC511F50EC512F50FC5B2
:1074300013F510C514F5111E121E131E141E112A69
:10744000000E12221322142211C517F512C518F5C9
:1074500013C519F514C51AF508D00DC517F50EC5D5
:1074600018F50FC519F510C51AF50D500E100F10AF
:107470001010D8A409D0000E0D6E000E0E6E000E76
:107480000F6E000E106E1200960E166E06D0162AA3
:10749000D8901A32193218321732000E1714116EA2
:1074A000000E1814126E000E1914136EFE0E1A142C
:1074B000146E1150121013101410D8B40DD0E7D759
:1074C000162A010E1726000E182219221A22D89009
:1074D0001A32193218321732000E1714116E000EBC
:1074E0001814126E000E1914136EFF0E1A14146E77
:1074F0001150121013101410D8B407D0E1D716068B
:10750000D8901736183619361A3619BE03D0020E1F
:107510001660F5D716A0199ED890163216C511F52B
:10752000126A136A146A11C514F5136A126A116A91
:1075300011501712125018121350191214501A1217
:107540001550D8A410AE01D01A8E17C50DF518C568
:107550000EF519C50FF51AC510F512000DC515F574
:107560000EC516F515501610D8A404D0DA0E156EF7
:10757000FF0E166E000E186E000E176E02D0174A20
:10758000182A175015240F6E18501620106E0FC5AC
:10759000F6F410C5F7F4000EF86E240EF76403D06D
:1075A0000800F55005D0F6C4E9F4F7C4EAF4EF504A
:1075B0000009D8A4E4D7070116BF0ED01750155DF7
:1075C0001651800A0F6E1850800A0F58D8B004D098
:1075D00015C717F516C718F517C511F518C512F513
:1075E00013C713F514C714F527A10DD034D0000E1E
:1075F000036E200E026E0BC504F50CC505F5A6EC56
:10760000C7F0174A182A1350175C1850800A0F6EDB
:107610001450800A0F58D8B01ED0E9D715C5F6F41B
:1076200016C5F7F4000EF86E240EF76403D00800B8
:10763000F55005D0F6C4E9F4F7C4EAF4EF500F6E44
:107640000F50026E036A0BC504F50CC505F5A6ECD8
:10765000C7F0154A162A1106D8A012061128DEE135
:107660001228D8A4DBD7070127A112000CD0000EE6
:10767000036E200E026E0BC504F50CC505F5A6ECD5
:10768000C7F0174A182A1350175C1850800A0F6E5B
:107690001450800A0F58D8B01200E9D762C6D9F446
:1076A00063C6DAF4DEC466F6DDC467F662C624F6A5
:1076B00063C625F6000E266F000E276F000E286F9A
:1076C000000E296F31ECA5F0696F6951D8B403D071
:1076D00006016951120066C600F667C601F620EE83
:1076E00016F06251D9266351DA22DEC402F6DEC4F6
:1076F00003F6DEC404F6DEC405F62BECC4F0060186
:10770000696F6951D8A4E4D720EE1AF06251D926E6
:107710006351DA22DEC464F6DDC465F664C6D9F4CA
:1077200065C6DAF4DF50686F6851D8A403D0040E40
:10773000696FCED720EE04F06251D9266351DA2268
:1077400010EE1AF06251E1266351E22200EE0BF0D6
:10775000E650E926E550EA22EF503F0BDF6E20EEBF
:107760001AF06251D9266351DA2210EE0BF0DE5086
:10777000E126DD50E222E7B61AD020EE1AF062517F
:10778000D9266351DA22DEC401F5DDC402F51C0EF0
:107790006225036E000E6321046E000E066E0B0E52
:1077A000056EA5ECC6F001500210D8B491D762C6A0
:1077B00048F663C649F6000E06014B6F000E4A6F8D
:1077C000B3EC9EF00601696F6951D8A481D783D7C5
:1077D00000C6EDF501C6EEF5FEECB7F00009D8B431
:1077E00002D0010E120000C60DF501C60EF502C64C
:1077F0000FF503C610F504C611F505C612F5CBEC5E
:10780000C3F00DC50AF60EC50BF60FC50CF610C574
:107810000DF6060120EE2CF00051D9260151DA2296
:107820000AC6DEF40BC6DEF40CC6DEF40DC6DEF4CA
:10783000300E0025016E000E0121026E000E046E56
:10784000000E036E020E066E000E056EF8ECCEF012
:10785000300E0025086F000E0121096F000E0F6F1A
:10786000010E0E6F000E116F000E106F05D0060195
:107870000E5110270F51112320EE0AF00051D92686
:107880000151DA22DE50105DDE501159D8B028D0F7
:1078900008C6E2F509C6E3F510510A250501E46FB3
:1078A000060111510B210501E56F000E06010C21A7
:1078B0000501E66F000E06010D210501E76F0EC6FA
:1078C000E8F50FC6E9F5060120EE01F00051D926D2
:1078D0000151DA22DF5020ECC9F00009D8B4C7D733
:1078E000060120EE0AF00051D9260151DA2210518A
:1078F000DE1804E11151DE18D8B402D0010E1200D6
:10790000000E1200040E6E6F62C6D9F463C6DAF47C
:10791000DEC46AF6DDC46BF672D06AC600F66BC6CA
:1079200001F620EE16F06251D9266351DA22DEC448
:1079300002F6DEC403F6DEC404F6DEC405F62BEC64
:10794000C4F006016E6F6E51D8A465D020EE1AF017
:107950006251D9266351DA22DEC466F6DDC467F6C9
:1079600066C6D9F467C6DAF4DF506D6F6D51D8A4DE
:1079700003D0040E6E6F4FD020EE1AF06251D9265C
:107980006351DA2210EE0BF0DE50E126DD50E222E8
:10799000E7503F0B6C6F20EE04F06251D926635123
:1079A000DA226CC6DFF4E50E6D19D8B419D02E0EAC
:1079B0006D19D8B415D00F0E6C19D8B411D06C5104
:1079C000DF0B080AD8A402D0010E01D0000E666FAA
:1079D000676B6451661904E165516719D8B41BD00F
:1079E00062C648F663C649F6000E4B6F000E4A6F3A
:1079F000B3EC9EF006016E6F6E51D8A40CD020EE51
:107A000016F06251D9266351DA22DE50DE10DE1004
:107A1000DE10D8A482D76E51D8B40AD020EE16F06A
:107A20006251D9266351DA22DE6ADE6ADE6ADD6AD5
:107A30006E511200806F06018051D8B402D0020E40
:107A40001200000E0501C76F000EC86F000EC96F4F
:107A5000000ECA6F010ECC6F800ECB6F000ECD6F83
:107A6000060ECE6F000ED06F800ECF6F29ECAFF0F8
:107A70000501C751C811D8A4E2D7550E06017E19D9
:107A8000D8A4DDD7AA0E7F19D8A4D9D74205D8B477
:107A900014D0040E4219D8B410D0060E4219D8B42E
:107AA0000CD00B0E4219D8B408D00C0E4219D8B421
:107AB00004D00E0E4219D8A4C2D749510701D56F80
:107AC000D66BD76BD86B06014851D5C7E5F5D6C73D
:107AD000E6F5D7C7E7F50501E46BE4110701D56FBB
:107AE0000501E5510701D66F0501E6510701D76F82
:107AF0000501E7510701D86F06014751D5C7E5F5E4
:107B0000D6C7E6F5D7C7E7F50501E46BE411070131
:107B1000D56F0501E5510701D66F0501E651070153
:107B2000D76F0501E7510701D86F06014651D5C748
:107B3000E5F5D6C7E6F5D7C7E7F50501E46BE4112F
:107B40000701D56F0501E5510701D66F0501E65123
:107B50000701D76F0501E7510701D86F000E12002A
:107B6000AF51B011D8A402D0090E1200B10E816F2E
:107B7000060E826FB30E836F060E846F000E856F44
:107B800070EC84F00601B56FB551D8A470D0AFC6C3
:107B9000D9F4B0C6DAF4B3C6DEF4B4C6DDF4AFC6C9
:107BA0006AF6B0C66BF6B1C66CF6B2C66DF6A0EC5E
:107BB000B5F0B56FB551D8A454D020EE27F0AF5131
:107BC000D926B051DA22DFBE2AD020EE04F0AF5120
:107BD000D926B051DA22DFA820D0B3C608F5B4C642
:107BE00009F520EE1AF0AF51D926B051DA22DEC4E1
:107BF0000AF5DDC40BF51FECCAF0060120EE06F015
:107C0000AF51D926B051DA2208C5DEF409C5DEF439
:107C10000AC5DEF40BC5DEF402D0050EB56FB55112
:107C2000D8A41FD020EE06F0B351D926B451DA22E1
:107C300010EE02F0AF51E126B051E222DEC4E6F4CC
:107C4000DDC4E5F4AFC624F6B0C625F6000E266FF7
:107C5000000E276F000E286F000E296F31ECA5F083
:107C6000B56F040EB519D8A402D0050EB56FB55185
:107C7000D8B406D0AFC6D9F4B0C6DAF4DE6ADD6A8D
:107C8000B5511200ACC5C3F5ADC5C4F50F0E050165
:107C9000AE25B06F000EAF21B16FF00EB015AE6F14
:107CA000FF0EB115AF6F000EC66F000EC56F75D019
:107CB000C5C5B0F50F0EB017D8A416D0C10E9A6F77
:107CC000FF0E9B6FA6C59CF5A7C59DF5C551A825C0
:107CD0009E6FC651A9219F6F000EAA21A06F000EB2
:107CE000AB21A16F60ECCFF0E10E9A6FFF0E9B6F9E
:107CF000C551C325D96EC651C421DA6EDF50B06FAD
:107D0000B0519C6F9D6B60ECCFF0C551C325D96E0F
:107D1000C651C421DA6E1F0EDF641ED0C551C325C3
:107D2000D96EC651C421DA6E7F0EDF6015D0C55101
:107D3000C325D96EC651C421DA6E0F0EC515B06FBA
:107D4000000EC615B16FB20EB025E16E050EB12161
:107D5000E26EDFC4E7F40ED00F0EC515B06F000E53
:107D6000C615B16FB20EB025D96E050EB121DA6E0F
:107D70002E0EDF6EC5510F0B0F0AD8A40CD0000ECB
:107D8000C26FA00E9A6FFF0E9B6FB20E9C6F050E16
:107D90009D6F60ECCFF0C54BC62BAE51C55DAF51AA
:107DA000C659D8B0120084D7070116AF279316AF73
:107DB00005D0000E2A6E010E296E04D015C729F5D4
:107DC00016C72AF513C72BF514C72CF5780E211802
:107DD000D8B404D0000E276E410E03D0000E276EDB
:107DE000610E266E26C528F5000E2F6E4F0E2E6EE4
:107DF000000E7C6F35D02E06D8A02F061D500F0B1D
:107E00002D6E0A0E2D6002D0300E02D02850F60FD3
:107E10002D262D0E2E24D96E070E2F20DA6E2DC59D
:107E2000DFF42906D8A02A062B06D8A02C061DC5EB
:107E300022F51EC523F51FC524F520C525F5050E21
:107E400005D0D8902532243223322232E82EF9D7B9
:107E500022C51DF523C51EF524C51FF525C520F532
:107E60002FBE1DD02F5004E1020E2E5CD8A017D0DB
:107E70001D501E101F102010D8A4BDD72ABE05D03B
:107E80002A50B9E12904D8B0B6D72CBE08D02C505E
:107E900003E12B04D8A003D0070127B3ACD71BC53F
:107EA00012F51CC513F52D0E2E24146E070E2F206F
:107EB000156E2BC516F52CC517F5E3ECC9F01200AD
:107EC000A8C5BFF5A9C5C0F50F0E0501AA25AC6F61
:107ED000000EAB21AD6FF00EAC15AA6FFF0EAD1505
:107EE000AB6F000EC26F000EC16F6DD0C1C5ACF597
:107EF0000F0EAC17D8A40ED0D20E9A6FFF0E9B6F48
:107F0000A6C59CF5A7C59DF5C1C59EF5C2C59FF543
:107F100060ECCFF0E10E9A6FFF0E9B6FC151BF2551
:107F2000D96EC251C021DA6EDF50AC6FAC519C6F7C
:107F30009D6B60ECCFF0C151BF25D96EC251C021FD
:107F4000DA6E1F0EDF641ED0C151BF25D96EC2513B
:107F5000C021DA6E7F0EDF6015D0C151BF25D96E0A
:107F6000C251C021DA6E0F0EC115AC6F000EC215E2
:107F7000AD6FAE0EAC25E16E050EAD21E26EDFC435
:107F8000E7F40ED00F0EC115AC6F000EC215AD6F29
:107F9000AE0EAC25D96E050EAD21DA6E2E0EDF6E5B
:107FA000C1510F0B0F0AD8A40CD0000EBE6FA00E4B
:107FB0009A6FFF0E9B6FAE0E9C6F050E9D6F60EC6F
:107FC000CFF0C14BC22BAA51C15DAB51C259D8B041
:107FD00012008CD704011969C9680969C768296941
:107FE000CB680181C6800183C682018BC68A118B52
:107FF000C88A550E596FAA0E596F5991080E5D6FB8
:10800000000E5E6F000E5F6F550E596FAA0E596F0E
:108010005981000E0201616F010E626F0F0E636FD6
:108020000E0E646F150E656F160E666F0D0E676F80
:10803000080E686F000E0001D86F010ED96F7F0E19
:10804000DA6F7F0EDB6F050EDC6F100EDD6F000E3A
:10805000DE6F000EDF6F800ED76F840ED66F000EBE
:10806000D46FAE9A9E9AC698010E0201056F010E5A
:108070000001D56F010ED86F020ED96F030EDA6FB3
:10808000070EDB6F010EDC6F040EDD6F100EDE6F6E
:10809000400EDF6F800ED76F820ED66F020ED56F47
:1080A000330ED86F340ED96F7F0EDA6F7F0EDB6F11
:1080B000020EDC6F080EDD6F100EDE6F400EDF6FFC
:1080C000000ED76F820ED66F000ED56FC292150EBE
:1080D000016EC60EE82EFED7012EFCD700D0C2904E
:1080E000C282120062C6D9F463C6DAF4DEC469F64D
:1080F000DDC46AF662C624F663C625F6000E266F56
:10810000000E276F000E286F000E296F31ECA5F0CE
:108110006D6F6D51D8A45DD0000E6C6F000E6B6F4B
:1081200069C600F66AC601F620EE16F06251D9263D
:108130006351DA22DEC402F6DEC403F6DEC404F6BE
:10814000DEC405F62BECC4F006016D6F6D51D8A4AA
:1081500040D020EE1AF06251D9266351DA22DEC4F3
:1081600066F6DDC467F666C6D9F467C6DAF4E50ECE
:10817000DE18D8B411D020EE1AF06251D92663511E
:10818000DA22DEC466F6DDC467F666C6D9F467C6D1
:10819000DAF4DF50D8A40AD06B4B6C2B64516B1906
:1081A00009E165516C19D8B414D004D0000E6C6F7D
:1081B000000E6B6F62C648F663C649F6000E4B6F41
:1081C000010E4A6FB3EC9EF006016D6F6D51D8B48D
:1081D000A7D7040E6D19D8A402D0070E6D6F6D518C
:1081E0001200000184838481000E886F000E8B6F63
:1081F0008599868386810501AA05D8A403D000014C
:10820000849502D0000184850501AB51D8A405D026
:108210000001859F858D859B0ED05F0E9A6FFB0EAA
:108220009B6F500E9C6FFF0E9D6FABC59EF59F6BB5
:1082300060ECCFF0FFD7000E8C6F2DD0020E000146
:108240008C6F020E896F12000F0E0001896F1200F1
:10825000070E0001896F1200050E0001896F1200E0
:10826000040E0001896F1200030E0001896F1200D5
:10827000020E0001896F12008E0E9A6FF90E9B6F2D
:10828000500E9C6FFF0E9D6FA8C59EF5A9C59FF56A
:1082900060ECCFF01200A8C5ACF5A9C5ADF505019D
:1082A000AD51000AD8A4E8D7AC51000AD8B4C6D75B
:1082B000010AD8B4C9D7030AD8B4CAD7010AD8B4B6
:1082C000CBD7070AD8B4CCD7010AD8B4CDD7030A84
:1082D000D8B4CED7D1D7000E1A14226E000E1B14BC
:1082E000236E800E1C14246E7F0E1D14256E2250EA
:1082F000231024102510D8A408D0000E1A6E000EEA
:108300001B6E000E1C6E000E1D6E000E1E14226EE3
:10831000000E1F14236E800E2014246E7F0E211475
:10832000256E2250231024102510D8A408D0000E4A
:108330001E6E000E1F6E000E206E000E216E1DAE12
:1083400009D01A6C1B1ED8B01B2A1C1ED8B01C2AC0
:10835000800E1D5621AE09D01E6C1F1ED8B01F2ADC
:10836000201ED8B0202A800E2156000E1A1A000EA8
:108370001B1A000E1C1A800E1D1A000E1E1A000E6B
:108380001F1A000E201A800E211A1E501A5C1F5050
:108390001B5820501C5821501D58D8B002D0D890DE
:1083A0001200D8801200B1C6B5F6B2C6B6F6B50E48
:1083B000016E060E026E6AECB9F001C5B9F602C58F
:1083C000BAF60601BAAF02D00B0E1200D890B9353A
:1083D000D96EBA35DA6E230ED926070EDA22DEC43C
:1083E000B7F6DDC4B8F6B751B811D8B410D0D890EC
:1083F000B935D96EBA35DA6E230ED926070EDA22D0
:10840000DE6ADD6AB7C6D9F4B8C6DAF4DF6AAF51FE
:10841000B011D8B41AD020EE01F0AF51D926B05126
:10842000DA22B9C6DFF4AFC6D9F4B0C6DAF4DF6A2F
:10843000D890B935D96EBA35DA6E230ED926070E23
:10844000DA22AFC6DEF4B0C6DDF4B351D8A402D050
:10845000000E1200B10E816F060E826FAF0E836F99
:10846000060E846F000E856F70EC84F00601B46F09
:10847000B45112000FC70BF510C70CF511C70DF55D
:1084800012C70EF501C50BF502C50CF503C50DF5B8
:1084900004C50EF50BC505F50CC506F50DC507F5AC
:1084A0000EC508F5180E05D0D890083207320632EE
:1084B0000532E82EF9D70550096E0A6A09500A10EC
:1084C000D8A419D0D8900B34056E0C34066E0D3438
:1084D000076E0E34086E0550061007100810D8A459
:1084E00005D0000E026E020E016E1200000E026E2A
:1084F000030E016E120009280A10D8A41CD00BC567
:1085000005F50CC506F50DC507F50EC508F5090EF0
:10851000D8900536063607360836E82EF9D70550C6
:10852000061007100810D8A402D0010E01D0000ECA
:10853000016E026A1200000E026E040E016E12003D
:10854000000E0A6E08AE0AD0081E071E061E056C35
:10855000000E062207220822010E0A6E04AE0AD07F
:10856000041E031E021E016C000E022203220422BE
:10857000010E0A1A000E0B6E000E0C6E000E0D6E30
:10858000000E0E6E0550061007100810D8B42AD041
:10859000010E096E06D0D890053606360736083625
:1085A000092A08AEF8D7D8900B360C360D360E36A1
:1085B0000550015C065002580750035808500458F3
:1085C000D8A009D00550015E0650025A0750035A40
:1085D0000850045A0B80D890083207320632053210
:1085E000092EE1D70A50D8B408D00E1E0D1E0C1E5D
:1085F0000B6C000E0C220D220E220BC501F50CC5D2
:1086000002F50DC503F50EC504F512006EC6D9F4CA
:108610006FC6DAF4DEC470F6DDC471F66EC662F6BB
:108620006FC663F6000E656F010E646F72ECC0F0EA
:10863000726F7251D8A44CD070C600F671C601F6A4
:1086400020EE16F06E51D9266F51DA22DEC402F602
:10865000DEC403F6DEC404F6DEC405F62BECC4F07B
:108660000601726F7251D8A433D020EE1AF06E5109
:10867000D9266F51DA22DEC401F5DDC402F5000E01
:10868000046E000E036E000E066E200E056EF8ECF2
:10869000CEF020EE1AF06E51D9266F51DA22DEC4E8
:1086A00001F5DDC402F51C0E6E25036E000E6F2170
:1086B000046E000E066E0B0E056EBEECCDF00601CC
:1086C00020EE04F07051D9267151DA22010EDF6ECE
:1086D00072511200090EB06FA651A711D8B441D043
:1086E000A6C5D9F4A7C5DAF4DE50DE10D8B439D067
:1086F000A6C5D9F4A7C5DAF4DEC4AAF5DDC4ABF586
:10870000AAC5D9F4ABC5DAF4DF50D8B42AD0A6C5CF
:10871000D9F4A7C5DAF410EE06F0DE50E126DD50FC
:10872000E22220EE02F0A651D926A751DA22E65025
:10873000DE1817E1E650DE18D8A413D0A6C5D9F488
:10874000A7C5DAF410EE01F0DE50E126DD50E2229A
:10875000E75086ECCFF00501AA6FAAB102D0000E57
:10876000B06FB051D8B405D0000EAE6F000EAF6F31
:1087700008D0A6C5D9F4A7C5DAF4DEC4AEF5DDC4C9
:10878000AFF5A8C5D9F4A9C5DAF4AEC5DEF4AFC516
:10879000DDF4B0511200020E0F5E000E105A115A95
:1087A000125A20EE14F00D50D9260E50DA22FE0E89
:1087B000DE24136EFF0EDE20146EFF0EDE20156E1B
:1087C000FF0EDE20166E13500F5C1450105815501B
:1087D000115816501258D8A009D0000E0D6E000E78
:1087E0000E6E000E0F6E000E106E120020EE28F0BE
:1087F0000D50D9260E50DA22DEC413F5DEC414F56E
:10880000DEC415F5DEC416F520EE0AF00D50D926AB
:108810000E50DA22DEC417F5DDC418F517C501F5D0
:1088200018C502F5036A046A0FC505F510C506F5FB
:1088300011C507F512C508F540ECCCF01350012422
:108840000D6E145002200E6E155003200F6E165040
:108850000420106E1200000E0501FF6F060120EECD
:108860002CF00051D9260151DA220251DE180AE11A
:108870000351DE1807E10451DE1804E10551DE184A
:10888000D8B444D000C6EDF501C6EEF5FEECB7F065
:10889000FF6FFF51D8A43AD0300E06010025050124
:1088A000E46F000E060101210501E56F02C6E6F541
:1088B00003C6E7F504C6E8F505C6E9F5000EEB6F5B
:1088C000010EEA6F060120EE01F00051D926015198
:1088D000DA22DF5061ECC9F00009D8B408D00601F3
:1088E0000269036904690569010E0501FF6F06014C
:1088F00020EE2CF00051D9260151DA2202C6DEF416
:1089000003C6DEF404C6DEF405C6DEF40501FF513D
:108910001200033404340A6E0A50D8A409D0000EA1
:10892000016E000E026E000E036E000E046E120049
:1089300001C505F502C506F503C507F504C508F52B
:10894000200E05D0D8900832073206320532E82EC4
:10895000F9D70550096E038EFF0E0116FF0E0216A1
:10896000FF0E0316000E0416960E0A5E0AAE0DD018
:108970000A50800A970FD8A0D2D7D8900432033279
:10898000023201320A3EF9D70DD01F0E0A6407D019
:10899000C6D7D89001360236033604360A060A5086
:1089A000D8A4F7D70950D8B408D0041E031E021E5D
:1089B000016C000E02220322042201C501F502C54A
:1089C00002F503C503F504C504F5120020EE03F01B
:1089D0000150D9260250DA22DF50056E05500A6E8A
:1089E0000B6A0C6A0D6A20EE02F00150D926025083
:1089F000DA22DF50056E05500AC507F50BC508F5EC
:108A00000CC509F5066A06100A6E07500B6E085071
:108A10000C6E09500D6E20EE01F00150D926025067
:108A2000DA22DF50056E05500AC507F50BC508F5BB
:108A30000CC509F5066A06100A6E07500B6E085041
:108A40000C6E09500D6E01C5D9F402C5DAF4DF5081
:108A5000056E05500AC507F50BC508F50CC509F5E7
:108A6000066A06100A6E07500B6E08500C6E09500D
:108A70000D6E0AC501F50BC502F50CC503F50DC554
:108A800004F51200000E0F6E000E0E6E07C5D9F42D
:108A900008C5DAF4DEC4F6F4DDC4F7F4000EF86EAF
:108AA0000800F5502A0AD8A433D007C5D9F408C560
:108AB000DAF4DE2A000EDD2209C5D9F40AC5DAF49B
:108AC000DFC40BF5020EDE26DFC40CF5000EDD223E
:108AD0000BC5D9F40CC5DAF4DEC40EF5DDC40FF510
:108AE00028D00EC501F50FC502F5000E046E0A0E62
:108AF000036E73ECCFF00D5001240E6E000E0220B9
:108B00000F6E07C5D9F408C5DAF4DE2A000EDD229F
:108B100007C5D9F408C5DAF4DEC4F6F4DDC4F7F409
:108B2000000EF86E0800F550D00F0D6E090E0D64A2
:108B3000D8D70EC507F50FC508F51200080E0001BD
:108B4000B16F000E0401006F000E086F000E106F71
:108B5000000E186F209120932095000E286FC2926E
:108B60002283CA92C09EC89E000E0201046FC68670
:108B700004010187469B469FC280CA90C294CA9452
:108B8000000E0201056FBE88C6980401118DC88CC5
:108B9000C282D0ACFED7C88604011187C684018585
:108BA000010E0201D56FA00ED46FD189D18B0401C3
:108BB000018FC68E070E0201766FBE8CC69C260EF4
:108BC000076FD28F000EC16E000EC96E000EBF6E11
:108BD000000EC76E000EC36E000ECB6EC08AC89A20
:108BE000BE8AC69AC08E0401139313911395120086
:108BF00003C50CF504C50DF505500C240A6E06508E
:108C00000D200B6E41D001C507F502C501F507C562
:108C100002F50CC5D9F40DC5DAF4DF50076E075024
:108C2000011A0C4A0D2A01C507F502C508F5040E04
:108C3000096ED89008320732092EFBD70F0E07169F
:108C4000000E08160750011A0850021A01C507F550
:108C500002C508F50C0ED89007360836E82EFBD76B
:108C60000750011A0850021AFF0E0114076E000E79
:108C70000214086E050ED89007360836E82EFBD78A
:108C80000750011A0850021A0A500C5C0B500D587C
:108C9000D8A0B9D701C501F502C502F512006FC60B
:108CA000A6F570C6A7F5730E0501A86F060EA96F8D
:108CB0006AECC3F00601756F7551D8A444D07151A8
:108CC0007211D8A40FD06FC624F670C625F6000E18
:108CD000266F000E276F000E286F000E296F31ECF3
:108CE000A5F030D06FC662F670C663F6000E656FF1
:108CF000000E646F82ECBCF0756F040E7519D8A479
:108D000002D0000E756F7551D8A41DD06FC60EF538
:108D100070C60FF571C610F572C611F513ECB3F0FD
:108D20006FC648F670C649F6000E06014B6F000E7E
:108D30004A6FB3EC9EF00601756F040E7519D8A446
:108D400002D0000E756F7551120001C509F502C5FC
:108D50000AF503C50BF504C50CF507D00506D8A028
:108D60000606094A0A2A0B4A0C2A05500610D8B4EE
:108D70001AD009C5D9F40AC5DAF4DF50076E0BC55D
:108D8000F6F40CC5F7F4000EF86E240EF76403D069
:108D90000800F55005D0F6C4E9F4F7C4EAF4EF5042
:108DA0000718D8B4DBD705500610D8A405D0000E9C
:108DB000026E000E016E120009C5D9F40AC5DAF47C
:108DC000DF50076E0BC5F6F40CC5F7F4000EF86E15
:108DD000240EF76403D00800F55005D0F6C4E9F47A
:108DE000F7C4EAF4EF50086E0850075C016E026A9F
:108DF000D8A002061200000E0A6E04AE0AD0041EAD
:108E0000031E021E016C000E022203220422010E28
:108E10000A6E08AE08D0081E071E061E056C000E5E
:108E20000622072208220550061007100810D8B4A1
:108E300024D0010E096E06D0D890053606360736C6
:108E40000836092A08AEF8D70550015C06500258CA
:108E50000750035808500458D8A008D00550015EA8
:108E60000650025A0750035A0850045AD890083244
:108E7000073206320532092EE7D70A50D8B408D097
:108E8000041E031E021E016C000E02220322042295
:108E900001C501F502C502F503C503F504C504F5D6
:108EA00012001E6E06C726F507C727F51E5040099B
:108EB0001F6E1BC520F51AC521F519C522F518C569
:108EC00023F51F0E016E050E026E000E046E050ED8
:108ED000036E0FECCCF00109246E26C505F527C5FD
:108EE00006F5A9ECCFF026C50BF527C50CF5000E4D
:108EF0000E6E010E0D6E95ECCCF026C501F527C562
:108F000002F51F0E036E050E046E000E066E060EB1
:108F1000056EABECCBF008C712F509C713F5FF0ED1
:108F2000C8ECCEF0256E1CC5D9F41DC5DAF425C5F4
:108F3000DFF42528D8A405D0000E196E010E186E96
:108F40001200000E196E000E186E1200045005106B
:108F5000D8B404D004500510D8A404D0025003ECB7
:108F6000D0F0120020EE0AF00450D9260550DA2283
:108F7000DE50DE10D8B416D020EE0AF00450D92608
:108F80000550DA2210EE03F00450E1260550E222EB
:108F9000DE50E65CE650800A0A6EDE50800A0A580F
:108FA000D8B0120020EE03F00450D9260550DA2282
:108FB000DEC406F5DDC407F504C5D9F405C5DAF449
:108FC000DEC408F5DDC409F506500824D96E075043
:108FD0000920DA6E02C5DFF420EE03F00450D92632
:108FE0000550DA22DE2A000EDD2212000506D8A086
:108FF000060605280FE10628D8A40CD0000E026E44
:10900000000E016E1200014A022A034A042A0506D4
:10901000D8A0060601C5D9F402C5DAF4DF50D8B4E9
:1090200020D003C5F6F404C5F7F4000EF86E08006E
:10903000F5500009D8B415D005500610D8B411D099
:1090400001C5D9F402C5DAF4DF50076E03C5F6F4A2
:1090500004C5F7F4000EF86E0800F5500718D8B4F0
:10906000D2D701C5D9F402C5DAF4DF50076E03C5C3
:10907000F6F404C5F7F4000EF86E0800F550075C2E
:10908000016E026AD8A002061200036E430EF66E4D
:10909000D90EF76E000EF86E0900F550035CD8A0EB
:1090A0003CD0440EF66ED90EF76E000EF86E0350EB
:1090B0000900F55CD8A005D0000E026E010E016E0D
:1090C0001200450EF66ED90EF76E000EF86E09000E
:1090D000F550035CD8A00BD0460EF66ED90EF76E95
:1090E000000EF86E03500900F55CD8B0E5D7470EC6
:1090F000F66ED90EF76E000EF86E0900F550035C9F
:10910000D8A00BD0480EF66ED90EF76E000EF86E92
:1091100003500900F55CD8B0CFD7000E026E000EE8
:10912000016E1200070113511411D8A405D013C702
:1091300011F514C712F506D0FF0E1325116EFF0EA0
:109140001421126E27A109D00DC502F5036A0BC5C3
:1091500004F50CC505F5A6ECC7F012AE04D0000E60
:10916000126E000E116E000E106E000E0F6E0CD0FF
:10917000000E036E200E026E0BC504F50CC505F53E
:10918000A6ECC7F00F4A102A11500F5C1050800A4D
:109190000E6E1250800A0E58D8A0EAD7070127B1E8
:1091A00012000DC502F5036A0BC504F50CC505F5E3
:1091B000A6ECC7F01200000E0114096E000E021496
:1091C0000A6E800E03140B6E7F0E04140C6E095091
:1091D0000A100B100C10D8A408D0000E016E000E5F
:1091E000026E000E036E000E046E000E0514096E72
:1091F000000E06140A6E800E07140B6E7F0E081404
:109200000C6E09500A100B100C10D8A408D0000ED8
:10921000056E000E066E000E076E000E086E0550FD
:1092200001180AE10650021807E10750031804E18B
:1092300008500418D8B402D0D8901200D880120078
:10924000000E0501EC6F000EEB6F33D0E451070107
:10925000D5250501C76FE5510701D6210501C86F66
:10926000E6510701D7210501C96FE7510701D82150
:109270000501CA6F000ECC6F000ECB6FE2C5CDF5B5
:10928000E3C5CEF5020ED06F000ECF6FA5ECAAF0AD
:109290000501C751C811D8B402D0010E1200010E49
:1092A000E427000EE523E623E723020EE327EB4B3A
:1092B000EC2BE851EB5DE951EC59D8A0C7D7000E73
:1092C0001200000E0501EE6F000EED6F33D0E65177
:1092D0000701D5250501C76FE7510701D621050113
:1092E000C86FE8510701D7210501C96FE95107018E
:1092F000D8210501CA6F000ECC6F000ECB6FE4C5FC
:10930000CDF5E5C5CEF5020ED06F000ECF6F29EC7E
:10931000AFF00501C751C811D8B402D0010E120038
:10932000010EE627000EE723E823E923020EE527D6
:10933000ED4BEE2BEA51ED5DEB51EE59D8A0C7D7BE
:10934000000E1200000E096E000E0A6E000E0B6E6B
:10935000000E0C6E0550061007100810D8B42AD065
:10936000010E0D6E06D0D890053606360736083643
:109370000D2A08AEF8D7D89009360A360B360C36C7
:109380000550015C06500258075003580850045815
:10939000D8A009D00550015E0650025A0750035A62
:1093A0000850045A0980D890083207320632053234
:1093B0000D2EE1D709C501F50AC502F50BC503F568
:1093C0000CC504F51200070127A10AD014C50BF53E
:1093D00015C50CF512C50DF513C50EF55EECCEF0F6
:1093E00017AE04D0000E176E000E166E000E1A6E29
:1093F000000E196E0CD0000E036E200E026E12C508
:1094000004F513C505F5A6ECC7F0194A1A2A16503B
:10941000195C1A50800A186E1750800A1858D8A084
:10942000EAD7070127B1120014C50BF515C50CF5D5
:1094300012C50DF513C50EF55EECCEF012001A0E36
:109440000A24016E000E0B20026E42ECCEF001C524
:1094500010F502C511F5126A136A08C5D9F409C5D9
:10946000DAF4030EDE18D8A41CD0140E0A24016E00
:10947000000E0B20026E42ECCEF001500C6E02503A
:109480000D6E0E6A0F6A0DC50FF50CC50EF50D6A4F
:109490000C6A0C5010120D5011120E5012120F5077
:1094A000131210C508F511C509F512C50AF513C543
:1094B0000BF5120001C50BF502C50CF50CC5C1F486
:1094C0000BC5BFF4000ECB6E000E0A6E000E096EC7
:1094D00025D0C09A09500324076E0A500420086E54
:1094E00007C5F6F408C5F7F4000EF86E240EF7640D
:1094F00003D00800F55005D0F6C4E9F4F7C4EAF447
:10950000EF50C36EC08A0B2A0BC5BFF40B50D8A412
:1095100003D00C2A0CC5C1F4094A0A2A0550095C7B
:1095200006500A58D8B01200D4D7440EF66E9C0EDE
:10953000F76E010EF86E02EE80F010EE40F00900BA
:10954000F5C4EEF4E550E150FAE1120EF66EA00E0D
:10955000F76E010EF86E01EED5F310EE07F009007C
:10956000F5C4EEF4E550E150FAE102EEC0F014EE7D
:10957000FCF0EE6AE550E150FCE1E250FAE102EE67
:1095800000F0800EEE6AE806FDE101EE00F3BF0E8A
:10959000EE6AE806FDE10001E0EFABF0000E070126
:1095A0001E6F000E1D6F1EBF0ED01E5104E1140E63
:1095B0001D5DD8A008D08F0E05019A6FFF0E9B6F1E
:1095C00060ECCFF0FFD7000E0501AF6F000EAE6F5D
:1095D000000EB16F050EB06F000EB36F640EB26F68
:1095E0002FECB0F0AE51AF11D8B41200110E05013E
:1095F000BE6F3C0EBD6FCB0EE82EFED7BD2FFCD745
:10960000BE2FFAD707011D4B1E2BCDD7326E06C7D2
:1096100030F507C731F52CC535F52DC536F528C50C
:1096200018F529C519F52AC51AF52BC51BF535C539
:109630001CF536C51DF5325051ECC7F018C533F591
:1096400019C534F533503410D8B403D023ECCFF01F
:10965000120030C501F531C502F5010E3524036E47
:10966000000E3620046EFF0E2E24056EFF0E2F20F6
:10967000066E05ECADF023ECCFF01200036E3F0E4A
:10968000F66ED90EF76E000EF86E0900F550035C09
:10969000D8A026D0400EF66ED90EF76E000EF86EEA
:1096A00003500900F55CD8A005D0000E026E010E33
:1096B000016E1200410EF66ED90EF76E000EF86EB6
:1096C0000900F550035CD8A00BD0420EF66ED90EFF
:1096D000F76E000EF86E03500900F55CD8B0E5D7C0
:1096E000000E026E000E016E120001C5D9F402C513
:1096F000DAF403C5DFF4014A022A0450036E055070
:10970000046E0650056E066A01C5D9F402C5DAF486
:1097100003C5DFF4014A022A0450036E0550046EAB
:109720000650056E066A01C5D9F402C5DAF403C510
:10973000DFF4014A022A0450036E0550046E0650FD
:10974000056E066A01C5D9F402C5DAF403C5DFF473
:10975000014A022A120003C509F504C50AF505509D
:109760000610D8B4120006C583F005C582F009C5FD
:10977000D9F40AC5DAF4DF500001816F094A0A2AD8
:10978000000E086E010E076E0ED009C5D9F40AC589
:10979000DAF4DF50816F094A0A2AB1A0FED700012E
:1097A0008051074A082A0550075C06500858D8A07F
:1097B000ECD7B1A0FED700018051120004D0014ABD
:1097C000022A034A042A01C5D9F402C5DAF4DF509B
:1097D000056E03C5F6F404C5F7F4000EF86E080034
:1097E000F5500518D8A407D001C5D9F402C5DAF49C
:1097F000DF50D8A4E4D701C5D9F402C5DAF4DF50AC
:10980000056E03C5F6F404C5F7F4000EF86E080003
:10981000F550055C016E026AD8A002061200000E27
:10982000096E01C50AF502C50BF503500A24056E41
:1098300004500B20066E1CD00AC5D9F40BC5DAF40F
:10984000DF50091A0A4A0B2A000E086E000E076E36
:1098500009AE02D0890E091AD8900936074A082A9B
:1098600008BEF6D7085004E1080E075CD8A0F0D770
:1098700005500A5C06500B58D8A0DED709501200DC
:10988000000E096E000E0A6E000E0B6E000E0C6EBE
:1098900001A008D00550092606500A2207500B22C5
:1098A00008500C22D8900536063607360836D89070
:1098B000043203320232013201500210031004104C
:1098C000D8A4E6D709C501F50AC502F50BC503F50D
:1098D0000CC504F5120001C509F502C50AF50AC553
:1098E000C1F409C5BFF4CB68000E086E000E076E08
:1098F00015D0BE9A07500324D96E08500420DA6EA2
:10990000D3C4DFF4BE8A092A09C5BFF40950D8A41C
:1099100003D00A2A0AC5C1F4074A082A0550075C81
:1099200006500858D8B01200E4D711680BC501F5ED
:109930000CC502F530ECCDF0000E106E000E0F6E6F
:1099400010D00BC501F50CC502F5110E036E050E06
:10995000046E000E066E010E056EABECCBF00F4AE6
:10996000102A0D500F5C0E501058D8A0EAD70BC526
:1099700001F50CC502F57AECCEF012000501A96FD5
:10998000010E0501AA6F10D0000EAA6F1CD0E80EC0
:109990009A6FF90E9B6FA9C59CF59D6BA6C59EF5A8
:1099A0009F6B60ECCFF00FD0A651000AD8B4ECD773
:1099B000010AD8B4ECD7030AD8B4E9D7010AD8B45D
:1099C000E6D7070AE4D7AA5112009E0EA26F050E31
:1099D000A36F9AC5A4F59BC5A5F5000EA86F000E50
:1099E000A76F000EAF6F000EAE6FA40E946F050E42
:1099F000956F9CC596F59DC597F5A20E986F050EBF
:109A0000996F55ECCDF0A7519A25D96EA8519B219D
:109A1000DA6EDF6A120004BE09D001C501F502C585
:109A200002F503C503F504C504F5120001C505F5EB
:109A300002C506F503C507F504C508F5051E061E93
:109A4000071E081E052A000E06220722082205C549
:109A500001F506C502F507C503F508C504F51200B2
:109A600001C503F502C504F520EE02F00350D92626
:109A70000450DA22DF50D8A410D0310E0201116F49
:109A8000320E126F20EE03F00350D9260450DA2272
:109A9000CBC4DFF4C892C890C88420EE02F0035013
:109AA000D9260450DA22DF2A120096C55BF597C545
:109AB0005CF50ED094C551F595C552F55B0E536E0D
:109AC000050E546E98C555F599C556F5A7EC95F059
:109AD0005BC5F6F45CC5F7F4000EF86E0800F550AF
:109AE0000009D8A4E7D7000E0501956F000E946F0A
:109AF0001200000E1E1A000E1F1A000E201A800EF1
:109B0000211A1AC501F51BC502F51CC503F51DC5B3
:109B100004F51EC505F51FC506F520C507F521C5C9
:109B200008F5ABECA3F001C51AF502C51BF503C59A
:109B30001CF504C51DF5120001C5F6F402C5F7F4C5
:109B4000000EF86E0800F5500318D8A405D001C522
:109B500001F502C502F5120001C5F6F402C5F7F4DD
:109B6000014A022A000EF86E0800F5500009D8A438
:109B7000E3D7000E016E000E026E120003C509F558
:109B800004C50AF501C507F502C508F510D009C5D9
:109B9000D9F40AC5DAF4DF500B6E094A0A2A07C560
:109BA000D9F408C5DAF40BC5DFF4074A082A05061C
:109BB000D8A006060528EBE10628D8B41200E7D79E
:109BC000CB0E05019A6FFB0E9B6F60ECCFF0290E58
:109BD0009A6FFE0E9B6F60ECCFF0110E0501A76F20
:109BE0003C0EA66FCB0EE82EFED7A62FFCD7A72FD4
:109BF000FAD7100E05019A6FFE0E9B6F60ECCFF046
:109C000012001A0E0724016E000E0820026E09C50C
:109C100003F50AC504F538ECCFF005C5D9F406C53F
:109C2000DAF4030EDE18D8A41200140E0724016E15
:109C3000000E0820026E0BC503F50CC504F538ECC8
:109C4000CFF012001A0000001A0000001A000000F5
:109C50001A000000000000000000000000000000EA
:109C60000000000080000000800000008000000074
:109C70008000000000000000000000000000000064
:109C80006440000020EE01F00150D9260250DA2293
:109C9000DF50036E0350066E076A01C5D9F402C592
:109CA000DAF4DF50036E0650046E0350066E04C5EE
:109CB00007F506C501F507C502F51200000E116E85
:109CC000000E106E0BD00FC502F5036A0DC504F52A
:109CD0000EC505F5A6ECC7F0104A112A10500B244A
:109CE000D96E11500C20DA6EDF500F6E0F50D8B4C1
:109CF0001200E9D701C503F502C504F520EE02F014
:109D00000350D9260450DA22DF06DF50D8A412000F
:109D1000000E0201116F000E126F20EE03F00350CF
:109D2000D9260450DA22DF50CB6E120001C505F5AA
:109D300002C506F503C5F6F404C5F7F4034A042A80
:109D4000000EF86E05C5D9F406C5DAF4054A062AF0
:109D50000800F5C4DFF4DF50D8B41200EBD701C51A
:109D600003F502C504F520EE02F00350D926045095
:109D7000DA22DF6A000E0001846F000E856F100E7C
:109D800002016A6F120E6B6FC8980001848F120077
:109D9000166E06C714F507C715F514C50FF515C5DA
:109DA00010F598ECCFF0176E16501718D8A407D0FE
:109DB0001206D8A0130612501310D8A4EED71750CD
:109DC00012000150021003100410D8B408D0000E85
:109DD000011A000E021A000E031A800E041A01C5A1
:109DE00001F502C502F503C503F504C504F512002B
:109DF00001C507F502C508F508D007C5D9F408C59F
:109E0000DAF403C5DFF4074A082A0506D8A00606D7
:109E10000528F3E10628D8B41200EFD7B1C5A6F59E
:109E2000B2C5A7F5B30EA86F050EA96F6AECC3F013
:109E3000B56FB551D8A41200B1C5D9F4B2C5DAF4E2
:109E4000DE6ADD6A120006C712F507C713F512C5F0
:109E500005F513C506F5BAECCFF012C50BF513C521
:109E60000CF5000E0E6E010E0D6E95ECCCF012008E
:109E700001C5D9F402C5DAF403C5DFF4014A022AA8
:109E800004C503F5046A01C5D9F402C5DAF403C5B3
:109E9000DFF4014A022A12000CBE05D00BC50BF5F7
:109EA0000CC50CF512000BC50DF50CC50EF50D1EFD
:109EB0000E1E0D4A0E2A0DC50BF50EC50CF512002F
:109EC0009C0E5D6E050E5E6E000E946F000E956F1B
:109ED0009AC596F59BC597F55D0E986F050E996F1F
:109EE00055ECCDF0120001500302F3C405F5F4C4A3
:109EF00006F501500402F350062602500302F35007
:109F0000062605C501F506C502F512005F6E5F5015
:109F1000D8B402D0020E12000701D52907E1D629D4
:109F200005E1D72903E1D829D8B4F4D7000E1200EF
:109F300011680FC501F510C502F5110E036E050E6F
:109F4000046E000E066E010E056E05ECADF01150AC
:109F5000120005C501F506C502F530ECCDF005C5CA
:109F600001F506C502F5000E046E010E036EEFEC5E
:109F7000CFF0120005C501F506C502F5000E046E0E
:109F8000000E036EEFECCFF005C501F506C502F536
:109F90007AECCEF0120001C504F502C505F505C541
:109FA000C1F404C5BFF4BE9A00000000D3C403F599
:109FB000BE8A03501200D0ACFED7000EC76E000E52
:109FC000C96EBE8AC08AC69AC89A1200000E016E77
:109FD000000E026E210E036E000E046E120003507E
:109FE0000410D8A402D0C0881200C0981200B7A0F4
:109FF000FED7C7C201F5026A1200C768C968CB68FC
:10A00000C68AC88A1200016EB7A2FED701C5C9F27E
:09A010001200FFFFFFFFBB070176
:04FFFC0095EFCAF0C3
:020000040030CA
:080000008CFFFFF79FFFFFFFDB
:01000900FFF7
:00000001FF
