:0400000081EF00F09C
:1000080040004000400040004000400040004000E8
:1000180040004000400040004000400040004000D8
:1000280040004000400040004000400040004000C8
:1000380040004000400040004000400040004000B8
:1000480040004000400040004000400040004000A8
:100058004000400040004000400040004000400098
:100068004000F96740004000400040004000400068
:100078004000400040004000400040004000400078
:100088004000400040004000400040004000400068
:100098004000400040004000400040004000400058
:1000A8004000400040004000400040004000400048
:1000B8004000400040004000400040004000400038
:1000C8004000400040004000400040004000400028
:1000D8004000400040004000400040004000400018
:1000E8004000400040004000400040004000400008
:0E00F8004000400040004000FF00C4EFC9F08F
:10D9620000819FE0FC407E80FC00001000C35CE769
:10D97200C358E77F00436F7079726967687420311A
:10D98200393739202863292062792044696769740C
:10D99200616C2052657365617263682020202020CB
:10D9A2002000000000000000000000000000000055
:10D9B2000000000000000000000000000000000065
:10D9C2000000000000000000000000000000000055
:10D9D2000000000000000000000000000000000045
:10D9E2000000000000000000000000000000000035
:10D9F200000000000008E400005F0E02C30500C53D
:10DA0200CD8CE4C1C93E0DCD92E43E0AC392E43E00
:10DA120020C392E4C5CD98E4E17EB7C823E5CD8C5E
:10DA2200E4E1C3ACE40E0DC305005F0E0EC30500B6
:10DA3200CD050032EEEB3CC90E0FC3C3E4AF32EDAD
:10DA4200EB11CDEBC3CBE40E10C3C3E40E11C3C381
:10DA5200E40E12C3C3E411CDEBC3DFE40E13C3051E
:10DA620000CD0500B7C90E14C3F4E411CDEBC3F920
:10DA7200E40E15C3F4E40E16C3C3E40E17C3050087
:10DA82001EFF0E20C30500CD13E58787878721EF90
:10DA9200EBB6320400C93AEFEB320400C9FE61D89A
:10DAA200FE7BD0E65FC93AABEBB7CA96E53AEFEB3D
:10DAB200B73E00C4BDE411ACEBCDCBE4CA96E53A67
:10DAC200BBEB3D32CCEB11ACEBCDF9E4C296E511E8
:10DAD20007E42180000680CD42E821BAEB3600231C
:10DAE2003511ACEBCDDAE4CA96E53AEFEBB7C4BD3B
:10DAF200E42108E4CDACE4CDC2E5CAA7E5CDDDE57D
:10DB0200C382E7CDDDE5CD1AE50E0A1106E4CD05A7
:10DB120000CD29E52107E4462378B7CABAE57ECDD0
:10DB220030E57705C3ABE5772108E42288E4C90E26
:10DB32000BCD0500B7C80E01CD0500B7C90E19C33C
:10DB420005001180000E1AC3050021ABEB7EB7C899
:10DB52003600AFCDBDE411ACEBCDEFE43AEFEBC351
:10DB6200BDE41128E72100EC06061ABEC2CFE71376
:10DB72002305C2FDE5C9CD98E42A8AE47EFE20CAC7
:10DB820022E6B7CA22E6E5CD8CE4E123C30FE63EE6
:10DB92003FCD8CE4CD98E4CDDDE5C382E71AB7C86A
:10DBA200FE20DA09E6C8FE3DC8FE5FC8FE2EC8FEAA
:10DBB2003AC8FE3BC8FE3CC8FE3EC8C91AB7C8FEFA
:10DBC20020C013C34FE6856FD024C93E0021CDEBA0
:10DBD200CD59E6E5E5AF32F0EB2A88E4EBCD4FE62E
:10DBE200EB228AE4EBE11AB7CA89E6DE4047131A50
:10DBF200FE3ACA90E61B3AEFEB77C396E67832F02C
:10DC0200EB70130608CD30E6CAB9E623FE2AC2A994
:10DC1200E6363FC3ABE6771305C298E6CD30E6CAD7
:10DC2200C0E613C3AFE623362005C2B9E60603FEFB
:10DC32002EC2E9E613CD30E6CAE9E623FE2AC2D9AE
:10DC4200E6363FC3DBE6771305C2C8E6CD30E6CA47
:10DC5200F0E613C3DFE623362005C2E9E606032316
:10DC6200360005C2F2E6EB2288E4E1010B00237ED6
:10DC7200FE3FC209E7040DC201E778B7C944495221
:10DC82002045524120545950455341564552454E24
:10DC920020555345520016000000002110E70E00E7
:10DCA20079FE06D011CEEB06041ABEC24FE713234B
:10DCB20005C23CE71AFE20C254E779C92305C24FC8
:10DCC200E70CC333E7AF3207E431ABEBC5791F1F73
:10DCD2001F1FE60F5FCD15E5CDB8E432ABEBC1797E
:10DCE200E60F32EFEBCDBDE43A07E4B7C298E73175
:10DCF200ABEBCD98E4CDD0E5C641CD8CE43E3ECD34
:10DD02008CE4CD39E5118000CDD8E5CDD0E532EFF8
:10DD1200EBCD5EE6C409E63AF0EBB7C2A5EACD2E3A
:10DD2200E721C1E75F160019197E23666FE977E8DC
:10DD32001FE95DE9ADE910EA8EEAA5EA21F3762250
:10DD420000E42100E4E901DFE7C3A7E4526561646E
:10DD5200206572726F720001F0E7C3A7E44E6F2074
:10DD620066696C6500CD5EE63AF0EBB7C209E62162
:10DD7200CEEB010B007EFE20CA33E823D630FE0A2A
:10DD8200D209E65778E6E0C209E67807070780DAA3
:10DD920009E680DA09E682DA09E6470DC208E8C92F
:10DDA2007EFE20C209E6230DC233E878C906037E4F
:10DDB20012231305C242E8C921800081CD59E67EB3
:10DDC200C9AF32CDEB3AF0EBB7C83D21EFEBBEC89D
:10DDD200C3BDE43AF0EBB7C83D21EFEBBEC83AEF62
:10DDE200EBC3BDE4CD5EE6CD54E821CEEB7EFE2052
:10DDF200C28FE8060B363F2305C288E81E00D5CD48
:10DE0200E9E4CCEAE7CA1BE93AEEEB0F0F0FE66052
:10DE12004F3E0ACD4BE817DA0FE9D17B1CD5E6035A
:10DE2200F5C2CCE8CD98E4C5CDD0E5C1C641CD92CE
:10DE3200E43E3ACD92E4C3D4E8CDA2E43E3ACD9298
:10DE4200E4CDA2E4060178CD4BE8E67FFE20C2F9DC
:10DE5200E8F1F5FE03C2F7E83E09CD4BE8E67FFEA6
:10DE620020CA0EE93E20CD92E40478FE0CD20EE9DF
:10DE7200FE09C2D9E8CDA2E4C3D9E8F1CDC2E5C218
:10DE82001BE9CDE4E4C398E8D1C386EBCD5EE6FEA0
:10DE92000BC242E90152E9CDA7E4CD39E52107E4FD
:10DEA20035C282E7237EFE59C282E7232288E4CD6F
:10DEB20054E811CDEBCDEFE43CCCEAE7C386EB416D
:10DEC2006C6C2028792F6E293F00CD5EE6C209E6F0
:10DED200CD54E8CDD0E4CAA7E9CD98E421F1EB36E0
:10DEE200FF21F1EB7EFE80DA87E9E5CDFEE4E1C2B7
:10DEF200A0E9AF7734218000CD59E67EFE1ACA86AA
:10DF0200EBCD8CE4CDC2E5C286EBC374E93DCA8693
:10DF1200EBCDD9E7CD66E8C309E6CDF8E7F5CD5EEE
:10DF2200E6C209E6CD54E811CDEBD5CDEFE4D1CD73
:10DF320009E5CAFBE9AF32EDEBF16F2600291100CA
:10DF4200017CB5CAF1E92BE521800019E5CDD8E5C0
:10DF520011CDEBCD04E5D1E1C2FBE9C3D4E911CD8A
:10DF6200EBCDDAE43CC201EA0107EACDA7E4CDD564
:10DF7200E5C386EB4E6F20737061636500CD5EE68C
:10DF8200C209E63AF0EBF5CD54E8CDE9E4C279EA0C
:10DF920021CDEB11DDEB0610CD42E82A88E4EBCD72
:10DFA2004FE6FE3DCA3FEAFE5FC273EAEB232288D8
:10DFB200E4CD5EE6C273EAF14721F0EB7EB7CA59BF
:10DFC200EAB870C273EA70AF32CDEBCDE9E4CA6D44
:10DFD200EA11CDEBCD0EE5C386EBCDEAE7C386EBC6
:10DFE200CD66E8C309E60182EACDA7E4C386EB4623
:10DFF200696C652065786973747300CDF8E7FE106B
:10E00200D209E65F3ACEEBFE20CA09E6CD15E5C39A
:10E0120089EBCDF5E53ACEEBFE20C2C4EA3AF0EB4D
:10E02200B7CA89EB3D32EFEBCD29E5CDBDE4C3891B
:10E03200EB11D6EB1AFE20C209E6D5CD54E8D12168
:10E0420083EBCD40E8CDD0E4CA6BEB210001E5EBD8
:10E05200CDD8E511CDEBCDF9E4C201EBE1118000A1
:10E06200191100E47D937C9AD271EBC3E1EAE13DA0
:10E07200C271EBCD66E8CD5EE621F0EBE57E32CDF6
:10E08200EB3E10CD60E6E17E32DDEBAF32EDEB111F
:10E092005C0021CDEB0621CD42E82108E47EB7CA1F
:10E0A2003EEBFE20CA3EEB23C330EB06001181009B
:10E0B2007E12B7CA4FEB042313C343EB78328000BE
:10E0C200CD98E4CDD5E5CD1AE5CD000131ABEBCD50
:10E0D20029E5CDBDE4C382E7CD66E8C309E6017A4E
:10E0E200EBCDA7E4C386EB426164206C6F616400F0
:10E0F200434F4DCD66E8CD5EE63ACEEBD62021F019
:10E10200EBB6C209E6C382E700000000000000008F
:10E112000000000000000000000024242420202031
:10E1220020205355420000000000000000000000C3
:10E13200000000000000000000000020202020203D
:10E14200202020202020000000000020202020206D
:10E1520020202020202000000000000000000000FD
:10E162000000000000000000000000000000160097
:10E17200000000C311EC99ECA5ECABECB1ECEB2286
:10E1820043EFEB7B32D6F92100002245EF39220F13
:10E19200EF3141EFAF32E0F932DEF92174F9E5797E
:10E1A200FE29D04B2147EC5F160019195E23562A2F
:10E1B20043EFEBE903FAC8EE90EDCEEE12FA0FFA56
:10E1C200D4EEEDEEF3EEF8EEE1EDFEEE7EF883F83E
:10E1D20045F89CF8A5F8ABF8C8F8D7F8E0F8E6F8E7
:10E1E200ECF8F5F8FEF804F90AF911F92CF117F92F
:10E1F2001DF926F92DF941F947F94DF90EF853F9B0
:10E2020004EF04EF9BF921CAECCDE5ECFE03CA0052
:10E2120000C921D5ECC3B4EC21E1ECC3B4EC21DCA0
:10E22200ECCDE5ECC3000042646F732045727220AE
:10E232004F6E20203A202442616420536563746F3C
:10E24200722453656C6563742446696C6520522F91
:10E252004F24E5CDC9ED3A42EFC64132C6EC01BAD0
:10E26200ECCDD3EDC1CDD3ED210EEF7E3600B7C09C
:10E27200C309FACDFBECCD14EDD8F54FCD90EDF1FD
:10E28200C9FE0DC8FE0AC8FE09C8FE08C8FE20C99C
:10E292003A0EEFB7C245EDCD06FAE601C8CD09FA4E
:10E2A200FE13C242EDCD09FAFE03CA0000AFC93225
:10E2B2000EEF3E01C93A0AEFB7C262EDC5CD23EDBA
:10E2C200C1C5CD0CFAC1C53A0DEFB7C40FFAC17979
:10E2D200210CEFFE7FC834FE20D0357EB7C879FE10
:10E2E20008C279ED35C9FE0AC03600C979CD14EDF0
:10E2F200D290EDF50E5ECD48EDF1F6404F79FE0974
:10E30200C248ED0E20CD48ED3A0CEFE607C296ED7D
:10E31200C9CDACED0E20CD0CFA0E08C30CFA0E23BB
:10E32200CD48EDCDC9ED3A0CEF210BEFBED00E205A
:10E33200CD48EDC3B9ED0E0DCD48ED0E0AC348ED43
:10E342000AFE24C803C54FCD90EDC1C3D3ED3A0CEC
:10E35200EF320BEF2A43EF4E23E50600C5E5CDFB76
:10E36200ECE67FE1C1FE0DCAC1EEFE0ACAC1EEFEB5
:10E3720008C216EE78B7CAEFED053A0CEF320AEF93
:10E38200C370EEFE7FC226EE78B7CAEFED7E052B94
:10E39200C3A9EEFE05C237EEC5E5CDC9EDAF320B1E
:10E3A200EFC3F1EDFE10C248EEE5210DEF3E0196FE
:10E3B20077E1C3EFEDFE18C25FEEE13A0BEF210CFD
:10E3C200EFBED2E1ED35CDA4EDC34EEEFE15C26B2C
:10E3D200EECDB1EDE1C3E1EDFE12C2A6EEC5CDB1C7
:10E3E200EDC1E1E5C578B7CA8AEE234E05C5E5CD94
:10E3F2007FEDE1C1C378EEE53A0AEFB7CAF1ED214C
:10E402000CEF96320AEFCDA4ED210AEF35C299EE58
:10E41200C3F1ED237704C5E54FCD7FEDE1C17EFE6B
:10E422000378C2BDEEFE01CA0000B9DAEFEDE17079
:10E432000E0DC348EDCD06EDC301EFCD15FAC301B4
:10E44200EF793CCAE0EE3CCA06FAC30CFACD06FAF2
:10E45200B7CA91F9CD09FAC301EF3A0300C301EF3C
:10E4620021030071C9EB4D44C3D3EDCD23ED3245F9
:10E47200EFC93E01C301EF000200000000000000EE
:10E48200000000000000000000000000000000008A
:10E49200000000000000000000000000000000007A
:10E4A200000000000000000000000000000000006A
:10E4B20000000000210BEC5E2356EBE90C0DC81A9C
:10E4C200771323C350EF3A42EF4FCD1BFA7CB5C806
:10E4D2005E23562322B3F9232322B5F9232322B73D
:10E4E200F92323EB22D0F921B9F90E08CD4FEF2AF7
:10E4F200BBF9EB21C1F90E0FCD4FEF2AC6F97C21F2
:10E50200DDF936FFB7CA9DEF36003EFFB7C9CD1819
:10E51200FAAF2AB5F97723772AB7F9772377C9CDE6
:10E5220027FAC3BBEFCD2AFAB7C82109ECC34AEFD9
:10E532002AEAF90E02CDEAF022E5F922ECF921E508
:10E54200F94E23462AB7F95E23562AB5F97E236689
:10E552006F7993789AD2FAEFE52AC1F97B955F7ABF
:10E562009C57E12BC3E4EFE52AC1F919DA0FF079E0
:10E5720095789CDA0FF0EBE123C3FAEFE1C5D5E51C
:10E58200EB2ACEF919444DCD1EFAD12AB5F97323DF
:10E5920072D12AB7F9732372C179934F789A472AB5
:10E5A200D0F9EBCD30FA4D44C321FA21C3F94E3AEA
:10E5B200E3F9B71F0DC245F0473E08964F3AE2F91C
:10E5C2000DCA5CF0B717C353F080C92A43EF11108C
:10E5D2000019093ADDF9B7CA71F06E2600C9095E61
:10E5E2002356EBC9CD3EF04F0600CD5EF022E5F991
:10E5F200C92AE5F97DB4C93AC3F92AE5F9293DC228
:10E6020090F022E7F93AC4F94F3AE3F9A1B56F2243
:10E61200E5F9C92A43EF110C0019C92A43EF110F7A
:10E622000019EB21110019C9CDAEF07E32E3F9EBEE
:10E632007E32E1F9CDA6F03AC5F9A632E2F9C9CDAA
:10E64200AEF03AD5F9FE02C2DEF0AF4F3AE3F981FD
:10E6520077EB3AE1F977C90C0DC87CB71F677D1FCC
:10E662006FC3EBF00E802AB9F9AF86230DC2FDF01D
:10E67200C90C0DC829C305F1C53A42EF4F2101006B
:10E68200CD04F1C179B56F78B467C92AADF93A42C0
:10E69200EF4FCDEAF07DE601C921ADF94E2346CD1B
:10E6A2000BF122ADF92AC8F923EB2AB3F9732372CD
:10E6B200C9CD5EF1110900197E17D0210FECC34AB2
:10E6C200EFCD1EF1C8210DECC34AEF2AB9F93AE9A0
:10E6D200F9856FD024C92A43EF110E00197EC9CDE6
:10E6E20069F13600C9CD69F1F68077C92AEAF9EBFA
:10E6F2002AB3F97B96237A9EC9CD7FF1D813722B68
:10E7020073C97B956F7A9C67C90EFF2AECF9EB2AD5
:10E71200CCF9CD95F1D0C5CDF7F02ABDF9EB2AECB5
:10E72200F919C10CCAC4F1BEC8CD7FF1D0CD2CF10C
:10E73200C977C9CD9CF1CDE0F10E01CDB8EFC3DAB6
:10E74200F1CDE0F1CDB2EF21B1F9C3E3F121B9F995
:10E752004E2346C324FA2AB9F9EB2AB1F90E80C333
:10E762004FEF21EAF97E23BEC03CC921FFFF22EA16
:10E77200F9C92AC8F9EB2AEAF92322EAF9CD95F177
:10E78200D219F2C3FEF13AEAF9E60306058705C299
:10E7920020F232E9F9B7C0C5CDC3EFCDD4F1C1C380
:10E7A2009EF179E6073C5F57790F0F0FE61F4F780E
:10E7B2008787878787B14F780F0F0FE61F472ABFDA
:10E7C200F9097E071DC256F2C9D5CD35F2E6FEC162
:10E7D200B10F15C264F277C9CD5EF111100019C5EF
:10E7E2000E11D10DC8D53ADDF9B7CA88F2C5E54E8A
:10E7F2000600C38EF20DC54E2346E579B0CA9DF2DE
:10E802002AC6F97D917C98D45CF2E123C1C375F2EA
:10E812002AC6F90E03CDEAF023444D2ABFF9360089
:10E82200230B78B1C2B1F22ACAF9EB2ABFF97323DA
:10E8320072CDA1EF2AB3F93603233600CDFEF10ED5
:10E84200FFCD05F2CDF5F1C8CD5EF13EE5BECAD2EF
:10E85200F23A41EFBEC2F6F2237ED624C2F6F23D70
:10E862003245EF0E01CD6BF2CD8CF1C3D2F23AD428
:10E87200F9C301EFC5F53AC5F92F4779A04FF1A0C9
:10E8820091E61FC1C93EFF32D4F921D8F9712A435A
:10E89200EF22D9F9CDFEF1CDA1EF0E00CD05F2CDDB
:10E8A200F5F1CA94F32AD9F9EB1AFEE5CA4AF3D56F
:10E8B200CD7FF1D1D294F3CD5EF13AD8F94F060073
:10E8C20079B7CA83F31AFE3FCA7CF378FE0DCA7C7D
:10E8D200F3FE0C1ACA73F396E67FC22DF3C37CF3E0
:10E8E200C54ECD07F3C1C22DF31323040DC353F359
:10E8F2003AEAF9E6033245EF21D4F97E17D0AF7731
:10E90200C9CDFEF13EFFC301EFCD54F10E0CCD187F
:10E91200F3CDF5F1C8CD44F1CD5EF136E50E00CD73
:10E922006BF2CDC6F1CD2DF3C3A4F3505979B0CA21
:10E93200D1F30BD5C5CD35F21FD2ECF3C1D12AC626
:10E94200F97B957A9CD2F4F313C5D5424BCD35F2BF
:10E952001FD2ECF3D1C1C3C0F3173CCD64F2E1D1B5
:10E96200C979B0C2C0F3210000C90E001E20D5062D
:10E97200002A43EF09EBCD5EF1C1CD4FEFCDC3EFDE
:10E98200C3C6F1CD54F10E0CCD18F32A43EF7E111C
:10E9920010001977CDF5F1C8CD44F10E101E0CCD43
:10E9A20001F4CD2DF3C327F40E0CCD18F3CDF5F100
:10E9B200C80E001E0CCD01F4CD2DF3C340F40E0F92
:10E9C200CD18F3CDF5F1C8CDA6F07EF5E5CD5EF11B
:10E9D200EB2A43EF0E20D5CD4FEFCD78F1D1210CAC
:10E9E20000194E210F001946E1F17779BE78CA8BE2
:10E9F200F43E00DA8BF43E802A43EF110F001977C0
:10EA0200C97E23B62BC01A7713231A771B2BC9AFE3
:10EA12003245EF32EAF932EBF9CD1EF1C0CD69F1A0
:10EA2200E680C00E0FCD18F3CDF5F1C8011000CD70
:10EA32005EF109EB2A43EF090E103ADDF9B7CAE895
:10EA4200F47EB71AC2DBF477B7C2E1F47E12BEC21B
:10EA52001FF5C3FDF4CD94F4EBCD94F4EB1ABEC2D2
:10EA62001FF513231ABEC21FF50D13230DC2CDF4D9
:10EA720001ECFF09EB091ABEDA17F5770103000969
:10EA8200EB097E123EFF32D2F9C310F42145EF3575
:10EA9200C9CD54F12A43EFE521ACF92243EF0E012F
:10EAA200CD18F3CDF5F1E12243EFC8EB210F0019A8
:10EAB2000E11AF77230DC246F5210D001977CD8CCB
:10EAC200F1CDFDF3C378F1AF32D2F9CDA2F4CDF599
:10EAD200F1C82A43EF010C00097E3CE61F77CA8386
:10EAE200F5473AC5F9A021D2F9A6CA8EF5C3ACF50D
:10EAF20001020009347EE60FCAB6F50E0FCD18F3F7
:10EB0200CDF5F1C2ACF53AD3F93CCAB6F5CD24F550
:10EB1200CDF5F1CAB6F5C3AFF5CD5AF4CDBBF0AF22
:10EB2200C301EFCD05EFC378F13E0132D5F93EFFC7
:10EB320032D3F9CDBBF03AE3F921E1F9BEDAE6F5D9
:10EB4200FE80C2FBF5CD5AF5AF32E3F93A45EFB795
:10EB5200C2FBF5CD77F0CD84F0CAFBF5CD8AF0CDBE
:10EB6200D1EFCDB2EFC3D2F0C305EF3E0132D5F9FA
:10EB72003E0032D3F9CD54F12A43EFCD47F1CDBB5C
:10EB8200F03AE3F9FE80D205EFCD77F0CD84F00EB6
:10EB920000C26EF6CD3EF032D7F9010000B7CA3B93
:10EBA200F64F0BCD5EF0444DCDBEF37DB4C248F6B8
:10EBB2003E02C301EF22E5F9EB2A43EF01100009FF
:10EBC2003ADDF9B73AD7F9CA64F6CD64F173C36C8A
:10EBD200F64F060009097323720E023A45EFB7C0D9
:10EBE200C5CD8AF03AD5F93D3DC2BBF6C1C5793DE6
:10EBF2003DC2BBF6E52AB9F957772314F28CF6CD5C
:10EC0200E0F12AE7F90E0222E5F9C5CDD1EFC1CD37
:10EC1200B8EF2AE5F90E003AC4F947A5B823C29A1B
:10EC2200F6E122E5F9CDDAF1CDD1EFC1C5CDB8EFEC
:10EC3200C13AE3F921E1F9BEDAD2F677340E0200E5
:10EC420000210000F5CD69F1E67F77F1FE7FC20079
:10EC5200F73AD5F9FE01C200F7CDD2F0CD5AF5212F
:10EC620045EF7EB7C2FEF63D32E3F93600C3D2F07D
:10EC7200AF32D5F9C52A43EFEB212100197EE67F99
:10EC8200F57E17237E17E61F4F7E1F1F1F1FE60FFD
:10EC920047F1236E2C2D2E06C28BF7212000197707
:10ECA200210C00197996C247F7210E00197896E6D1
:10ECB2007FCA7FF7C5D5CDA2F4D1C12E033A45EF65
:10ECC2003CCA84F7210C001971210E001970CD5134
:10ECD200F43A45EF3CC27FF7C1C52E040CCA84F753
:10ECE200CD24F52E053A45EF3CCA84F7C1AFC301E6
:10ECF200EFE5CD69F136C0E1C17D3245EFC378F170
:10ED02000EFFCD03F7CCC1F5C90E00CD03F7CC033E
:10ED1200F6C9EB194E0600210C00197E0FE6808120
:10ED22004F3E0088477E0FE60F8047210E00197E76
:10ED320087878787F58047F5E17DE1B5E601C90E52
:10ED42000CCD18F32A43EF11210019E57223722327
:10ED520072CDF5F1CA0CF8CD5EF1110F00CDA5F719
:10ED6200E1E55F799623789E237B9EDA06F8732B82
:10ED7200702B71CD2DF3C3E4F7E1C92A43EF1120C3
:10ED820000CDA5F7212100197123702377C92AAF7D
:10ED9200F93A42EF4FCDEAF0E5EBCD59EFE1CC473E
:10EDA200EF7D1FD82AAFF94D44CD0BF122AFF9C345
:10EDB200A3F23AD6F92142EFBEC877C321F83EFF4B
:10EDC20032DEF92A43EF7EE61F3D32D6F9FE1ED22D
:10EDD20075F83A42EF32DFF97E32E0F9E6E077CDBC
:10EDE20045F83A41EF2A43EFB677C93E22C301EF15
:10EDF20021000022ADF922AFF9AF3242EF218000AB
:10EE020022B1F9CDDAF1C321F8CD72F1CD51F8C3B7
:10EE120051F4CD51F8C3A2F40E00EB7EFE3FCAC2FC
:10EE2200F8CDA6F07EFE3FC472F1CD51F80E0FCDA3
:10EE320018F3C3E9F12AD9F92243EFCD51F8CD2DC8
:10EE4200F3C3E9F1CD51F8CD9CF3C301F3CD51F8F1
:10EE5200C3BCF5CD51F8C3FEF5CD72F1CD51F8C367
:10EE620024F5CD51F8CD16F4C301F32AAFF9C32925
:10EE7200F93A42EFC301EFEB22B1F9C3DAF12ABF4B
:10EE8200F9C329F92AADF9C329F9CD51F8CD3BF4DB
:10EE9200C301F32ABBF92245EFC93AD6F9FEFFC2F4
:10EEA2003BF93A41EFC301EFE61F3241EFC9CD51C1
:10EEB200F8C393F7CD51F8C39CF7CD51F8C3D2F7FD
:10EEC2002A43EF7D2F5F7C2F2AAFF9A4577DA35FE2
:10EED2002AADF9EB22AFF97DA36F7CA26722ADF9CF
:10EEE200C93ADEF9B7CA91F92A43EF36003AE0F996
:10EEF200B7CA91F9773ADFF932D6F9CD45F82A0F38
:10EF0200EFF92A45EF7D44C9CD51F83E0232D5F9D9
:10EF12000E00CD07F7CC03F6C9E500000000800023
:10EF220000000000000000000000000000000000DF
:10EF320000000000000000000000000000000000CF
:10EF420000000000000000000000000000000000BF
:10EF520000000000000000000000000000000000AF
:10EF620000000000000000000000000000C30000DC
:10EF7200C30000C30000C30000C30000C30000C3FD
:10EF82000000C30000C30000C30000C30000C300B0
:10EF920000C30000C30000C30000C30000C30000A0
:10EFA200C33BFBC34FFBC376FBC382FBC38CFBC3D8
:10EFB20099FBC399FBC399FBC39AFBC39FFBC3CDC8
:10EFC200FBC3D2FBC3E8FBC3F1FBC3F7FBC397FB55
:10EFD200C3D7FB73FA000000000000FCFB8DFAF6B9
:10EFE200FE7CFC73FA000000000000FCFB8DFA06B8
:10EFF200FF9BFC73FA000000000000FCFB8DFA1678
:10F00200FFBAFC73FA000000000000FCFB8DFA2638
:10F01200FFD9FC01070D1319050B111703090F1571
:10F0220002080E141A060C1218040A10161A00030B
:10F032000700F2003F00C0001000020000000000C4
:10F0420000000000FCFBBCFA36FFF8FC00000000E8
:10F0520000000000FCFBBCFA36FFF7FD8000040F45
:10F0620000F707FF03FFFF0000000036344B204388
:10F07200502F4D20566572732E20322E3220285A80
:10F082003830204342494F532056312E3220666F8A
:10F0920072205A383053494D2C20436F707972696F
:10F0A20067687420313938382D3230303720627930
:10F0B2002055646F204D756E6B290D0A00FFFFFF0E
:10F0C200FFFFFFFFFFFFFFFFFFFFFFFFFFFFFFFF4E
:10F0D2007EB7C84FCD8CFB23C330FBF331800021B8
:10F0E200CBFACD30FBAF320300320400C355FBF341
:10F0F200318000DB463EC33200002103FA220100C8
:10F102003205002106EC220600018000CDE8FB3A20
:10F1120004004FC300E4DB01E602CA80FB3EFFC9E4
:10F12200AFC9DB01E602CA82FBDB00C9DB01E601F3
:10F13200CA8CFB79D300C93EFFC9AF3221FBC9217A
:10F14200000079FE04DAB3FBFE08CAC0FBFE09CA5E
:10F15200C6FBC93220FB6F292929291133FA19C9A3
:10F16200219CFAC3C9FB21ACFA3220FBC9793221B6
:10F17200FBC9793222FBC97AB3C2E2FB69602CC0B7
:10F1820024C9EB096E2600C9793223FB783224FBAD
:10F19200C9DB52DB4EB7C9DB53DB4EC900000000AE
:10F1A200000000000000000000000000000000005D
:10F1B200000000000000000000000000000000004D
:10F1C200000000000000000000000000000000003D
:10F1D200000000000000000000000000000000002D
:10F1E200000000000000000000000000000000001D
:10F1F200000000000000000000000000000000000D
:10F2020000000000000000000000000000000000FC
:10F2120000000000000000000000000000000000EC
:10F2220000000000000000000000000000000000DC
:10F2320000000000000000000000000000000000CC
:10F2420000000000000000000000000000000000BC
:10F2520000000000000000000000000000000000AC
:10F26200000000000000000000000000000000009C
:10F27200000000000000000000000000000000008C
:10F28200000000000000000000000000000000007C
:10F29200000000000000000000000000000000006C
:10F2A200000000000000000000000000000000005C
:10F2B200000000000000000000000000000000004C
:10F2C200000000000000000000000000000000003C
:10F2D200000000000000000000000000000000002C
:10F2E200000000000000000000000000000000001C
:10F2F200000000000000000000000000000000000C
:10F3020000000000000000000000000000000000FB
:10F3120000000000000000000000000000000000EB
:10F3220000000000000000000000000000000000DB
:10F3320000000000000000000000000000000000CB
:10F3420000000000000000000000000000000000BB
:10F3520000000000000000000000000000000000AB
:10F36200000000000000000000000000000000009B
:10F37200000000000000000000000000000000008B
:10F38200000000000000000000000000000000007B
:10F39200000000000000000000000000000000006B
:10F3A200000000000000000000000000000000005B
:10F3B200000000000000000000000000000000004B
:10F3C200000000000000000000000000000000003B
:10F3D200000000000000000000000000000000002B
:10F3E200000000000000000000000000000000001B
:10F3F200000000000000000000000000000000000B
:10F4020000000000000000000000000000000000FA
:10F4120000000000000000000000000000000000EA
:10F4220000000000000000000000000000000000DA
:10F4320000000000000000000000000000000000CA
:10F4420000000000000000000000000000000000BA
:10F4520000000000000000000000000000000000AA
:10F46200000000000000000000000000000000009A
:10F47200000000000000000000000000000000008A
:10F48200000000000000000000000000000000007A
:10F49200000000000000000000000000000000006A
:10F4A200000000000000000000000000000000005A
:10F4B200000000000000000000000000000000004A
:10F4C200000000000000000000000000000000003A
:10F4D200000000000000000000F3C38700FFFFFFF0
:10F4E200FFFFFFFFFFFFFFFFFFFFFFFFFFFFFFFF2A
:10F4F200FFFFFFFFFFFFFFFFFFFFFFFFFFFFFFFF1A
:10F50200FFFFFFFFFFFFFFFFFFFFFFFFFFFFC33B09
:10F5120000C9FFFFFFFFFFFFFFFFFFFFFFFFFFFF2E
:10F52200FFFFFFFFFFFFFFFFFFFFFFFFFFFFFFFFE9
:10F53200FFFFFFFFFFFFFFFFFFFFFFFFFFFFFFFFD9
:10F54200FFFFFFFFFFFFFFFFFFFFFFFFFFFFFFFFC9
:10F55200FFFFFFFFFFFF0D0A49504C3A00F33180D5
:10F56200003E7F3CEAC30001FFFFC5F1F5D17BE617
:10F5720022CA82027BE62AFE02CA98017BE60AFEC2
:10F582000ACAE5017BE62AFE22C22203010000C567
:10F59200F1F5D17BE62ACA330201FF00ED4C78B1C6
:10F5A200C2D3023EC0ED393F3E00ED39F23E00EDDE
:10F5B20039F63E7FED39FEED38FEE68020753EE0FD
:10F5C200ED39FEAFED39D2ED38D2E64020652600A6
:10F5D2003A4101843241017CE6030707672E013A72
:10F5E2004B0185324B017DE6038407070707ED399E
:10F5F200F23E80ED39DF3EFFED39DE212B01C322E1
:10F60200035A38533138302072756E6E696E672036
:10F612006D656D6F727920307761697420492F4F63
:10F6220020317761697420327820636C6F636B0DCF
:10F632000A0A00216301C3220348443634313830B8
:10F642002072756E6E696E67206D656D6F727920BE
:10F65200307761697420492F4F20317761697420B6
:10F66200302E357820636C6F636B0D0A0A00219E81
:10F6720001C3220369383038302072756E6E696EAC
:10F68200672028666C616720626974322069732082
:10F692005061726974792061667465722061726961
:10F6A20074686D617469632C20626974353331202A
:10F6B200697320303031290D0A0A0021EB01C3227F
:10F6C2000375504438303830412072756E6E696E61
:10F6D200672028666C616720626974322069732032
:10F6E2005061726974792061667465722061726911
:10F6F20074686D617469632C2062697433312069A6
:10F7020073203131290D0A0A00213902C32203690B
:10F71200383038352072756E6E696E672028666CD7
:10F722006167206269743220697320506172697462
:10F73200792061667465722061726974686D6174A2
:10F7420069632C20626974352C3120777269746187
:10F75200626C65290D0A0A00218802C322034D59F1
:10F7620043505538302072756E6E696E6720286678
:10F772006C6167206269743220697320506172691A
:10F7820074792061667465722061726974686D6152
:10F792007469632C20626974312C3520616C776145
:10F7A20079732030290D0A0A0021D902C322035A93
:10F7B20038302072756E6E696E672028666C6167DC
:10F7C2002062697432206973204F766572666C6FAD
:10F7D200772061667465722061726974686D617404
:10F7E20069632C206E6F204D4C542066756E6374D5
:10F7F200696F6E290D0A0A00EB218000CD3403EBFC
:10F80200CD3403DB47DB46C300FA7EB7C84FCD3F9A
:10F812000323C33403DB01E601CA3F0379D300C9E2
:10F82200534420436172643A207265616435313217
:10F832003A20435243206572726F72202825303479
:10F842007820213D20253034782C2072657472791D
:10F852003D2564290A0D00496D6167652066696C62
:10F86200652025732F445249564525632E44534B38
:10F872002069732061737369676E656420746F20F9
:10F8820064726976652025630A0D00534420436142
:10F8920072643A2020726561643531323A206164C3
:10F8A20064723D25386C642C206F6666733D256456
:10F8B2002C20636F756E743D25640A0D005344203D
:10F8C200436172643A2077726974653531323A2045
:10F8D200616464723D25386C642C206F6666733DEA
:10F8E20025642C20636F756E743D25640A0D0053E8
:10F8F2004420436172643A2077726974653531320B
:10F902003A206661696C656420746F2067657420B3
:10F91200746F6B656E2C2074696D656F75740A0D5A
:10F92200006469736B5F696F63746C3A2070647210
:10F93200763D25642C20636D643D25642C20627520
:10F9420066663D3078256C783A207265733D256491
:10F952000A0D00534420436172643A20777269743D
:10F96200653531323A2074696D656F75742C207279
:10F972006573706F6E736520697320253032780A63
:10F982000D00534420436172643A20434D4435389C
:10F992002C2052333D2530327820253032782025F4
:10F9A200303278202530327820253032780A0D0026
:10F9B20025733A204552524F523A20636C6F636B63
:10F9C200207370656564202564206973206E6F74EE
:10F9D20020737570706F727465640A0D0053442051
:10F9E200436172643A20434D44382C2052373D25FE
:10F9F2003032782025303278202530327820253078
:10FA0200327820253032780A0D006469736B5F69A1
:10FA12006F63746C3A20706472763D25642C2063A7
:10FA22006D643D25643A204E6F742068616E646C8B
:10FA320065642E0A0D006469736B5F726561643AD6
:10FA42002020706472763D25642C20736563746F88
:10FA5200723D256C642C20636F756E743D25640ABB
:10FA62000D006469736B5F77726974653A20706424
:10FA720072763D25642C20736563746F723D256C2C
:10FA8200642C20636F756E743D25640A0D00534427
:10FA920020436172643A20434353202843617264D5
:10FAA2002043617061636974792053746174757362
:10FAB2002920697320300A0D005344204361726487
:10FAC2003A2077726974653531323A2043524320C5
:10FAD2006572726F72202872657472793D2564298D
:10FAE2000A0D00534420436172643A2043617264F8
:10FAF20020706F77657220757020737461747573EE
:10FB02002062697320697320300A0D0055736520E5
:10FB12004E434F312D3E52413320252E3266204D29
:10FB2200487A20666F72203830383520636C6F63F4
:10FB32006B0A0D0072656164204D42522070617241
:10FB4200746974696F6E207461626C6520617420DF
:10FB5200736563746F7220300A0D00534420436151
:10FB620072643A2053444843206F722053445843EE
:10FB720020636172642064657465637465640A0D50
:10FB82000025733A204552524F523A206D6F6465F8
:10FB9200202564206973206E6F7420737570706FF6
:10FBA200727465640A0D005741524E494E473A201D
:10FBB200756E6B6E6F776E20492F4F207265616490
:10FBC20020282530325848290A0D00534420436129
:10FBD20072643A20696E697469616C697A65202E73
:10FBE2002E2E207375636365656465640A0D005388
:10FBF2004420436172643A20756E6578706563745F
:10FC0200656420726573706F6E736520253032787B
:10FC12000A0D00534420436172643A2041434D442B
:10FC2200343120726573706F6E736520697320259D
:10FC32003032780A0D00534420436172643A2077CF
:10FC4200726974653531323A20746F6B656E206962
:10FC52007320253032780A0D0053442043617264C8
:10FC62003A20434D44353920726573706F6E736567
:10FC720020697320253032780A0D004D656D6F7250
:10FC82007920303030303030202D202530366C58FD
:10FC920048202564204B42204F4B0D0A00706172B0
:10FCA200746974696F6E2073746172747320617405
:10FCB20020736563746F7220256C640A0D00665FA1
:10FCC200777269746528293A204552524F52207240
:10FCD20065733D25642C206E3D25640A0D00665F28
:10FCE2007265616428293A204552524F522072654A
:10FCF200733D25642C206E3D25640A0D00426F6120
:10FD020072643A2053424338303830202B20454D1C
:10FD1200555A38302D3537510A0D006661696C65C8
:10FD22006420746F20777269746520736563746FE1
:10FD32007220256C640A0D000A0D5344204361723F
:10FD4200643A20696E697469616C697A65202E2E45
:10FD52002E0A0D006661696C656420746F207265FD
:10FD6200616420736563746F7220256C640A0D00F0
:10FD72004661696C656420746F206D6F756E7420C6
:10FD8200534420436172642E0A0D005344204361A0
:10FD920072643A2041434D4434312C2052313D2586
:10FDA2003032780A0D004661696C656420746F20F8
:10FDB2006F70656E20534420436172642E2E0A0DCB
:10FDC200006661696C656420746F207265616420ED
:10FDD200736563746F7220300A0D005344204361CF
:10FDE20072643A206E6F74207375706F70727465EE
:10FDF200640A0D00534420436172643A20434D4427
:10FE0200302C2052313D253032780A0D002020203E
:10FE120020202020202020202020202020202020E0
:10FE2200202020200D007761697420666F72207097
:10FE3200726F6772616D6D6572202E2E2E0D0064D9
:10FE420069736B5F696E697469616C697A6528258B
:10FE520064292E2E2E0A0D004D656D6F72792030A9
:10FE62003030303030202D202530366C58480D008F
:10FE720025732535337320434845434B53554D3A3B
:10FE820020253032780A0D00706879736963616CDD
:10FE92002064726976657220213D20300A0D006669
:10FEA2005F6C7365656B28293A204552524F522088
:10FEB20025640A0D00665F73796E6328293A20452E
:10FEC20052524F522025640A0D006E6F2046415453
:10FED200333220706172746974696F6E0A0D005357
:10FEE2004420436172643A2074696D656F75740AC7
:10FEF2000D006E6F204D4252207369676E617475FA
:10FF020072650A0D00534420436172643A2072659F
:10FF12006164792E0A0D0025732069732073656C64
:10FF220065637465642E0A0D0073656C65637420E5
:10FF32004552524F522025640A0D006E6F207661A1
:10FF42006C696420766F6C756D650A0D00535049BB
:10FF52005F53445F636F6E666967757265004E6FCB
:10FF620020626F6F74206469736B2E0A0D00257313
:10FF72002F445249564525632E44534B002A2B2CBD
:10FF82003A3B3C3D3E5B5D7C223F7F004E6F2053FF
:10FF92004420436172643F0A0D0025643A202573B0
:10FFA2000A0D0053656C6563743A200043504D445A
:10FFB20049534B53004641543332202020002573CD
:10FFC2002530366C783A0043504D4449537E002523
:10FFD20073253034783A00286E756C6C2900202520
:10FFE200303278006661743A200053443A2000307F
:0DFFF2003A2F2F00696E66006E616E0000F0
:020000040001F9
:10000000000E0501816F4AC582F54BC583F54CC5CD
:1000100084F54DC585F585AF14D0010E816F82C57D
:1000200001F583C502F584C503F585C504F5C9EC62
:10003000CEF001C582F502C583F503C584F504C57C
:1000400085F5000E876F000E866F13C771F514C714
:1000500072F58151D8B40DD08151D8A404D0000ECE
:10006000676F2B0E03D0000E676F2D0E666F66C58F
:1000700081F582C501F583C502F584C503F585C503
:1000800004F521ECC2F001040210D8A42DD0050122
:100090008151D8B409D081C52DF77107D8A0720756
:1000A000000E876F010E866F2D0E8625016E070EDE
:1000B0008721026EF60E036EFF0E046E7EECCEF00C
:1000C0000501FD0E7127FF0E722348C512F549C5C3
:1000D00013F52D0E146E070E156E71C516F572C54B
:1000E00017F504ECCAF0120082C501F583C502F5CC
:1000F00084C503F585C504F521ECC2F0015002105A
:10010000D8A41AD005018151D8B409D081C52DF7E2
:100110007107D8A07207000E876F010E866F2D0E33
:100120008625016E070E8721026EFA0E036EFF0E02
:10013000046E7EECCEF0C4D7000E0501886F000E71
:10014000896F800E8A6F3F0E8B6F000E706F000EEE
:100150006F6F82C501F583C502F584C503F585C5BA
:1001600004F5000E056E000E066E000E076E000E02
:10017000086EBCECC8F0D8A00CD0BED073C588F512
:1001800074C589F575C58AF576C58BF505016F4B84
:10019000702B88C501F589C502F58AC503F58BC5A5
:1001A00004F5000E056E000E066E200E076E410E61
:1001B000086E15ECA2F001C573F502C574F503C510
:1001C00075F504C576F505017351825D016E7451B4
:1001D0008359026E75518459036E76518559046EA8
:1001E000F3ECCCF004BECAD704500310021004E1B3
:1001F000020E015CD8A0C2D773C51AF574C51BF5F1
:1002000075C51CF576C51DF582C51EF583C51FF5A0
:1002100084C520F585C521F552ECC1F0D8A0AED734
:1002200005018851825D016E89518359026E8A51A0
:100230008459036E8B518559046EF3ECCCF004BEE7
:1002400008D004500310021043E1020E015CD8B044
:100250003FD088C582F589C583F58AC584F58BC5ED
:1002600085F54AD088C51BF589C51CF58AC51DF5DD
:100270008BC51EF5000E1F6E000E206E200E216E27
:10028000410E226E61ECA9F01BC588F51CC589F5ED
:100290001DC58AF51EC58BF505016F07D8A070072F
:1002A0008851825D016E89518359026E8A51845949
:1002B000036E8B518559046EF3ECCCF004BEC9D7A4
:1002C00004500310021004E1020E015CD8A0C1D753
:1002D00082C51AF583C51BF584C51CF585C51DF5BA
:1002E00088C51EF589C51FF58AC520F58BC521F582
:1002F00052ECC1F0D8A0B6D74EC569F569C56AF50C
:10030000070116BF05D015C762F516C763F505D0FE
:10031000000E0501636F060E626F62C56DF563C561
:100320006EF505016D4B6E2B660E6A19D8A416D0BA
:1003300070AF0CD0000E886F000E896F800E8A6F30
:100340003F0E8B6F000E706F000E6F6F670E691996
:10035000D8B404D06F516D2770516E23000E806F9A
:10036000000E7F6F82C577F583C578F584C579F572
:1003700085C57AF588C573F589C574F58AC575F59F
:100380008BC576F57BD077C51BF578C51CF579C58F
:100390001DF57AC51EF588C51FF589C520F58AC5E6
:1003A00021F58BC522F561ECA9F01BC534F51CC500
:1003B00035F51DC536F51EC537F5B1ECB4F034C5BD
:1003C0007BF535C57CF536C57DF537C57EF57BC536
:1003D00001F57CC502F57DC503F57EC504F570EC1D
:1003E000C4F001C56BF502C56CF577C51AF578C583
:1003F0001BF579C51CF57AC51DF57BC505F57CC5D2
:1004000006F57DC507F57EC508F588C501F589C5E2
:1004100002F58AC503F58BC504F515ECA2F001C5FC
:100420001EF502C51FF503C520F504C521F561ECD5
:10043000CDF01AC577F51BC578F51CC579F51DC536
:100440007AF588C51BF589C51CF58AC51DF58BC5D0
:100450001EF5000E1F6E000E206E200E216E410E46
:10046000226E61ECA9F01BC588F51CC589F51DC578
:100470008AF51EC58BF505017F4B802B6D517F5D85
:100480008051800A4F6E6E51800A4F58D8A07BD79A
:1004900088C501F589C502F58AC503F58BC504F544
:1004A000000E056E000E066EA00E076E400E086E62
:1004B00015ECA2F001C57BF502C57CF503C57DF501
:1004C00004C57EF577C51AF578C51BF579C51CF509
:1004D0007AC51DF57BC51EF57CC51FF57DC520F5CC
:1004E0007EC521F552ECC1F0D8B003D0000E050155
:1004F00018D077C501F578C502F579C503F57AC539
:1005000004F57BC505F57CC506F57DC507F57EC5FB
:1005100008F5BCECC8F0D8A00BD005016BB108D031
:10052000000E7B6F000E7C6F000E7D6F000E7E6FE5
:1005300082C501F583C502F584C503F585C504F5BB
:100540007BC505F57CC506F57DC507F57EC508F5B7
:10055000ABECA3F001C577F502C578F503C579F5D5
:1005600004C57AF577C51AF578C51BF579C51CF56C
:100570007AC51DF5000E056E000E066E200E076E84
:10058000410E086E73C501F574C502F575C503F516
:1005900076C504F515ECA2F001C51EF502C51FF5E0
:1005A00003C520F504C521F552ECC1F0D8A024D034
:1005B00005016F4B702B73C501F574C502F575C548
:1005C00003F576C504F5000E056E000E066E200ECE
:1005D000076E410E086E15ECA2F001C573F502C559
:1005E00074F503C575F504C576F5660E05016A193F
:1005F000D8A402D06D4B6E2B73C588F574C589F5F0
:1006000075C58AF576C58BF56FC560F570C561F562
:10061000000E0501686F000E656F000E646F000E1E
:10062000806F000E7F6FCDD077C51BF578C51CF5A8
:1006300079C51DF57AC51EF588C51FF589C520F554
:100640008AC521F58BC522F561ECA9F01BC534F5EF
:100650001CC535F51DC536F51EC537F5B1ECB4F032
:1006600034C57BF535C57CF536C57DF537C57EF5DA
:100670007BC501F57CC502F57DC503F57EC504F596
:1006800070ECC4F002BE06D0025013E10A0E015C09
:10069000D8B00FD07BC501F57CC502F57DC503F54B
:1006A0007EC504F570ECC4F001C56BF502C56CF5B0
:1006B00005D0000E05016C6F090E6B6F05016851C6
:1006C000D8B461AF20D02D0E8625D96E070E8721B4
:1006D000DA6E2E0EDF6E864B872B7107D8A072075D
:1006E000010E686F10D02D0E8625D96E070E87215A
:1006F000DA6E300EDF6E864B872B7107D8A072073B
:100700006407D8A0650764516511D8A4ECD72D0EF5
:100710008625D96E070E8721DA6E6B51300FDF6E9A
:10072000864B872B7107D8A0720777C51AF578C555
:100730001BF579C51CF57AC51DF57BC505F57CC58E
:1007400006F57DC507F57EC508F588C501F589C59F
:1007500002F58AC503F58BC504F515ECA2F001C5B9
:100760001EF502C51FF503C520F504C521F561EC92
:10077000CDF01AC577F51BC578F51CC579F51DC5F3
:100780007AF588C51BF589C51CF58AC51DF58BC58D
:100790001EF5000E1F6E000E206E200E216E410E03
:1007A000226E61ECA9F01BC588F51CC589F51DC535
:1007B0008AF51EC58BF505016007D8A061077F4B40
:1007C000802B6D517F5D8051800A4F6E6E51800A83
:1007D0004F58D8B008D087BF27D7875104E14B0EB8
:1007E000865DD8A021D7000E806F4F0E7F6F2D0E33
:1007F0007F25D96E070E8021DA6EDF6A2D0E4F6ECF
:10080000070E506E86514F5E8751505A7F514F24CC
:10081000016E80515020026E2D0E036E070E046E85
:1008200086C505F587C506F5A6ECCDF00501865110
:100830007F5D866F87518059876F8151D8B402D010
:10084000010E01D0000E7F6F806B070127B30FD020
:1008500023D08607D8A087072D0E8625D96E070ED0
:100860008721DA6E300EDF6E7107D8A0720705019E
:1008700071517F5D8051800A4F6E7251800A4F58CE
:10088000D8B00AD086517F5D8051800A4F6E875163
:10089000800A4F58D8A0DDD705018151D8B40BD0BC
:1008A0008607D8A087072D0E8625D96E070E8721CB
:1008B000DA6E81C5DFF47F51715F8051725B48C58C
:1008C00012F549C513F52D0E8625146E070E8721E6
:1008D000156E71C516F572C517F504ECCAF0120055
:1008E00083C6D9F484C6DAF4DE6ADD6A81C601F50E
:1008F00082C602F54FECB9F001C592F602C593F637
:10090000060193AF02D00B0E1200D8909235D96E2B
:100910009335DA6E230ED926070EDA22DEC4ADF641
:10092000DDC4AEF6AD51AE11D8A402D00C0E12004B
:1009300083C6D9F484C6DAF4ADC6DEF4AEC6DDF4FF
:100940008591ADC6D9F4AEC6DAF4DF50D8B415D06F
:1009500020EE01F0AD51D926AE51DA22DF506EEC17
:10096000CFF00601A26FA2B108D08551D8A4A2A5EC
:1009700002D00A0E1200000E1200ADC6D9F4AEC6A7
:10098000DAF4DF6A20EE01F0AD51D926AE51DA2259
:10099000DF50FFECBCF00601A26FA2A102D0030E53
:1009A00012008551D8B402D0A2B5E3D7ADC618F66F
:1009B000AEC619F6000E1B6F000E1A6F1EECB7F0D4
:1009C00018C6ABF619C6ACF6040EAB19AC11D8A418
:1009D00002D0010E1200AC5104E1020EAB5DD8A0B2
:1009E00002D00D0E120020EE2CF0AD51D926AE51E2
:1009F000DA22DEC49EF6DEC49FF6DEC4A0F6DEC4B4
:100A0000A1F63B0EAD25016E000EAE21026E2AEC62
:100A1000CEF0020E02180110D8A4E3D7460E06014C
:100A2000AD25016E000EAE21026E2AECCEF001C59E
:100A3000A7F602C5A8F60601A96BAA6BA751A811D3
:100A4000A911AA11D8A410D0540EAD25016E000E24
:100A5000AE21026ECDECC4F001C5A7F602C5A8F622
:100A600003C5A9F604C5AAF620EE18F0AD51D926A3
:100A7000AE51DA22A7C6DEF4A8C6DEF4A9C6DEF4BB
:100A8000AAC6DEF420EE40F0AD51D926AE51DA22EE
:100A900010EE03F0AD51E126AE51E222DFC4E7F4DF
:100AA00020EE03F0AD51D926AE51DA22DE04D8B4DF
:100AB0000AD020EE03F0AD51D926AE51DA22020E53
:100AC000DE18D8A48ED7A7C601F5A8C602F5A9C618
:100AD00003F5AAC604F520EE03F0AD51D926AE51B8
:100AE000DA22DF50866F8651056E066A076A086A49
:100AF00028ECCCF001C5A7F602C5A8F603C5A9F6F7
:100B000004C5AAF6060120EE3DF0AD51D926AE513E
:100B1000DA22DF50866F876B20EE0AF0AD51D926BE
:100B2000AE51DA2286C6DEF487C6DDF420EE0AF086
:100B3000AD51D926AE51DA22DE50DE10D8B451D7ED
:100B400020EE0AF0AD51D926AE51DA22DEC486F687
:100B5000DDC487F620EE0AF0AD51D926AE51DA2277
:100B6000DEC488F6DDC489F6FF0E88258A6FFF0E85
:100B700089218B6F86518A158C6F87518B158D6FEC
:100B80008C518D11D8A42DD7410EAD25016E000ECC
:100B9000AE21026E2AECCEF0060120EE08F0AD5137
:100BA000D926AE51DA2201C5DEF402C5DDF420EE0D
:100BB00008F0AD51D926AE51DA22DF50866F0F0E04
:100BC0008617D8A40ED7430EAD25016E000EAE21B8
:100BD000026E2AECCEF001C59AF602C59BF606011C
:100BE0009C6B9D6B9A519B119C119D11D8A410D0A8
:100BF000500EAD25016E000EAE21026ECDECC4F09C
:100C000001C59AF602C59BF603C59CF604C59DF680
:100C10003E0EAD25016E000EAE21026E2AECCEF026
:100C200001C598F602C599F6060198519911D8B4F4
:100C3000D8D620EE08F0AD51D926AE51DA22DEC466
:100C400086F6DDC487F6040E886FD8908733863326
:100C5000882FFBD798518625896F995187218A6FF4
:100C60008B6BD8B08B2B8C6BA7518925946FA851B7
:100C70008A21956FA9518B21966FAA518C21976F6C
:100C800094519A5D95519B5996519C5997519D59F4
:100C9000D8A0A7D694519A5D016E95519B59026ECA
:100CA00096519C59036E97519D59046E20EE0AF09F
:100CB000AD51D926AE51DA22DEC486F6DDC487F600
:100CC00086C605F587C606F5076A086A83ECC9F08B
:100CD00001C5A3F602C5A4F603C5A5F604C5A6F68C
:100CE000A351A411A511A611D8B47BD6000EAC6FE8
:100CF000000EAB6FF60EA35DFF0EA459FF0EA559B3
:100D00000F0EA659D8B004D0000EAC6F030EAB6F17
:100D1000A651A5110AE1F60EA35DFF0EA459D8B0A5
:100D200004D0000EAC6F020EAB6FA651A5110AE104
:100D3000F60EA35D0F0EA459D8B004D0000EAC6F10
:100D4000010EAB6FAB51AC11D8B44BD6020EA3253C
:100D5000866F000EA421876F000EA521886F000EFC
:100D6000A621896F20EE14F0AD51D926AE51DA22BA
:100D700086C6DEF487C6DEF488C6DEF489C6DEF4F5
:100D800020EE1CF0AD51D926AE51DA229EC6DEF41B
:100D90009FC6DEF4A0C6DEF4A1C6DEF498519E25FF
:100DA000866F99519F21876F000EA021886F000EDA
:100DB000A121896F20EE20F0AD51D926AE51DA2263
:100DC00086C6DEF487C6DEF488C6DEF489C6DEF4A5
:100DD00094519E25866F95519F21876F9651A02132
:100DE000886F9751A121896F20EE28F0AD51D92647
:100DF000AE51DA2286C6DEF487C6DEF488C6DEF49B
:100E000089C6DEF4030EAB19AC11D8A44CD05A0E2F
:100E1000AD25016E000EAE21026E2AECCEF001501F
:100E20000210D8A4DED5060120EE08F0AD51D92677
:100E3000AE51DA22DE50DE10D8A4D3D55C0EAD253B
:100E4000016E000EAE21026ECDECC4F020EE24F057
:100E5000AD51D926AE51DA2201C5DEF402C5DEF469
:100E600003C5DEF404C5DEF420EE14F0AD51D9263E
:100E7000AE51DA22DEC486F6DEC487F6DEC488F61A
:100E8000DEC489F6020ED8908637873788378937CF
:100E9000E82EF9D786C68EF687C68FF688C690F6F6
:100EA00089C691F692D020EE08F0AD51D926AE5108
:100EB000DA22DE50DE10D8B494D520EE20F0AD5109
:100EC000D926AE51DA22DEC486F6DEC487F6DEC449
:100ED00088F6DEC489F6A75186258A6FA851872136
:100EE0008B6FA95188218C6FAA5189218D6F20EEBB
:100EF00024F0AD51D926AE51DA228AC6DEF48BC673
:100F0000DEF48CC6DEF48DC6DEF4020EAB19AC1135
:100F1000D8B444D020EE14F0AD51D926AE51DA2227
:100F2000DEC486F6DEC487F6DEC488F6DEC489F643
:100F3000010E86158A6F000E87158B6F000E8815BF
:100F40008C6F000E89158D6F20EE14F0AD51D926EF
:100F5000AE51DA22DEC401F5DEC402F5DEC403F5CB
:100F6000DEC404F5030E056E000E066E000E076E5D
:100F7000000E086E28ECCCF0D89004320332023216
:100F8000013206018A5101248E6F8B5102208F6F2E
:100F90008C510320906F8D51042016D020EE14F058
:100FA000AD51D926AE51DA22DEC486F6DEC487F60C
:100FB000DEC488F6DEC489F6D89086358E6F873514
:100FC0008F6F8835906F8935916FFF0E8E25866FF4
:100FD000010E8F21876F000E9021886F000E9121E6
:100FE000896F0A0E05D0D8908933883387338633CA
:100FF000E82EF9D720EE18F0AD51D926AE51DA22FD
:101000008651DE5C8751DE588851DE588951DE58A2
:10101000D8A0E7D420EE10F0AD51D926AE51DA2297
:10102000FF0EDE6EFF0EDE6EFF0EDE6EFF0EDD6E5D
:10103000DD52DD5210EE0CF0AD51E126AE51E22250
:10104000DEC4E6F4DEC4E6F4DEC4E6F4DEC4E6F4B0
:1010500020EE05F0AD51D926AE51DA22800EDF6EBA
:10106000030EAB19AC11D8A490D0600EAD25016E63
:10107000000EAE21026E2AECCEF001040210D8A4BC
:1010800084D0ADC600F6AEC601F6010E06019E255F
:10109000026F000E9F21036F000EA021046F000E4F
:1010A000A121056F12ECC4F00009D8A46ED006018E
:1010B00020EE05F0AD51D926AE51DA22DF6A2E0EB0
:1010C000AD25016E020EAE21026E2AECCEF0550E59
:1010D00001185BE1AA0E0218D8A457D0300E060101
:1010E000AD25016E000EAE21026ECDECC4F0520EA5
:1010F00001184BE1520E021848E1610E031845E158
:10110000410E0418D8A441D0140EAD25016E020E74
:10111000AE21026ECDECC4F0720E011836E1720EF3
:10112000021833E1410E031830E1610E0418D8A40F
:101130002CD0180EAD25016E020EAE21026ECDEC44
:10114000C4F020EE10F0AD51D926AE51DA2201C51F
:10115000DEF402C5DEF403C5DEF404C5DEF41C0EC5
:10116000AD25016E020EAE21026ECDECC4F020EE74
:101170000CF0AD51D926AE51DA2201C5DEF402C51C
:10118000DEF403C5DEF404C5DEF4ADC6D9F4AEC6A4
:10119000DAF4ABC6DFF40701214B222B060120EE67
:1011A00006F0AD51D926AE51DA2221C7DEF422C7AE
:1011B000DDF4BBEF84F04AC661F64BC662F64EC65C
:1011C000D9F44FC6DAF4DE6ADD6A48C6A6F549C628
:1011D000A7F5710E0501A86F060EA96F51ECC3F0BB
:1011E0000601606F6051D8A40BD020EE0FF048517B
:1011F000D9264951DA22DF50606F6051D8B402D04D
:101200006051120020EE0EF04851D9264951DA22E1
:10121000DFB202D0070E120020EE10F04851D9269E
:101220004951DA2210EE10F04851E1264951E222EC
:10123000E6C454F6E6C455F6E6C456F6E6C457F6D8
:101240004C515425586F4D515521596F000E562160
:101250005A6F000E57215B6FDE50585DDE505959B2
:10126000DE505A59DE505B59D8B00ED020EE10F047
:101270004851D9264951DA22DEC450F6DDC451F670
:10128000501D4C6F511D4D6F4C514D11D8B405D3AD
:1012900020EE10F04851D9264951DA22FF0EDE1413
:1012A000506F010EDE14516F000EDE14526F000EEF
:1012B000DE14536F5051511152115311D8A449D219
:1012C00020EE10F04851D9264951DA22DEC450F6FA
:1012D000DEC451F6DEC452F6DEC453F60A0E05D063
:1012E000D8905333523351335033E82EF9D720EE90
:1012F0000AF07151D9267251DA22DEC454F6DDC4E7
:1013000055F6FF0E5425566FFF0E5521576F50515D
:101310005615636F51515715646F63516411D8A40A
:101320009CD020EE10F04851D9264951DA22DE50E7
:10133000DE10DE10DE10D8A423D020EE06F04851D7
:10134000D9264951DA22DEC467F6DEC468F6DEC467
:1013500069F6DEC46AF66751681169116A11D8A48A
:101360002BD048C62BF649C62CF6000E2D6F000E6A
:101370002E6F000E2F6F000E306F94EC98F014D08B
:1013800048C62BF649C62CF620EE14F04851D92653
:101390004951DA22DEC42DF6DEC42EF6DEC42FF665
:1013A000DEC430F694EC98F02BC667F62CC668F6CF
:1013B0002DC669F62EC66AF66751681169116A1161
:1013C000D8B46BD26705681169116A11D8A40AD024
:1013D00020EE0FF04851D9264951DA22020EDF6E75
:1013E000020E1200672911E168290FE169290DE158
:1013F0006A29D8A40AD020EE0FF04851D9264951C5
:10140000DA22010EDF6E010E120020EE14F04851B8
:10141000D9264951DA2267C6DEF468C6DEF469C609
:10142000DEF46AC6DEF420EE06F04851D9264951B2
:10143000DA22DE50DE10DE10DE10D8A40ED020EE50
:1014400006F04851D9264951DA2267C6DEF468C64B
:10145000DEF469C6DEF46AC6DEF420EE0EF0485112
:10146000D9264951DA22DFAE33D0220E48250501B4
:10147000E26F000E060149210501E36F060120EE2F
:1014800018F04851D9264951DA22DEC4E4F5DEC409
:10149000E5F5DEC4E6F5DEC4E7F5000E0501E96F0B
:1014A000010EE86F060120EE01F07151D92672514C
:1014B000DA22DF5001ECC9F00009D8A439D10601C5
:1014C00020EE0EF04851D9264951DA227F0EDF1660
:1014D00071C60DF572C60EF520EE14F04851D926EE
:1014E0004951DA22DEC40FF5DEC410F5DEC411F571
:1014F000DEC412F5B2ECC3F00DC56DF60EC56EF686
:101500000FC56FF610C570F606016D516E116F11A3
:101510007011D8B45DD763516D2764516E23000EEE
:101520006F23000E70234CC650F64DC651F6090EBF
:10153000526FD89051335033522FFBD750C665F6B7
:1015400051C666F665516611D8B4A7D065516325BA
:10155000506F66516421516F20EE0AF07151D92607
:101560007251DA225051DE5C5151DE58D8B010D0A1
:1015700020EE0AF07151D9267251DA22DEC450F6FB
:10158000DDC451F66351505D656F64515159666F0A
:1015900061C6E2F562C6E3F56DC6E4F56EC6E5F533
:1015A0006FC6E6F570C6E7F565C6E8F566C6E9F507
:1015B00020EE01F07151D9267251DA22DF5001EC90
:1015C000C9F00009D8A4B4D006016551506F665126
:1015D000516F526B536B20EE18F04851D926495188
:1015E000DA22DEC454F6DEC455F6DEC456F6DEC496
:1015F00057F66D51545D586F6E515559596F6F5173
:1016000056595A6F705157595B6F5051585D51512F
:10161000595952515A5953515B59D8B02FD0220EB3
:101620004825016E000E4921026E20EE18F0485147
:10163000D9264951DA22DEC450F6DDC451F66D5187
:10164000505F6E51515B090ED89050375137E82EDC
:10165000FBD750516125036E51516221046E020E79
:10166000066E000E056EA6ECCDF0060120EE0EF023
:101670004851D9264951DA227F0EDF1665C650F649
:1016800066C651F6090ED89050375137E82EFBD771
:1016900050C66BF651C66CF6ADD020EE18F048512E
:1016A000D9264951DA226D51DE180AE16E51DE1851
:1016B00007E16F51DE1804E17051DE18D8B43AD05A
:1016C00020EE0AF04851D9264951DA2210EE10F0E6
:1016D0004851E1264951E222DE50E65CDE50E658F0
:1016E000DE50E658DE50E658D8B024D0220E482509
:1016F0000501E46F000E060149210501E56F6DC685
:10170000E6F56EC6E7F56FC6E8F570C6E9F5000EBA
:10171000EB6F010EEA6F060120EE01F07151D92640
:101720007251DA22DF5042ECC9F00009D8B402D07D
:10173000060161D6060120EE18F04851D92649511C
:10174000DA226DC6DEF46EC6DEF46FC6DEF470C655
:10175000DEF420EE10F04851D9264951DA22DEC4D9
:1017600050F6DDC451F6FF0E5015526F010E5115A3
:10177000536F525100086B6F5351D8A0E82A0208EA
:101780006C6F6B514C5D6C514D59D8B004D04CC648
:101790006BF64DC66CF620EE10F04851D926495133
:1017A000DA22DEC450F6DDC451F6FF0E5015526F3A
:1017B000010E5115536F52514825546F5351492111
:1017C000556F220E5425016E000E5521026E61C622
:1017D00003F562C604F56BC605F56CC606F5A6EC06
:1017E000CDF0060120EE0EF04851D9264951DA22FB
:1017F000000EDB8E6B514C5F6C514D5B4EC6D9F4C5
:101800004FC6DAF46B51DE266C51DD226B51612735
:101810006C51622320EE10F04851D9264951DA224A
:101820006B51DE266C51DE22000EDE22DE2220EE1F
:1018300010F04851D9264951DA2210EE0AF04851E9
:10184000E1264951E222DE50E65CDE50E658DE50E9
:10185000E658DE50E658D8A003D020EE0AF002D0B9
:1018600020EE10F04851D9264951DA22DEC45CF648
:10187000DEC45DF6DEC45EF6DEC45FF620EE0AF07E
:101880004851D9264951DA225CC6DEF45DC6DEF441
:101890005EC6DEF45FC6DEF4F7D420EE0EF04851EB
:1018A000D9264951DA22000EDB8C000E120048C600
:1018B000A6F549C6A7F56B0E0501A86F060EA96F20
:1018C00051ECC3F00601666F6651D8A408D020EE33
:1018D0000FF04851D9264951DA22DF50666F665120
:1018E000D8B402D06651120020EE0AF04851D92631
:1018F0004951DA224A51DE5C4B51DE584C51DE58D8
:101900004D51DE58D8B016D020EE0EF04851D926F1
:101910004951DA22DFB20ED020EE0AF04851D92622
:101920004951DA22DEC44AF6DEC44BF6DEC44CF678
:10193000DEC44DF620EE10F04851D9264951DA2286
:10194000DEC45EF6DEC45FF6DEC460F6DEC461F6B9
:10195000000E626F000E636F000E646F000E656F05
:1019600020EE10F04851D9264951DA2262C6DEF441
:1019700063C6DEF464C6DEF465C6DEF44A514B117C
:101980004C114D11D8B414D220EE0AF06B51D92667
:101990006C51DA22DEC44EF6DDC44FF64E51506F64
:1019A0004F51516F526B536B090ED89050375137CE
:1019B00052375337E82EF9D750C667F651C668F646
:1019C00052C669F653C66AF65E515F116011611125
:1019D000D8B495D0FF0E4A25016EFF0E4B21026E42
:1019E000FF0E4C21036EFF0E4D21046E67C605F5F8
:1019F00068C606F569C607F56AC608F583ECC9F03E
:101A000001C54EF602C54FF603C550F604C551F6A2
:101A1000FF0E5E25016EFF0E5F21026EFF0E60213C
:101A2000036EFF0E6121046E67C605F568C606F5F4
:101A300069C607F56AC608F583ECC9F001504E5D2A
:101A400002504F590350505904505159D8A057D003
:101A5000FF0E67254E6FFF0E68214F6FFF0E692145
:101A6000506FFF0E6A21516F4E1D526F4F1D536F05
:101A7000501D546F511D556FFF0E5E25566FFF0EA2
:101A80005F21576FFF0E6021586FFF0E6121596F64
:101A9000525156155A6F535157155B6F5451581583
:101AA0005C6F555159155D6F20EE10F04851D926E5
:101AB0004951DA225AC6DEF45BC6DEF45CC6DEF4B7
:101AC0005DC6DEF420EE10F04851D9264951DA22E5
:101AD000DE504A5FDE504B5BDE504C5BDD504D5BB1
:101AE00020EE14F04851D9264951DA22DEC46DF6B1
:101AF000DEC46EF6DEC46FF6DEC470F669D020EE8A
:101B000006F04851D9264951DA22DEC46DF6DEC40A
:101B10006EF6DEC46FF6DEC470F66D516E116F1195
:101B20007011D8A447D048C62BF649C62CF6000E33
:101B30002D6F000E2E6F000E2F6F000E306F94EC85
:101B400098F02BC66DF62CC66EF62DC66FF62EC617
:101B500070F66D056E116F117011D8A40AD020EEC9
:101B60000FF04851D9264951DA22020EDF6E020EDB
:101B700012006D2911E16E290FE16F290DE1702925
:101B8000D8A40AD020EE0FF04851D9264951DA22C4
:101B9000010EDF6E010E120020EE06F04851D9262C
:101BA0004951DA226DC6DEF46EC6DEF46FC6DEF48D
:101BB00070C6DEF420EE14F04851D9264951DA22DD
:101BC0006DC6DEF46EC6DEF46FC6DEF470C6DEF4FB
:101BD0006D516E116F117011D8A48AD0E9D0675180
:101BE0004A5F68514B5B69514C5B6A514D5B20EE1B
:101BF00010F04851D9264951DA226751DE26685142
:101C0000DE226951DE226A51DE2220EE0EF04851BA
:101C1000D9264951DA22DFA225D048C62BF649C67B
:101C20002CF66DC62DF66EC62EF66FC62FF670C654
:101C300030F694EC98F02BC66DF62CC66EF62DC6D9
:101C40006FF62EC670F66D516E116F117011D8A41B
:101C50001FD0000E4A6F000E4B6F000E4C6F000E2F
:101C60004D6F50D048C60AF649C60BF66DC60CF645
:101C70006EC60DF66FC60EF670C60FF666ECA0F0D7
:101C80000AC66DF60BC66EF60CC66FF60DC670F67C
:101C900006016D2907E16E2905E16F2903E170292D
:101CA000D8B470D770516F116E1104E1020E6D5DE2
:101CB000D8A055D720EE14F06B51D9266C51DA22FA
:101CC000DE506D5DDE506E59DE506F59DE5070593A
:101CD000D8B045D720EE14F04851D9264951DA2220
:101CE0006DC6DEF46EC6DEF46FC6DEF470C6DEF4DA
:101CF0004A51675D4B5168594C5169594D516A5968
:101D0000D8A06DD720EE10F04851D9264951DA22DB
:101D10004A51DE264B51DE224C51DE224D51DE224D
:101D2000FF0E4A154E6F010E4B154F6F000E4C15EE
:101D3000506F000E4D15516F4E514F1150115111F2
:101D4000D8B436D06BC60DF56CC60EF56DC60FF562
:101D50006EC610F56FC611F570C612F5B2ECC3F081
:101D60000DC562F60EC563F60FC564F610C565F6BF
:101D700006016251631164116511D8B4F0D64AC6E8
:101D80004EF64BC64FF64CC650F64DC651F60A0EEF
:101D900005D0D890513350334F334E33E82EF9D716
:101DA0004E5162274F516323505164235151652393
:101DB00020EE10F04851D9264951DA2210EE0AF0EF
:101DC0004851E1264951E222DE50E65CDE50E658F9
:101DD000DE50E658DE50E658D8B01CD020EE10F0A9
:101DE0004851D9264951DA2210EE0AF04851E1262D
:101DF0004951E222DEC4E6F4DEC4E6F4DEC4E6F4D1
:101E0000DEC4E6F420EE0EF04851D9264951DA221C
:101E1000000EDB8C20EE10F04851D9264951DA2211
:101E2000FF0EDE144E6F010EDE144F6F000EDE1437
:101E3000506F000EDE14516F4E514F115011511161
:101E4000D8B450D520EE18F04851D9264951DA229D
:101E50006251DE180AE16351DE1807E16451DE18B1
:101E600004E16551DE18D8B43DD520EE0EF048519E
:101E7000D9264951DA22DFAE33D0220E482505019A
:101E8000E26F000E060149210501E36F060120EE15
:101E900018F04851D9264951DA22DEC4E4F5DEC4EF
:101EA000E5F5DEC4E6F5DEC4E7F5000E0501E96FF1
:101EB000010EE86F060120EE01F06B51D9266C513E
:101EC000DA22DF5001ECC9F00009D8A42BD00601BA
:101ED00020EE0EF04851D9264951DA227F0EDF1646
:101EE000220E48250501E46F000E06014921050177
:101EF000E56F62C6E6F563C6E7F564C6E8F565C654
:101F0000E9F5000EEB6F010EEA6F060120EE01F01D
:101F10006B51D9266C51DA22DF5042ECC9F000092E
:101F2000D8B402D006012ED6060120EE18F0485192
:101F3000D9264951DA2262C6DEF463C6DEF464C6ED
:101F4000DEF465C6DEF4CED4AF51B011D8A402D011
:101F5000090E12003F0EB317B10E816F060E826F8D
:101F6000D40E836F060E846FB3C685F670EC84F0D2
:101F70000601D66FD651D8A4EAD2D4C6D7F6D5C6B4
:101F8000D8F6D70E6A6F060E6B6FB1C66CF6B2C686
:101F90006DF685ECB5F0D66FD651D8B4FEAF02D051
:101FA000060ED66FB3C6B4F61C0EB417D8B4E9D07B
:101FB000D651D8B40DD0040ED619D8A407D0D70E58
:101FC0006E6F060E6F6FEDECC2F0D66FB3870CD05C
:101FD000DBC6B4F6110EB417D8B402D0070E03D086
:101FE000B3A502D0080ED66FD651D8B4B3A7D5D0BA
:101FF000CEECCFF001C5C0F602C5C1F603C5C2F6EE
:1020000004C5C3F60E0EF125016E000EF221026E1C
:10201000C0C603F5C1C604F5C2C605F5C3C606F5BC
:102020005DECCBF0160EF125016E000EF221026E72
:10203000C0C603F5C1C604F5C2C605F5C3C606F59C
:102040005DECCBF0D4C608F5D5C609F5F1C60AF5A6
:10205000F2C60BF540ECCAF008C5C4F609C5C5F6D2
:102060000AC5C6F60BC5C7F6060120EE0BF0F15106
:10207000D926F251DA22200EDF6ED4C605F5D5C678
:1020800006F5F1C607F5F2C608F5000E096E000E5A
:102090000A6E000E0B6E000E0C6EE9ECCDF01C0EFD
:1020A0000601F125016E000EF221026E000E036E94
:1020B000000E046E000E056E000E066E5DECCBF099
:1020C00020EE04F0D451D926D551DA22010EDF6E6C
:1020D000C451C511C611C711D8B45FD020EE2CF081
:1020E000D451D926D551DA22DEC4C8F6DEC4C9F6E9
:1020F000DEC4CAF6DEC4CBF6D70E2B6F060E2C6FED
:10210000C4C62DF6C5C62EF6C6C62FF6C7C630F60F
:10211000000E316F000E326F000E336F000E346F01
:10212000D6ECB3F0D66FD651D8A437D0D4C600F6CB
:10213000D5C601F6C8C602F6C9C603F6CAC604F675
:10214000CBC605F612ECC4F00601D66FFF0EC4250F
:10215000B46FFF0EC521B56FFF0EC621B66FFF0E1F
:10216000C721B76F20EE0CF0D451D926D551DA2211
:10217000B4C6DEF4B5C6DEF4B6C6DEF4B7C6DEF429
:102180000CD0D651D8A409D0DBA902D0040E04D0BB
:10219000B3B3DBA102D0070ED66FD651D8A420D09E
:1021A000B3B7B38D20EE2CF0D451D926D551DA2215
:1021B00010EE1CF0AF51E126B051E222DEC4E6F48D
:1021C000DEC4E6F4DEC4E6F4DEC4E6F420EE20F07D
:1021D000AF51D926B051DA22F1C6DEF4F2C6DDF4F1
:1021E000D651D8A4B4D1D4C608F5D5C609F5F1C6E0
:1021F0000AF5F2C60BF540ECCAF0060120EE06F037
:10220000AF51D926B051DA2208C5DEF409C5DEF493
:102210000AC5DEF40BC5DEF41C0EF125016E000EBE
:10222000F221026ECDECC4F020EE0AF0AF51D926B7
:10223000B051DA2201C5DEF402C5DEF403C5DEF4D6
:1022400004C5DEF4AFC6D9F4B0C6DAF4D4C6DEF401
:10225000D5C6DDF420EE06F0D451D926D551DA22C8
:1022600010EE02F0AF51E126B051E222DEC4E6F4F6
:10227000DDC4E5F420EE0EF0AF51D926B051DA22DC
:10228000B3C6DFF420EE0FF0AF51D926B051DA22F9
:10229000DF6A20EE18F0AF51D926B051DA22DE6A9B
:1022A000DE6ADE6ADD6A20EE10F0AF51D926B05149
:1022B000DA22DE6ADE6ADE6ADD6A220EAF25016E90
:1022C000000EB021026E000E046E000E036E020EB0
:1022D000066E000E056EE0ECCEF0B3AB38D120EE0A
:1022E0000AF0AF51D926B051DA22DE50DE10DE10EE
:1022F000DE10D8B42CD120EE0AF0AF51D926B0515F
:10230000DA2210EE10F0AF51E126B051E222DEC425
:10231000E6F4DEC4E6F4DEC4E6F4DEC4E6F420EE61
:102320000AF0D451D926D551DA22DEC4B4F6DDC480
:10233000B5F6B451B66FB551B76FB86BB96B090E3E
:10234000D890B637B737B837B937E82EF9D7B6C609
:10235000BCF6B7C6BDF6B8C6BEF6B9C6BFF620EE27
:1023600006F0AF51D926B051DA22DEC4D0F6DEC471
:10237000D1F6DEC4D2F6DEC4D3F620EE0AF0AF51B9
:10238000D926B051DA22DEC4CCF6DEC4CDF6DEC4E6
:10239000CEF6DEC4CFF634D0AFC60AF6B0C60BF622
:1023A000D0C60CF6D1C60DF6D2C60EF6D3C60FF6C1
:1023B00066ECA0F00AC6D0F60BC6D1F60CC6D2F673
:1023C0000DC6D3F60601D351D211D11106E1020E8A
:1023D000D05DD8B002D0020ED66FD02909E1D12944
:1023E00007E1D22905E1D329D8A402D0010ED66F86
:1023F000BC51CC5FBD51CD5BBE51CE5BBF51CF5BFD
:10240000D651D8A40AD0CC51BC5DCD51BD59CE51C6
:10241000BE59CF51BF59D8A0BFD720EE14F0AF514D
:10242000D926B051DA22D0C6DEF4D1C6DEF4D2C647
:10243000DEF4D3C6DEF4D651D8A489D0FF0ECC1575
:10244000B46F010ECD15B56F000ECE15B66F000E30
:10245000CF15B76FB451B511B611B711D8B477D045
:10246000D4C60DF5D5C60EF5D0C60FF5D1C610F5FC
:10247000D2C611F5D3C612F5B2ECC3F00DC5C8F63D
:102480000EC5C9F60FC5CAF610C5CBF60601C85170
:10249000C911CA11CB11D8A402D0020E57D0CCC694
:1024A000B4F6CDC6B5F6CEC6B6F6CFC6B7F60A0EAA
:1024B00005D0D890B733B633B533B433E82EF9D757
:1024C000C851B425B86FC951B521B96FCA51B621E9
:1024D000BA6FCB51B721BB6F20EE18F0AF51D926A0
:1024E000B051DA22B8C6DEF4B9C6DEF4BAC6DEF4FC
:1024F000BBC6DEF4220EAF250501E46F000E060117
:10250000B0210501E56F060120EE18F0AF51D92684
:10251000B051DA22DEC4E6F5DEC4E7F5DEC4E8F544
:10252000DEC4E9F5000E0501EB6F010EEA6F06014E
:1025300020EE01F0D451D926D551DA22DF5042ECF9
:10254000C9F00009D8B403D0010E0601D66F060108
:10255000D651D8B406D0AFC6D9F4B0C6DAF4DE6A24
:10256000DD6AD651120026C641F627C642F62AC6B3
:10257000D9F42BC6DAF4DE6ADD6A24C6A6F525C6D0
:10258000A7F54D0E0501A86F060EA96F51ECC3F01B
:1025900006013C6F3C51D8A40BD020EE0FF0245123
:1025A000D9262551DA22DF503C6F3C51D8B402D0F5
:1025B0003C51120020EE0EF02451D9262551DA228A
:1025C000DFB002D0070E120020EE10F02451D92601
:1025D0002551DA22DEC42CF6DEC42DF6DEC42EF63A
:1025E000DEC42FF620EE0AF02451D9262551DA2236
:1025F000DEC430F6DEC431F6DEC432F6DEC433F6B5
:102600002C51305D386F2D513159396F2E5132595F
:102610003A6F2F5133593B6F28512C6F29512D6F31
:102620002E6B2F6B2C51385D2D5139592E513A5943
:102630002F513B59D8B004D038C628F639C629F6F0
:1026400028512911D8B481D220EE10F02451D92676
:102650002551DA22FF0EDE142C6F010EDE142D6FD1
:10266000000EDE142E6F000EDE142F6F2C512D1174
:102670002E112F11D8A402D220EE10F02451D92609
:102680002551DA22DEC42CF6DEC42DF6DEC42EF689
:10269000DEC42FF60A0E05D0D8902F332E332D33FB
:1026A0002C33E82EF9D720EE0AF04D51D9264E51A1
:1026B000DA22DEC430F6DDC431F6FF0E3025326F8B
:1026C000FF0E3121336F2C513215436F2D513315CD
:1026D000446F43514411D8A46BD020EE10F0245124
:1026E000D9262551DA22DE50DE10DE10DE10D8A405
:1026F0000FD020EE06F02451D9262551DA22DEC46F
:102700003DF6DEC43EF6DEC43FF6DEC440F61CD025
:1027100024C60AF625C60BF620EE14F02451D9265D
:102720002551DA22DEC40CF6DEC40DF6DEC40EF648
:10273000DEC40FF666ECA0F00AC63DF60BC63EF608
:102740000CC63FF60DC640F6060140513F113E1142
:102750000EE1020E3D5DD8B00AD020EE0FF02451FC
:10276000D9262551DA22020EDF6E020E12003D2913
:1027700011E13E290FE13F290DE14029D8A40AD0FB
:1027800020EE0FF02451D9262551DA22010EDF6EFA
:10279000010E120020EE14F02451D9262551DA2220
:1027A0003DC6DEF43EC6DEF43FC6DEF440C6DEF4CF
:1027B0004DC60DF54EC60EF520EE14F02451D92667
:1027C0002551DA22DEC40FF5DEC410F5DEC411F5A2
:1027D000DEC412F5B2ECC3F00DC549F60EC54AF6DB
:1027E0000FC54BF610C54CF6060149514A114B1165
:1027F0004C11D8B4B2D74351492744514A23000E53
:102800004B23000E4C2328C62CF629C62DF6090EA4
:102810002E6FD8902D332C332E2FFBD72CC645F698
:102820002DC646F645514611D8B4A7D0455143258B
:102830002C6F465144212D6F20EE0AF04D51D926C0
:102840004E51DA222C51DE5C2D51DE58D8B010D01A
:1028500020EE0AF04D51D9264E51DA22DEC42CF674
:10286000DDC42DF643512C5D456F44512D59466F03
:1028700041C6E4F542C6E5F549C6E6F54AC6E7F5C0
:102880004BC6E8F54CC6E9F545C6EAF546C6EBF594
:1028900020EE01F04D51D9264E51DA22DF5042ECA4
:1028A000C9F00009D8A4D9D0060120EE0EF02451B9
:1028B000D9262551DA22DFAE50D045512C6F465132
:1028C0002D6F2E6B2F6B20EE18F02451D926255139
:1028D000DA22DEC430F6DEC431F6DEC432F6DEC4FF
:1028E00033F64951305D346F4A513159356F4B5190
:1028F0003259366F4C513359376F2C51345D2D514D
:1029000035592E5136592F513759D8B026D020EE8F
:1029100018F02451D9262551DA22DEC42CF6DDC464
:102920002DF649512C5F4A512D5B090ED8902C375A
:102930002D37E82EFBD72C514125016E2D51422118
:10294000026E220E2425036E000E2521046E020E57
:10295000066E000E056EA6ECCDF045C62CF646C6FA
:102960002DF6090ED89006012C372D37E82EFAD710
:102970002CC647F62DC648F6C9D020EE18F02451D3
:10298000D9262551DA224951DE180AE14A51DE18CA
:1029900007E14B51DE1804E14C51DE18D8B45FD08A
:1029A00020EE0EF02451D9262551DA22DFAE33D0A5
:1029B000220E24250501E26F000E060125210501E6
:1029C000E36F060120EE18F02451D9262551DA22B2
:1029D000DEC4E4F5DEC4E5F5DEC4E6F5DEC4E7F505
:1029E000000E0501E96F010EE86F060120EE01F00F
:1029F0004D51D9264E51DA22DF5001ECC9F00009C1
:102A0000D8A42BD0060120EE0EF02451D926255152
:102A1000DA227F0EDF16220E24250501E46F000E58
:102A2000060125210501E56F49C6E6F54AC6E7F529
:102A30004BC6E8F54CC6E9F5000EEB6F010EEA6FE8
:102A4000060120EE01F04D51D9264E51DA22DF5019
:102A500042ECC9F00009D8B402D0060191D60601B3
:102A600020EE18F02451D9262551DA2249C6DEF489
:102A70004AC6DEF44BC6DEF44CC6DEF420EE10F09F
:102A80002451D9262551DA22DEC42CF6DDC42DF6D8
:102A9000FF0E2C152E6F010E2D152F6F2E510008D5
:102AA000476F2F51D8A0E82A0208486F4751285D88
:102AB00048512959D8B004D028C647F629C648F647
:102AC00041C601F542C602F520EE10F02451D92688
:102AD0002551DA22DEC42CF6DDC42DF6FF0E2C15AE
:102AE0002E6F010E2D152F6F2E512425306F2F5173
:102AF0002521316F220E3025036E000E3121046E28
:102B000047C605F548C606F5A6ECCDF006014751C7
:102B1000285F4851295B2AC6D9F42BC6DAF44751FD
:102B2000DE264851DD22475141274851422320EEFD
:102B300010F02451D9262551DA224751DE2648517A
:102B4000DE22000EDE22DE227BD5000E120053C5EF
:102B5000D9F454C5DAF4DEC4F6F4DDC4F7F4000E9B
:102B6000F86E0800F550250AD8A4C9D253C5D9F487
:102B700054C5DAF4DE2A000EDD22000E0701146FC0
:102B8000000E136F13C727F715691669000E0501AC
:102B90000BD00701278353C5D9F454C5DAF4DE2AD4
:102BA000000EDD2213D0010E8C6F10D053C5D9F466
:102BB00054C5DAF4DEC4F6F4DDC4F7F4000EF86EA2
:102BC0000800F550300AD8B4E4D7EDD705018C5190
:102BD000D8B4ECD753C507F554C508F555C509F564
:102BE00056C50AF529ECC5F007C513F708C514F753
:102BF000070114AF05D02781136D141FD8B0142B13
:102C000053C5D9F454C5DAF4DEC4F6F4DDC4F7F4E0
:102C1000000EF86E0800F5502E0AD8A415D053C542
:102C2000D9F454C5DAF4DE2A000EDD2253C507F5C7
:102C300054C508F555C509F556C50AF529ECC5F082
:102C400007C515F708C516F753C5D9F454C5DAF406
:102C5000DEC4F6F4DDC4F7F4000EF86E0800F5509B
:102C6000630AD8A423D053C5D9F454C5DAF4DE2AB4
:102C7000000EDD2255C5D9F456C5DAF4DFC457F588
:102C8000020EDE26DFC458F5000EDD2257C5D9F44A
:102C900058C5DAF4DF500501916F51C50BF552C5E7
:102CA0000CF591C50DF573ECC8F0120053C5D9F4BD
:102CB00054C5DAF4DEC492F5DDC493F592C5F6F49A
:102CC00093C5F7F4000EF86E0800F5C491F508D02E
:102CD000924B932B17D0690E01D0000E916F12D03A
:102CE00005019151580AD8B4F6D73C0AD8B4F3D7A5
:102CF0000D0AD8B4F0D7050AD8B4EAD7140AD8B464
:102D0000EAD7EBD792C5F6F493C5F7F4000EF86E48
:102D10000800F550640AD8B43FD092C5F6F493C5C4
:102D2000F7F4000EF86E0800F550690AD8B434D0F4
:102D300057D055C5D9F456C5DAF4DFC457F5020E9D
:102D4000DE26DFC458F5000EDD2257C5D9F458C57C
:102D5000DAF4DEC48DF5DDC48EF5000E8EBFFF0EF5
:102D60008F6F906F20D055C5D9F456C5DAF4DFC403
:102D700057F5040EDE26DFC458F5000EDD2257C5D8
:102D8000D9F458C5DAF4DEC48DF5DEC48EF5DEC4A0
:102D90008FF5DEC490F507D09151690AD8B4C9D730
:102DA000050AD8B4E0D7010E9225576E000E932184
:102DB000586E53C5D9F454C5DAF457C5DEF458C576
:102DC000DDF451C51BF552C51CF58DC51DF58EC52D
:102DD0001EF58FC51FF590C520F59CECB8F01200CC
:102DE00092C5F6F493C5F7F4000EF86E0800F5509E
:102DF000780AD8B440D092C5F6F493C5F7F4000E23
:102E0000F86E0800F550580AD8B435D070D055C5C2
:102E1000D9F456C5DAF4DFC457F5020EDE26DFC456
:102E200058F5000EDD2257C5D9F458C5DAF4DEC4D2
:102E300059F5DDC45AF559C58DF55AC58EF58F6B18
:102E4000906B20D055C5D9F456C5DAF4DFC457F5D8
:102E5000040EDE26DFC458F5000EDD2257C5D9F476
:102E600058C5DAF4DEC48DF5DEC48EF5DEC48FF508
:102E7000DEC490F507D09151690AD8B4C8D7050AC5
:102E8000D8B4E0D7010E9225576E000E9321586EEC
:102E900053C5D9F454C5DAF457C5DEF458C5DDF48A
:102EA00018D051C51BF552C51CF58DC51DF58EC535
:102EB0001EF58FC51FF590C520F592C5F6F493C594
:102EC000F7F4000EF86E0800F5C421F5B9ECBEF079
:102ED000120092C5F6F493C5F7F4000EF86E0800E0
:102EE000F550580AD8B4DDD7200AD8B4DAD7000E86
:102EF0008C6F53C5D9F454C5DAF4DEC4F6F4DDC4DE
:102F0000F7F4000EF86E0800F550730AD8A40AD042
:102F100053C5D9F454C5DAF4DE2A000EDD22010EC1
:102F20008C6F44D053C5D9F454C5DAF4DEC4F6F43A
:102F3000DDC4F7F4000EF86E0800F5506C0AD8A452
:102F400035D053C5D9F454C5DAF4DEC457F5DDC421
:102F500058F5010E5726000E582257C5F6F458C5ED
:102F6000F7F4000EF86E0800F5506C0AD8A41ED0D5
:102F700053C5D9F454C5DAF4DEC457F5DDC458F5A9
:102F8000020E5726000E582257C5F6F458C5F7F41E
:102F9000000EF86E0800F550730AD8A407D0030E8F
:102FA00053C5D9F454C5DAF4DE26B7D78C51D8B45A
:102FB0001BD051C50BF552C50CF555C5D9F456C5F6
:102FC000DAF4DFC457F5020EDE26DFC458F5000E32
:102FD000DD2257C5D9F458C5DAF4DEC40DF5DDC4D9
:102FE0000EF593ECBAF0120053C5D9F454C5DAF4D7
:102FF000DEC492F5DDC493F592C5F6F493C5F7F4FB
:10300000000EF86E0800F5C491F508D0924B932B92
:1030100010D06C0E01D0000E916F0BD091514C0A64
:10302000D8B4F4D72A0AD8B4F4D70A0AD8B4EED759
:10303000F2D792C5F6F493C5F7F4000EF86E0800C7
:10304000F550660AD8B41AD052D055C5D9F456C531
:10305000DAF4DFC457F5040EDE26DFC458F5000E9F
:10306000DD2257C5D9F458C5DAF4DEC48DF5DEC4C7
:103070008EF5DEC48FF5DEC490F507D091514C0A71
:10308000D8B4E3D7200AD8B4E0D7010E9225576E02
:10309000000E9321586E53C5D9F454C5DAF457C5C0
:1030A000DEF458C5DDF418D051C548F552C549F5D0
:1030B0008DC54AF58EC54BF58FC54CF590C54DF5C0
:1030C00092C5F6F493C5F7F4000EF86E0800F5C447
:1030D0004EF500EC80F0120092C5F6F493C5F7F4BB
:1030E000000EF86E0800F550660AD8B4DDD753C557
:1030F000D9F454C5DAF4DE2A000EDD22120053C5DD
:10310000D9F454C5DAF4DEC4F6F4DDC4F7F4000EE5
:10311000F86E0800F550026E036A51C504F552C5F9
:1031200005F587ECC7F0E3D72BC6D9F42CC6DAF443
:10313000DEC442F6DDC443F62D512E112F1130119D
:10314000D8A42DD020EE0CF04251D9264351DA22DA
:10315000DEC43AF6DEC43BF6DEC43CF6DEC43DF621
:103160003A513B113C113D11D8B410D020EE14F06F
:103170004251D9264351DA22DE503A5DDE503B59A6
:10318000DE503C59DE503D59D8A05BD0010E3A6F5D
:10319000000E3B6F000E3C6F000E3D6F52D02BC6F1
:1031A0000AF62CC60BF62DC60CF62EC60DF62FC64B
:1031B0000EF630C60FF666ECA0F00AC644F60BC653
:1031C00045F60CC646F60DC647F6060147514611B0
:1031D00045110DE1020E445DD8B009D0010E2B6FF0
:1031E000000E2C6F000E2D6F000E2E6F1200442962
:1031F00010E145290EE146290CE14729D8A409D060
:1032000044C62BF645C62CF646C62DF647C62EF606
:10321000120020EE14F04251D9264351DA22DE503A
:10322000445DDE504559DE504659DE504759D8A01E
:10323000E7D72DC63AF62EC63BF62FC63CF630C66B
:103240003DF620EE10F04251D9264351DA22DE50ED
:10325000DE10DE10DE10D8A409D0000E2B6F000E99
:103260002C6F000E2D6F000E2E6F1200000E3E6FA1
:10327000000E3F6F000E406F000E416F2D513A1946
:1032800009E12E513B1906E12F513C1903E1305160
:103290003D19D8A486D0010E3A253E6F000E3B2181
:1032A0003F6F000E3C21406F000E3D21416F20EE2C
:1032B00014F04251D9264351DA22DE503E5DDE50F1
:1032C0003F59DE504059DE504159D8A008D0020E77
:1032D0003E6F000E3F6F000E406F000E416F2BC619
:1032E0000AF62CC60BF63EC60CF63FC60DF640C6D7
:1032F0000EF641C60FF666ECA0F00AC644F60BC601
:1033000045F60CC646F60DC647F6060144054511BE
:1033100046114711D8B474D7442907E1452905E17E
:10332000462903E14729D8B46BD7445145114611CA
:103330004711D8B436D020EE0CF04251D926435173
:10334000DA22DEC444F6DEC445F6DEC446F6DEC448
:1033500047F647514611451104E1020E445DD8A0DD
:1033600018D020EE14F04251D9264351DA22DE5013
:10337000445DDE504559DE504659DE504759D8B0BD
:1033800008D044C63AF645C63BF646C63CF647C6A4
:103390003DF6000E3E6F000E3F6F000E406F000EB8
:1033A000416F3E513F1140114111D8A468D03AC637
:1033B0003EF63BC63FF63CC640F63DC641F6010E22
:1033C0003E27000E3F234023412320EE14F04251BC
:1033D000D9264351DA22DE503E5DDE503F59DE50A1
:1033E0004059DE504159D8A010D0020E3E6F000E59
:1033F0003F6F000E406F000E416F3D513C113B117D
:1034000004E1020E3A5DD8A028D72BC60AF62CC6D6
:103410000BF63EC60CF63FC60DF640C60EF641C68C
:103420000FF666ECA0F00AC644F60BC645F60CC6CD
:1034300046F60DC647F6060144514511461147119F
:10344000D8B41DD04405451146114711D8B4D8D67B
:10345000442907E1452905E1462903E14729D8B474
:10346000CFD63A513E19ABE13B513F19A8E13C514F
:103470004019A5E13D514119D8B4EFD6A0D742C6B5
:103480000AF643C60BF63EC60CF63FC60DF640C61E
:103490000EF641C60FF6FF0E106FFF0E116FFF0EF6
:1034A000126FFF0E136FD6EC9AF0396F3951D8A412
:1034B0001DD02D512E112F113011D8B417D042C666
:1034C0000AF643C60BF62DC60CF62EC60DF62FC611
:1034D0000EF630C60FF63EC610F63FC611F640C6D1
:1034E00012F641C613F6D6EC9AF0396F3951D8A4CA
:1034F00044D020EE0CF04251D9264351DA223EC688
:10350000DEF43FC6DEF440C6DEF441C6DEF420EE53
:1035100010F04251D9264351DA2210EE14F04251F4
:10352000E1264351E222FE0EE624356FFF0EE6202F
:10353000366FFF0EE620376FFF0EE620386FDE5045
:10354000355DDE503659DE503759DE503859D8A037
:103550000BD020EE10F04251D9264351DA22DE067C
:10356000000EDE5ADE5ADE5A20EE05F04251D92610
:103570004351DA22000EDB8010D03905D8B409D0CF
:10358000010E3E6F000E3F6F000E406F000E416F48
:1035900004D03E693F69406941693EC62BF63FC68B
:1035A0002CF640C62DF641C62EF61200020E2A6FEA
:1035B0000F510E110D1104E1020E0C5DD8A0F4D1D3
:1035C00020EE14F00A51D9260B51DA22DE500C5DA0
:1035D000DE500D59DE500E59DE500F59D8A0D6D10D
:1035E000E3D10CC628F60DC629F6D8902931156FFF
:1035F0002831146F14512827155129230AC600F6C3
:103600000BC601F620EE20F00A51D9260B51DA2222
:10361000DEC414F6DEC415F6DEC416F6DEC417F6F4
:1036200028C618F629C619F6090E1A6FD89019334C
:1036300018331A2FFBD718511425026F1951152171
:10364000036F000E1621046F000E1721056F12EC98
:10365000C4F006012A6F2A51D8A4A6D1FF0E28155E
:10366000146F010E2915156F14510A25166F155187
:103670000B21176F300E1625266F000E1721276FAE
:10368000284B292B0CB103D010C622F60FD010C640
:1036900014F6143BF00E141726C6D9F427C6DAF434
:1036A000DF500F0B1411156F1551226F236B26C6B7
:1036B000D9F427C6DAF422C6DFF420EE04F00A516A
:1036C000D9260B51DA22010EDF6E0AC600F60BC6B0
:1036D00001F620EE20F00A51D9260B51DA22DEC481
:1036E00014F6DEC415F6DEC416F6DEC417F628C6D8
:1036F00018F629C619F6090E1A6FD890193318331F
:103700001A2FFBD718511425026F19511521036F79
:10371000000E1621046F000E1721056F12ECC4F085
:1037200006012A6F2A51D8A43FD1FF0E2815146F25
:10373000010E2915156F14510A25166F15510B210D
:10374000176F300E1625266F000E1721276F0CB14C
:103750000ED011C614F60F0E141726C6D9F427C6BC
:10376000DAF4DF50F00B1411156F155112D010C69A
:1037700014F611C615F612C616F613C617F6050E80
:1037800005D0D8901733163315331433E82EF9D7F4
:103790001451246F256B26C6D9F427C6DAF424C643
:1037A000DFF4EBD00AC600F60BC601F620EE20F0DF
:1037B0000A51D9260B51DA22DEC414F6DEC415F6FE
:1037C000DEC416F6DEC417F60D51186F0E51196FD0
:1037D0000F511A6F1B6B14511825026F15511921C7
:1037E000036F16511A21046F17511B21056F12EC3C
:1037F000C4F006012A6F2A51D8A4D6D00CC614F6FC
:103800000DC615F6D89014371537FF0E1415166F20
:10381000010E1515176F16510A25186F17510B2138
:10382000196F300E1825016E000E1921026E10C698
:1038300003F511C604F520ECCFF006019ED00AC6B0
:1038400000F60BC601F620EE20F00A51D9260B51E6
:10385000DA22DEC414F6DEC415F6DEC416F6DEC4C3
:1038600017F60CC618F60DC619F60EC61AF60FC6D0
:103870001BF6080E05D0D8901B331A3319331833B2
:10388000E82EF9D714511825026F15511921036F2D
:1038900016511A21046F17511B21056F12ECC4F049
:1038A00006012A6F2A51D8A47FD00CC614F60DC683
:1038B00015F6D89014371537D89014371537FF0EF2
:1038C0001415166F010E1515176F16510A25186F6E
:1038D00017510B21196F300E1825016E000E19219A
:1038E000026ECDECC4F0000E01141A6F000E02142B
:1038F0001B6F000E03141C6FF00E04141D6FFF0EDF
:1039000010151E6FFF0E11151F6FFF0E1215206F81
:103910000F0E1315216F1A511E11106F1B511F111D
:10392000116F1C512011126F1D512111136F0CC604
:1039300014F60DC615F6D89014371537D8901437ED
:103940001537FF0E1415166F010E1515176F16514A
:103950000A25186F17510B21196F300E1825016EAB
:10396000000E1921026E10C603F511C604F512C629
:1039700005F513C606F55DECCBF020EE04F00A5118
:10398000D9260B51DA22010EDF6E0ED00AC6D9F409
:103990000BC6DAF4DF50010AD8B423D6030AD8B430
:1039A00001D7010AD8B44BD72A5112007D0EAF6F50
:1039B000070EB06FF40EB16FFF0EB26F95ECBDF055
:1039C0000009D8B40DD0A80E05019A6FFD0E9B6FAB
:1039D00048ECCFF0FF0E0701C06FFD0EBF6F120065
:1039E000000E0701CF6F000ECE6FCC69CD697D0E42
:1039F00006016F6F070E706F000E716F000E726F11
:103A0000DCECC5F048D0AE0E016E070E026EAE0EB5
:103A1000036EFF0E046E000E066E080E056ED7ECE8
:103A2000C7F001500210D8B412D0AE0E016E070ECE
:103A3000026EC90E036EFF0E046E000E066E070EB8
:103A4000056ED7ECC7F001500210D8A424D09C0E0C
:103A500005019A6FFF0E9B6FCEC79CF5CFC79DF5F2
:103A6000AE0E9E6F070E9F6F48ECCFF0AE0E016E4C
:103A7000070E026EAE0E036EFF0E046EC6ECCBF0A8
:103A800001500210D8A404D0CEC7CCF7CFC7CDF7D1
:103A90000701CE4BCF2B7D0E06016F6F070E706FA7
:103AA000A50E716F070E726FDCECC5F00009D8A48B
:103AB00004D00701AE51D8A4A6D70701CFBF9DD02F
:103AC000CF5104E1020ECE5DD8A097D0A50E05011E
:103AD0009A6FFF0E9B6F48ECCFF0DFECCFF00150F8
:103AE0000701D06F2F0ED06516D03A0ED06113D0DB
:103AF000D00ED025C16FC26BFF0EC223CE51C15D67
:103B0000CF51C259D8B007D0D00ED025CC6FCD6BD5
:103B1000FF0ECD230AD00D0ED019D8B404D00A0E52
:103B2000D019D8A4DAD7CDBFD8D7C70E05019A6F60
:103B3000FE0E9B6FCCC79CF5CDC79DF548ECCFF032
:103B40007D0E06016F6F070E706F000E716F000E15
:103B5000726FDCECC5F0000E0701CF6F000ECE6F68
:103B60002ED0AE0E016E070E026EAE0E036EFF0E6D
:103B7000046E000E066E080E056ED7ECC7F00150FD
:103B80000210D8B412D0AE0E016E070E026EC90E2E
:103B9000036EFF0E046E000E066E070E056ED7EC68
:103BA000C7F001500210D8A40AD00701CE51CC1999
:103BB00004E1CF51CD19D8B414D0CE4BCF2B7D0E0C
:103BC00006016F6F070E706FA50E716F070E726F93
:103BD000DCECC5F00009D8A404D00701AE51D8A48C
:103BE000C0D7190E05019A6FFF0E9B6FAE0E9C6F2A
:103BF000070E9D6F48ECCFF00AD0AE0E016E070E97
:103C0000026EAE0E036EFF0E046E7EECCEF07D0EE5
:103C10000501B16F070EB26FF6ECCEF0000E070192
:103C2000CA6F000EC96F79D0C951410FCB6FBC0E5E
:103C3000C76F170EC86FC7C79AF5C8C79BF5700E38
:103C400005019C6FFF0E9D6FAE0E9E6F070E9F6F5E
:103C5000CBC7A0F5A16BCDECCCF01FC701F520C7F9
:103C600002F5020E046E220E036E5BECCFF0C00E66
:103C700001240701C56F080E0220C66FC5C7AFF645
:103C8000C6C7B0F6C7C7B1F6C8C7B2F6030E06017D
:103C9000B36FA4EC8FF00009D8A43CD0590E0501F5
:103CA0009A6FF80E9B6FAE0E9C6F070E9D6FCBC781
:103CB0009EF59F6BCBC7A0F5A16B48ECCFF01FC75B
:103CC00001F520C702F5020E046E220E036E5BECB6
:103CD000CFF0C00E01240701C16F080E0220C26F91
:103CE000800EC36F080EC46F020EC327000EC423DC
:103CF000D890C935D96ECA35DA6ED890D936DA3649
:103D0000C351D926C451DA22C1C7DEF4C2C7DDF4DB
:103D10001F4B202B0701C94BCA2BCA510CE1100EB7
:103D2000C95DD8B008D020BF7FD7205104E1060E6E
:103D30001F5DD8A079D7080182518311D8A40DD076
:103D4000600E05019A6FFF0E9B6F48ECCFF0FF0EDF
:103D50000701C06FFC0EBF6F1200000E0701C06F9D
:103D6000000EBF6F120048C6D9F449C6DAF4DEC4AB
:103D70005CF6DDC45DF620EE0EF04851D9264951BF
:103D8000DA22DEC44CF6DEC44DF6DEC44EF6DEC4E6
:103D90004FF6200E4C25586F000E4D21596F000E26
:103DA0004E215A6F000E4F215B6F5B5104E1200ED4
:103DB0005A5DD8A00AD020EE16F04851D9264951B4
:103DC000DA22DE6ADE6ADE6ADD6A20EE16F048512B
:103DD000D9264951DA22DE50DE10DE10DE10D8A4DA
:103DE00002D0040E1200FF0E58154C6F010E59152B
:103DF0004D6F000E5A154E6F000E5B154F6F4C51F4
:103E00004D114E114F11D8A437D120EE16F0485164
:103E1000D9264951DA22DE2A000EDE22DE22DE22F7
:103E200020EE12F04851D9264951DA22DE50DE1038
:103E3000DE10DE10D8A42CD020EE08F05C51D9267C
:103E40005D51DA22DEC44CF6DDC44DF64C514E6FA6
:103E50004D514F6F506B516B58C652F659C653F6C1
:103E60005AC654F65BC655F6060E05D0D8905533A3
:103E7000543353335233E82EF9D74E51525D4F51DC
:103E800053595051545951515559D8A0F5D079D062
:103E900020EE0AF05C51D9265D51DA22DEC44CF6E0
:103EA000DDC44DF6FF0E4C254E6FFF0E4D214F6FBA
:103EB00058C650F659C651F65AC652F65BC653F666
:103EC0000A0E05D0D8905333523351335033E82E75
:103ED000F9D74E515015546F4F515115556F000E73
:103EE0005215566F000E5315576F545155115611F8
:103EF0005711D8A4C1D048C60AF649C60BF620EE21
:103F000012F04851D9264951DA22DEC40CF6DEC43B
:103F10000DF6DEC40EF6DEC40FF666ECA0F00AC69F
:103F20005EF60BC65FF60CC660F60DC661F60601BE
:103F3000615160115F1106E1020E5E5DD8B002D0E2
:103F4000020E12005E2909E15F2907E1602905E1FF
:103F50006129D8A402D0010E120020EE14F05C51A9
:103F6000D9265D51DA22DE505E5DDE505F59DE50AB
:103F70006059DE506159D8A053D04A514B11D8A492
:103F80000BD020EE16F04851D9264951DA22DE6ACC
:103F9000DE6ADE6ADD6A25D748C62BF649C62CF6EE
:103FA00020EE12F04851D9264951DA22DEC42DF60E
:103FB000DEC42EF6DEC42FF6DEC430F694EC98F0A4
:103FC0002BC65EF62CC65FF62DC660F62EC661F6D1
:103FD0005E515F1160116111D8A402D0070E12006A
:103FE0005E055F1160116111D8B4AAD75E2907E19F
:103FF0005F2905E1602903E16129D8B4ACD75CC62B
:1040000000F65DC601F65EC602F65FC603F660C640
:1040100004F661C605F6CDECBBF00009D8A49BD729
:10402000060120EE12F04851D9264951DA225EC627
:10403000DEF45FC6DEF460C6DEF461C6DEF45CC6A4
:104040000DF55DC60EF55EC60FF55FC610F560C6D0
:1040500011F561C612F5B2ECC3F0060120EE16F0C0
:104060004851D9264951DA220DC5DEF40EC5DEF4D9
:104070000FC5DEF410C5DEF420EE0EF04851D9264F
:104080004951DA2258C6DEF459C6DEF45AC6DEF4C7
:104090005BC6DEF4FF0E58154C6F010E59154D6FBF
:1040A0004C515C254E6F4D515D214F6F300E4E27A8
:1040B000000E4F2320EE1AF04851D9264951DA223A
:1040C0004EC6DEF44FC6DDF4000E12000AC6D9F467
:1040D0000BC6DAF4DEC422F6DDC423F60F510E114E
:1040E0000D1104E1020E0C5DD8A010D020EE14F0EA
:1040F0002251D9262351DA22DE500C5DDE500D59B3
:10410000DE500E59DE500F59D8A008D0010E1A6F9C
:10411000000E1B6F000E1C6F000E6DD11A691B691B
:104120001C691D696AD10CC620F60DC621F6D8900F
:104130002131116F2031106F10512027115121238F
:1041400022C600F623C601F620EE20F02251D92621
:104150002351DA22DEC410F6DEC411F6DEC412F6F4
:10416000DEC413F620C614F621C615F6090E166F26
:10417000D89015331433162FFBD714511025026F26
:1041800015511121036F000E1221046F000E13212F
:10419000056F12ECC4F00009D8A43ED1FF0E060151
:1041A0002015106F010E2115116F10512225126F6D
:1041B00011512321136F300E1225D96E000E1321D9
:1041C000DA6EDF50146F14511E6F1F6B204B212BC2
:1041D00022C600F623C601F620EE20F02251D92691
:1041E0002351DA22DEC410F6DEC411F6DEC412F664
:1041F000DEC413F620C614F621C615F6090E166F96
:10420000D89015331433162FFBD714511025026F95
:1042100015511121036F000E1221046F000E13219E
:10422000056F12ECC4F00009D8A4F6D0FF0E060109
:104230002015106F010E2115116F10512225126FDC
:1042400011512321136F300E1225D96E000E132148
:10425000DA6EDF50146F1451166F156B15511E1363
:1042600016511F130CB107D0FF0E1E15186F0F0E3D
:104270001F15196F0FD01EC610F61FC611F6040EBB
:10428000126FD89011331033122FFBD710C618F6C7
:1042900011C619F618C61AF619C61BF64BD022C657
:1042A00000F623C601F620EE20F02251D926235134
:1042B000DA22DEC410F6DEC411F6DEC412F6DEC465
:1042C00013F60D51146F0E51156F0F51166F176BBA
:1042D00010511425026F11511521036F125116212F
:1042E000046F13511721056F12ECC4F00009D8A414
:1042F00093D00CC610F60DC611F6D89006011037F3
:104300001137FF0E1015126F010E1115136F125198
:104310002225146F13512321156F300E1425016EC1
:10432000000E1521026E2AECCEF001C51AF602C568
:104330001BF606011C6B1D6B6FD022C600F623C650
:1043400001F620EE20F02251D9262351DA22DEC4D4
:1043500010F6DEC411F6DEC412F6DEC413F60CC687
:1043600014F60DC615F60EC616F60FC617F6080E8D
:1043700005D0D8901733163315331433E82EF9D7F8
:1043800010511425026F11511521036F125116217E
:10439000046F13511721056F12ECC4F00009D8A463
:1043A0003BD00CC610F60DC611F60601D89010379A
:1043B0001137D89010371137FF0E1015126F010EFC
:1043C0001115136F12512225146F13512321156FEC
:1043D000300E1425016E000E1521026ECDECC4F0D6
:1043E000FF0E01141A6FFF0E02141B6FFF0E031451
:1043F0001C6F0F0E04141D6F0FD022C6D9F423C6F4
:10440000DAF4DF50010AD8B48ED6030AD8B447D7FD
:10441000010AD8B492D77AD61AC60AF61BC60BF68A
:104420001CC60CF61DC60DF612000450800B0D6E56
:1044300004500424136E03BE13801350D8B40DD05F
:104440001328D8A408D0000E016E000E026E000ED4
:10445000036E000E046E038E08D0000E016E000E77
:10446000026E000E036E000E046E0850800B0D1AD3
:10447000085008240E6E07BE0E800E50D8B40DD022
:104480000E28D8A408D0000E056E000E066E000E91
:10449000076E000E086E078E08D0000E056E000E27
:1044A000066E000E076E000E086E0E50D8B403D0D4
:1044B0001350D8A409D0000E016E000E026E000E3B
:1044C000036E000E046E120007500102F3C418F5CB
:1044D000F4C419F518500F6E106A116A126A195057
:1044E000146E156A166A176A06500202F3C418F5AC
:1044F000F4C419F518500F26000E102211221222B2
:1045000019501426000E15221622172205500302F8
:10451000F3C418F5F4C419F518500F26000E102234
:104520001122122219501426000E152216221722CB
:1045300011C512F510C511F50FC510F50F6A05501C
:104540000202F3C418F5F4C419F518500F261950D7
:104550001022000E1122000E122206500102F3C496
:1045600018F5F4C419F518500F2619501022000E32
:104570001122000E122211C512F510C511F50FC53A
:1045800010F50F6A05500102F3C418F5F4C419F5CB
:1045900018500F2619501022000E1122000E122260
:1045A00007500202F3C418F5F4C419F51850142684
:1045B00019501522000E1622000E17220650030273
:1045C000F3C418F5F4C419F518501426195015221F
:1045D000000E1622000E172207500302F3C418F52E
:1045E000F4C419F51850096E19500A6E0B6A0C6A5A
:1045F0000BC50CF50AC50BF509C50AF5096A095082
:1046000014260A5015220B5016220C501722125055
:104610001426000E15221622172211C512F510C5F8
:1046200011F50FC510F50F6A0E5013C509F50A6A8A
:104630000926000E0A22820E0924186EFF0E0A2097
:10464000196E0FD0D890143615361636173612BE9E
:104650001480D8900F361036113612361806D8A0AE
:10466000190616AEEFD7000E0E6E12AE17D0FF0E63
:104670000F14096EFF0E10140A6EFF0E11140B6E4C
:104680007F0E12140C6E09500A100B100C10D8B4C7
:1046900003D0010E0E6E02D014B0FBD70E50D8B46A
:1046A0001FD0010E1426000E15221622172217A065
:1046B00017D014C509F515C50AF516C50BF517C5AC
:1046C0000CF50C340C320B320A32093209C514F5E0
:1046D0000AC515F50BC516F50CC517F5184A192AA4
:1046E00019BE0DD0195003E11828D8A008D0000E2B
:1046F000146E000E156E800E166E7F0E20D019BE41
:1047000005D019500EE11804D8B00BD0000E146E6D
:10471000000E156E000E166E000E176E000E0D6E5A
:104720000FD018C513F5FF0E1416FF0E15167F0EC9
:104730001616000E171613B0168ED8901330176E7B
:104740000D50171214C501F515C502F516C503F570
:1047500017C504F512000450800B0D6E045004249C
:104760000F6E03BE0F800F50D8B40DD00F28D8A401
:1047700008D0000E016E000E026E000E036E000ED9
:10478000046E038E06D0000E016E000E026E000E47
:10479000036E000E046E0850800B0E6E0D500E1846
:1047A000D8A40D8C085008240E6E07BE0E800E5043
:1047B000D8B40DD00E28D8A408D0000E056E000E77
:1047C000066E000E076E000E086E078E06D0000EF5
:1047D000056E000E066E000E076E000E086E0F507E
:1047E0000E5CD8B022D00DAC02D0800E0D1A0FC5D1
:1047F00010F50EC50FF510C50EF501C510F505C570
:1048000001F510C505F502C510F506C502F510C580
:1048100006F503C510F507C503F510C507F504C572
:1048200010F508C504F510C508F5000E106E0F5000
:104830000EC509F50A6A095E000E0A5A0ABE2CD096
:104840000A5004E11A0E095CD8A026D001500210CB
:1048500003100410D8B402D0010E01D0000E106E67
:10486000000E016E000E026E000E036E000E046E4E
:104870000EC50FF515D010A005D0D8901030010945
:10488000106E02D0D890103201B0108E0434043271
:104890000332023201320F2A0E500F5CD8A0EBD740
:1048A0000DBC28D00F50D8A409D0000E016E000E08
:1048B000026E000E036E000E046E120005500126FB
:1048C00006500222075003220850042204A071D08F
:1048D00010A005D0D89010300109106E02D0D890E9
:1048E000103201B0108E043404320332023201322D
:1048F0000F2A5FD00550015C06500258075003583C
:104900000450800A096E0850800A0958D8B025D092
:104910000150055C096E025006580A6E0350075894
:104920000B6E045008580C6EFF0E0924016EFF0E2A
:104930000A20026EFF0E0B20036EFF0E0C20046E89
:10494000800E0D1A106C1050D8A40FD0010E012645
:10495000000E02220322042208D00550015E0650F8
:10496000025A0750035A0850045A0150021003100B
:104970000410D8A41CD01050D8A419D0000E016E79
:10498000000E026E000E036E000E046E1200D89030
:10499000013602360336043610BE018010A002D064
:1049A000D88001D0D89010360F50D8A40F0603AE8F
:1049B000EED7000E0E6E10AE0BD010C509F57F0EAF
:1049C0000916D8B403D0010E0E6E02D001B0FBD789
:1049D0000E50D8B420D0010E0126000E0222032270
:1049E000042204A018D001C509F502C50AF503C5C3
:1049F0000BF504C50CF50C340C320B320A320932BB
:104A000009C501F50AC502F50BC503F50CC504F58A
:104A10000F28D8A40F2A0F28D8B403D00F50D8A439
:104A20000DD0000E016E000E026E000E036E000E21
:104A3000046E0F50D8A402D0000E0D6E0FA002D04D
:104A4000038E01D0039ED8900F30046E0DBE048EED
:104A500001C501F502C502F503C503F504C504F55A
:104A6000120024C6D9F425C6DAF4DEC43CF6DDC44F
:104A70003DF629510AE1200E285DD8B006D026C6A1
:104A80002AF61F0E2A17D8B402D0020E120020EE0A
:104A90000EF02451D9262551DA2226C6DEF427C687
:104AA000DEF428C6DEF429C6DEF420EE06F024513A
:104AB000D9262551DA22DEC438F6DEC439F6DEC442
:104AC0003AF6DEC43BF6385139113A113B11D8A4FD
:104AD00015D03CC6D9F43DC6DAF4020EDF640ED020
:104AE00020EE24F03C51D9263D51DA22DEC438F6BE
:104AF000DEC439F6DEC43AF6DEC43BF6385139116D
:104B00003A113B11D8A440D020EE08F03C51D926F0
:104B10003D51DA22DEC42AF6DDC42BF62A512C6F71
:104B20002B512D6F2E6B2F6B26C630F627C631F614
:104B300028C632F629C633F6060E05D0D890333390
:104B4000323331333033E82EF9D72C51305D2D51CB
:104B500031592E5132592F513359D8B096D720EEB2
:104B600024F03C51D9263D51DA2210EE16F02451A2
:104B7000E1262551E222DEC4E6F4DEC4E6F4DEC41A
:104B8000E6F4DEC4E6F48AD020EE0AF03C51D926E1
:104B90003D51DA22DEC42AF6DDC42BF62A512C6FF1
:104BA0002B512D6F2E6B2F6B090ED8902C372D3774
:104BB0002E372F37E82EF9D72CC634F62DC635F60A
:104BC0002EC636F62FC637F642D024C60AF625C6BC
:104BD0000BF638C60CF639C60DF63AC60EF63BC6CD
:104BE0000FF666ECA0F00AC638F60BC639F60CC60E
:104BF0003AF60DC63BF60601382909E1392907E1E5
:104C00003A2905E13B29D8A402D0010E12003B51FC
:104C10003A11391104E1020E385DD8A036D720EEE2
:104C200014F03C51D9263D51DA22DE50385DDE5079
:104C30003959DE503A59DE503B59D8B026D7345155
:104C4000265F3551275B3651285B3751295B34513C
:104C5000265D355127593651285937512959D8B031
:104C6000B4D73CC60DF53DC60EF538C60FF539C6AE
:104C700010F53AC611F53BC612F5B2ECC3F00601C9
:104C800020EE16F02451D9262551DA220DC5DEF486
:104C90000EC5DEF40FC5DEF410C5DEF420EE12F012
:104CA0002451D9262551DA2238C6DEF439C6DEF47D
:104CB0003AC6DEF43BC6DEF420EE16F02451D926C7
:104CC0002551DA22DE50DE10DE10DE10D8B4DDD63B
:104CD00026C62AF627C62BF628C62CF629C62DF698
:104CE0000A0E05D0D8902D332C332B332A33E82EDF
:104CF000F9D720EE16F02451D9262551DA222A516F
:104D0000DE262B51DE222C51DE222D51DE22FF0E1B
:104D100026152A6F010E27152B6F2A513C252C6F63
:104D20002B513D212D6F300E2C27000E2D2320EE10
:104D30001AF02451D9262551DA222CC6DEF42DC6CC
:104D4000DDF4000E1200FB0E026E200E016EB3ECBD
:104D5000CFF007012B6FFB0E026E210E016EB3EC3C
:104D6000CFF007012A6F000E1B150601736FFF0EAF
:104D700007011C150601746FFB0E026E220E016EF8
:104D8000B3ECCFF00601756F7551731107011B6FFE
:104D90000601745107011C6FFB0E026E230E016E9B
:104DA000B3ECCFF00701296FFB0E026E240E016EEB
:104DB000B3ECCFF00701286F100E2B610CD02B51F4
:104DC000040D820EF324D96E080EF420DA6EDE5044
:104DD000DE10D8A40ED02B0E05019A6FFF0E9B6F2C
:104DE0002BC79CF59D6B48ECCFF0010E0701DB6FE4
:104DF00012002AC701F5026A2B51040D800EF3241C
:104E0000D96E080EF420DA6EDEC403F5DDC404F5B5
:104E10005BECCFF007011B5101261C510222FF0E53
:104E200001240601736FFF0E0220746F73C67BF6B8
:104E300074C67CF67D6B7E6B07012B51040D820ED0
:104E4000F324D96E080EF420DA6EDEC47FF6DDC4DA
:104E500080F67FC648F680C649F67BC673F67CC6E8
:104E600074F67DC675F67EC676F6070ED8900601F6
:104E70007337743775377637E82EF8D773C64AF626
:104E800074C64BF675C64CF676C64DF657EC8CF0EC
:104E9000816F8151D8B40BD0A10E05019A6FFE0E1F
:104EA0009B6F81C69CF59D6B48ECCFF09ED7520E50
:104EB00007012C19D8A44BD07FC624F680C625F64E
:104EC000000E0601266F080E276F000E296F800E58
:104ED000286F820E2A6F060E2B6FB3EC92F0816F53
:104EE0008151D8A405D0800E82198311D8B40FD077
:104EF000E00E05019A6FFC0E9B6F81C69CF59D6BC1
:104F000082C69EF583C69FF548ECCFF06ED7000EA3
:104F10000701DB6F28510601736F07012951060154
:104F2000776F73C678F677C601F578C602F5000E7E
:104F3000036E080E046E000E066E800E056E7BEC8E
:104F4000CAF0000E0701196F000E1A6F1200530EFF
:104F50002C19D8A4120028510601736F070129519A
:104F60000601796F73C67AF679C601F57AC602F53D
:104F7000000E036E080E046E000E066E800E056EA7
:104F800053ECCCF07FC648F680C649F6000E060109
:104F90004A6F080E4B6F000E4D6F800E4C6F820EE5
:104FA0004E6F060E4F6FDBEC88F0816F8151D8A4F5
:104FB00005D0800E82198311D8B40FD0C00E050120
:104FC0009A6FFC0E9B6F81C69CF59D6B82C69EF509
:104FD00083C69FF548ECCFF008D77FC60AF680C697
:104FE0000BF610ECB1F00601816F8151D8B40BD0F3
:104FF000B70E05019A6FFE0E9B6F81C69CF59D6BE7
:1050000048ECCFF0F2D6000E0701DB6F9AD70BC544
:10501000D9F40CC5DAF4DEC415F5DDC416F51C0EA2
:105020000924196E000E0A201A6E19C501F51AC559
:1050300002F5000E046E200E036E000E066E0B0EBF
:10504000056EE0ECCEF0000E1C6E000E1B6E1BC554
:1050500017F51CC518F5000E146E080E136E1750C8
:1050600015240D6E185016200E6E0DC5F6F40EC5E3
:10507000F7F4000EF86E240EF76403D00800F55024
:1050800005D0F6C4E9F4F7C4EAF4EF501D6E174AF0
:10509000182A210E1D6001D0C4D02F0E1D18D8B4BF
:1050A00007D05C0E1D18D8B403D037D0174A182A81
:1050B000175015240D6E185016200E6E0DC5F6F4FF
:1050C0000EC5F7F4000EF86E240EF76403D0080046
:1050D000F55005D0F6C4E9F4F7C4EAF4EF502F0A0E
:1050E000D8B4E4D7175015240D6E185016200E6E44
:1050F0000DC5F6F40EC5F7F4000EF86E240EF76435
:1051000003D00800F55005D0F6C4E9F4F7C4EAF47A
:10511000EF505C0AD8A485D0C9D72E0E1D18D8B47C
:1051200006D013501B5C14501C58D8A013D00B0E83
:1051300013181410D8B404D02E0E1D18D8B402D0F1
:10514000060E1200000E1C6E080E1B6E000E146E72
:105150000B0E84D71D5026ECCBF001500210D8B4B2
:1051600040D0175015240D6E185016200E6E0DC528
:10517000F6F40EC5F7F4000EF86E240EF76403D0B3
:105180000800F55005D0F6C4E9F4F7C4EAF4EF508E
:10519000126E174A182A125026ECC8F0015002105D
:1051A000D8B4CED7FF0E13240D6EFF0E14200E6E52
:1051B0000D501B5C0E501C58D8B0C2D71B50192480
:1051C000D96E1C501A20DA6E1DC5DFF41B4A1C2A4A
:1051D0001B501924D96E1C501A20DA6E12C5DFF448
:1051E0001DD07F0E016EFF0E026E1DC503F5046A11
:1051F00084ECCDF001500210D8A4A2D7600E1D643B
:1052000005D07B0E1D6002D0200E1D5E1B501924A0
:10521000D96E1C501A20DA6E1DC5DFF41B4A1C2AF9
:105220001ED7175015240D6E185016200E6E0BC584
:10523000D9F40CC5DAF40DC5DEF40EC5DDF41B504F
:105240001C10D8B47DD719C5D9F41AC5DAF4E50E07
:10525000DE18D8A406D019C5D9F41AC5DAF4050E9B
:10526000DF6E200E1D641FD0175015240D6E1850D0
:1052700016200E6E0DC5F6F40EC5F7F4000EF86E8E
:10528000240EF76403D00800F55005D0F6C4E9F405
:10529000F7C4EAF4EF500F6E200E0F6404D0000E36
:1052A000116E000E03D0000E116E040E106E20EE73
:1052B0000BF01950D9261A50DA2210C5DFF4000E6F
:1052C00012001E50800B2B6E1E501E24326E1DBE0F
:1052D00032803250D8B40DD03228D8A408D0000E75
:1052E0001B6E000E1C6E000E1D6E000E1E6E1D8EBF
:1052F00006D0000E1B6E000E1C6E000E1D6E000E02
:105300001E6E2250800B2B1A22502224336E21BE97
:1053100033803350D8B40DD03328D8A408D0000E31
:105320001F6E000E206E000E216E000E226E218E6A
:1053300006D0000E1F6E000E206E000E216E000EB5
:10534000226E1F50201021102210D8A417D0000E5A
:105350001B6E000E1C6E000E1D6E000E1E6E800E6B
:105360001D127F0E1E122B501E121BC51BF51CC5D5
:105370001CF51DC51DF51EC51EF512003250D8A422
:1053800009D0000E1B6E000E1C6E000E1D6E000E6E
:105390001E6E1200335032C523F5246A235E000EC0
:1053A000245A7F0E23242C6E000E24202D6E1BC544
:1053B00027F51CC528F51DC529F51EC52AF5000EC3
:1053C0001B6E000E1C6E000E1D6E000E1E6E000E7B
:1053D0002E6E000E2F6E000E306E000E316E000E1F
:1053E000336E28D03350D8B411D0D8902736283611
:1053F00029362A36D8901B361C361D361E3631BE4D
:105400001B80D8902E362F36303631361F50275C11
:10541000205028582150295822502A58D8A009D065
:10542000318C1F50275E2050285A2150295A225073
:105430002A5A332A190E3364D5D727502810291039
:105440002A10D8B411D02E800FD0D8901B361C361D
:105450001D361E3631BE1B80D8902E362F36303684
:1054600031362C06D8A02D061DAEEFD7000E336EB8
:1054700031AE17D0FF0E2E14236EFF0E2F14246EA4
:10548000FF0E3014256E7F0E3114266E235024102B
:1054900025102610D8B403D0010E336E02D01BB0F5
:1054A000FBD73350D8B41FD0010E1B26000E1C2290
:1054B0001D221E221EA017D01BC523F51CC524F5D6
:1054C0001DC525F51EC526F5263426322532243283
:1054D000233223C51BF524C51CF525C51DF526C59E
:1054E0001EF52C4A2D2A2DBE10D02D5003E12C285C
:1054F000D8A00BD0000E2D6E2C68000E1B6E000E77
:105500001C6E000E1D6E000E1E6E2DBE05D02D50A1
:1055100011E12C04D8B00ED0000E2D6E000E2C6EB2
:10552000000E1B6E000E1C6E000E1D6E000E1E6E19
:10553000000E2B6E2CC532F532A002D01D8E01D08C
:105540001D9ED89032301E6E0ED706C7DDF507C7F8
:10555000DEF5000EDA6F050ED96F000EE06F000E5B
:10556000DF6FE169000ED66F000ED56F15D0DFC575
:1055700001F5E0C502F5E10E036E050E046E000EA6
:10558000066E010E056E85ECC5F001C5DFF502C59E
:10559000E0F50501D54BD62BCB51D55DCC51D65975
:1055A000D8A0E5D7DFC501F5E0C502F5CDC503F507
:1055B000CEC504F5CFC505F5D0C506F585ECC5F01B
:1055C00001C5DFF502C5E0F5000E0501D86F000E3C
:1055D000D76F15D0DFC501F5E0C502F5E10E036E0A
:1055E000050E046E000E066E010E056E85ECC5F00C
:1055F00001C5DFF502C5E0F50501D74BD82BCBC5BA
:10560000D1F5CCC5D2F5D11FD21FD14BD22BCF5162
:10561000D15FD051D25B000ED125D36F020ED221C3
:10562000D46FD351D75DD451D859D8A0D3D7C7C5DB
:1056300018F5C8C519F5C9C51AF5CAC51BF5E10E97
:105640001C6E050E1D6E180EDEECC6F018C5DBF5DF
:1056500019C5DCF50501DB51DC11D8A4AAD0E15154
:10566000D8B404D0000EDC6F030EA2D0FE0EE16FA2
:10567000DDC501F5DEC502F5E10E036E050E046E13
:10568000000E066E010E056E93ECCBF0DDC50BF53A
:10569000DEC50CF5CBC50DF5CCC50EF57DECCCF01B
:1056A000DDC501F5DEC502F5CDC503F5CEC504F5B2
:1056B000CFC505F5D0C506F593ECCBF0DDC50BF5F0
:1056C000DEC50CF5CBC5D1F5CCC5D2F50501D11F92
:1056D000D21FD14BD22BCF51D15FD051D25B000E14
:1056E000D1250D6E020ED2210E6E7DECCCF0E0C500
:1056F000E1F5DDC501F5DEC502F5E10E036E050E2F
:10570000046E000E066E010E056E93ECCBF0DFC545
:10571000E1F5DDC501F5DEC502F5E10E036E050E0E
:10572000046E000E066E010E056E93ECCBF00B0EB0
:10573000136EB80E126EFF0EB0ECCEF00501E16FE5
:10574000E129D8A404D0000EDC6F010E31D0E15164
:105750001F0B050AD8B41DD0E1511F0B0B0AD8A4AA
:1057600081D7D907D8A0DA07DABF05D0DA5107E127
:10577000D905D8B004D0000EDC6F040E19D0750E18
:10578000136E300E126EFF0EB0ECCEF00BECCFF0BD
:105790004ED7750E136E300E126E000EB0ECCEF0BA
:1057A0000501E16FE151D8B4CED7000EDC6F000ED9
:1057B000DB6F0BECCFF0DBC5C7F5DCC5C8F512001D
:1057C00003C50DF504C50EF505500610D8B412003A
:1057D00006C583F005C582F005C507F5070E071657
:1057E000D8A410D005C507F506C508F5D89008322D
:1057F0000732D89008320732D890083207320804AE
:10580000D8A026D000018169000E0A6E010E096E33
:105810000ED000018169B1A0FED70DC5D9F40EC527
:10582000DAF480C0DFF40D4A0E2A094A0A2A05502C
:10583000095C06500A58D8A0ECD7B1A0FED70DC518
:10584000D9F40EC5DAF480C0DFF40D4A0E2A120036
:10585000000181698169B1A0FED70DC5D9F40EC5DB
:10586000DAF480C0DFF40D4A0E2A00018169B1A08C
:10587000FED70DC5D9F40EC5DAF480C0DFF40D4AA9
:105880000E2A00018169B1A0FED70DC5D9F40EC55D
:10589000DAF480C0DFF40D4A0E2A00018169B1A05C
:1058A000FED70DC5D9F40EC5DAF480C0DFF40D4A79
:1058B0000E2A00018169B1A0FED70DC5D9F40EC52D
:1058C000DAF480C0DFF40D4A0E2A00018169B1A02C
:1058D000FED70DC5D9F40EC5DAF480C0DFF40D4A49
:1058E0000E2A00018169B1A0FED70DC5D9F40EC5FD
:1058F000DAF480C0DFF40D4A0E2A05C507F506C5A7
:1059000008F5D89008320732D89008320732D8907C
:105910000832073207500B6E010E0C6E61D0000189
:105920008169B1A0FED70DC5D9F40EC5DAF480C0E7
:10593000DFF40D4A0E2A00018169B1A0FED70DC522
:10594000D9F40EC5DAF480C0DFF40D4A0E2A000146
:105950008169B1A0FED70DC5D9F40EC5DAF480C0B7
:10596000DFF40D4A0E2A00018169B1A0FED70DC5F2
:10597000D9F40EC5DAF480C0DFF40D4A0E2A000116
:105980008169B1A0FED70DC5D9F40EC5DAF480C087
:10599000DFF40D4A0E2A00018169B1A0FED70DC5C2
:1059A000D9F40EC5DAF480C0DFF40D4A0E2A0001E6
:1059B0008169B1A0FED70DC5D9F40EC5DAF480C057
:1059C000DFF40D4A0E2A00018169B1A0FED70DC592
:1059D000D9F40EC5DAF480C0DFF40D4A0E2A0C2A81
:1059E0000B500C5CD8A09BD7B1B029D7FDD720EEC7
:1059F00004F00A51D9260B51DA22DF6A20EE2CF08E
:105A00000A51D9260B51DA22FF0EDE6EFF0EDE6E32
:105A1000FF0EDE6EFF0EDD6E0AC600F60BC601F647
:105A20000CC602F60DC603F60EC604F60FC605F642
:105A300012ECC4F00009D8B406D0000E06010B6FBA
:105A4000040E0A6F12002E0E06010A25016E020EC8
:105A50000B21026E2AECCEF001C513F602C514F636
:105A6000060120EE30F00A51D9260B51DA22DF5020
:105A7000176FEB0E1719D8B408D0E90E1719D8B460
:105A800004D0E80E1719D8A4ADD0550E13191EE195
:105A9000AA0E1419D8A41AD0820E0A25016E000E7F
:105AA0000B21026EB70E036EFF0E046E000E066E23
:105AB000080E056E32ECC6F001500210D8A406D0D4
:105AC000000E06010B6F000E0A6F12003B0E06015E
:105AD0000A25016E000E0B21026E2AECCEF001C5E4
:105AE00015F602C516F6060120EE3DF00A51D9263C
:105AF0000B51DA22DF50176FFF0E1525106FFF0EC6
:105B00001621116F1551101716511117105111113F
:105B1000D8A468D0020E165DD8A064D01505020E78
:105B20001659D8B05FD01751D8B45CD017051715E7
:105B30000009D8A457D03E0E0A25016E000E0B2195
:105B4000026E2AECCEF001500210D8B44BD0060100
:105B500020EE40F00A51D9260B51DA22DF50106FA7
:105B6000FF0E1025116F126BFF0E122312513AE136
:105B7000020E115DD8B036D0410E0A25016E000E1E
:105B80000B21026E2AECCEF001500210D8B42AD0BC
:105B9000430E06010A25016E000E0B21026E2AEC4F
:105BA000CEF0025012E1800E015CD8B00ED0500E43
:105BB00006010A25016E000E0B21026ECDECC4F029
:105BC000045003E10304D8A00DD0460E06010A25B7
:105BD000016E000E0B21026E2AECCEF00150021075
:105BE000D8A46ED7550E0601131904E1AA0E141994
:105BF000D8B405D0000E0B6F030E0A6F1200000E12
:105C00000B6F020E0A6F120033ECC7F0C8ECCDF038
:105C1000FF0E9A6FFC0E9B6F48ECCFF058ECB6F07D
:105C2000040146AF4AD04351016E4451026E4551C2
:105C3000036E046A3D0E056E000E066E000E076EC2
:105C4000000E086E28ECCCF0D890043203320232F9
:105C5000013201C50DF502C50EF503C50FF504C5EA
:105C600010F5000EF3ECB9F00DC51BF50EC51CF5D3
:105C70000FC51DF510C51EF5000E1F6E240E206EFB
:105C8000740E216E490E226E61ECA9F01BC5D1F78E
:105C90001CC5D2F71DC5D3F71EC5D4F70E0E0501DE
:105CA0009A6FFB0E9B6FD1C79CF5D2C79DF5D3C7EA
:105CB0009EF5D4C79FF548ECCFF0CA0E05019A6F48
:105CC000FB0E9B6F48ECCFF0B6ECCAF08C0E0601D1
:105CD000AF6F150EB06FF10EB16FFF0EB26F010E08
:105CE000B36FBAECC1F00009D8B408D0720E050148
:105CF0009A6FFD0E9B6F48ECCFF0FFD7D6EC9CF06F
:105D0000C0BFFFD7000E026E000E016ED80E036EEC
:105D1000F40E046E030E066E4A0E056E7BECCAF09E
:105D2000CFECBFF008D0000ECB6E0001D785D79521
:105D3000CEA0FED7CB68000EE06E0001D4B1FDD737
:105D4000CFC42CF746D0000EB7B0010E020DF350B1
:105D5000B7B2010FC36EE7D7C7C2C3F4C294E3D78B
:105D6000DBC7C3F4E0D7C2800001D785D795C3EC69
:105D7000CFF0A3ECA6F0E5ECCFF0C290DCD7C28068
:105D80000001D785D795C3ECCFF0E40E026E000E6C
:105D9000016E6F0E036ED90E046E160E066E000EA7
:105DA000056E7BECCAF0E7D7C2800001D785D79596
:105DB000C3ECCFF0FA0E026E000E016EA20E036E5F
:105DC000EF0E046E050E066E360E056E7BECCAF005
:105DD000D2D707012C51000AD8B4BED7010AD8B4D3
:105DE000B2D7470AD8B4CBD7010AD8B4DDD7090A4D
:105DF000D8B4B6D71C0AD8B4B6D7010AD8B4B3D72A
:105E0000A90E05019A6FFB0E9B6F2CC79CF59D6B2D
:105E100048ECCFF00001D785D7958DD706C7DFF5C1
:105E200007C7E0F5000EDA6F050ED96FC7C518F584
:105E3000C8C519F5C9C51AF5CAC51BF5E30E1C6E10
:105E4000050E1D6E110EDEECC6F018C5DDF519C588
:105E5000DEF50501DD51DE11D8A4DFD0E351D8B461
:105E600004D0000EDE6F030ED7D00B0E136EB80EEB
:105E7000126EFF0EB0ECCEF00501E36FE329D8A45B
:105E800004D0000EDE6F010EC7D0FE0EE319D8A4B9
:105E9000E8D7000EE26F000EE16F000ED66F000E25
:105EA000D56F20D0DFC50FF5E0C510F580ECCFF041
:105EB0000501E36F07010AA112D0E1C501F5E2C5B2
:105EC00002F5E30E036E050E046E000E066E010E63
:105ED000056E85ECC5F001C5E1F502C5E2F50501E9
:105EE000D54BD62BCB51D55DCC51D659D8A0DAD7CE
:105EF000DFC501F5E0C502F5CDC503F5CEC504F556
:105F0000CFC505F5D0C506F5E0ECABF007010AA159
:105F100012D0E1C501F5E2C502F5CDC503F5CEC548
:105F200004F5CFC505F5D0C506F585ECC5F001C56E
:105F3000E1F502C5E2F5000E0501D86F000ED76F3E
:105F400020D0DFC50FF5E0C510F580ECCFF00501DE
:105F5000E36F07010AA112D0E1C501F5E2C502F520
:105F6000E30E036E050E046E000E066E010E056E46
:105F700085ECC5F001C5E1F502C5E2F50501D74B99
:105F8000D82BCBC5D1F5CCC5D2F5D11FD21FD14B63
:105F9000D22BCF51D15FD051D25B000ED125D36F20
:105FA000020ED221D46FD351D75DD451D859D8A085
:105FB000C8D7DFC50FF5E0C510F580ECCFF00501BF
:105FC000DC6FDB6BDFC50FF5E0C510F580ECCFF0C3
:105FD0000501D16FD151DB1307010AA119D00501C9
:105FE000E151DB1904E1E251DC19D8B411D0D90731
:105FF000D8A0DA07DABF05D0DA5107E1D905D8B061
:1060000004D0000EDE6F040E07D00BECCFF00ED7DD
:10601000000E0501DE6F000EDD6F0BECCFF0DDC56D
:10602000C7F5DEC5C8F51200BB0E0701066F070EE7
:10603000076FB2C508F7B3C509F70A9106C7B6F5E9
:1060400007C7B7F5B6C501F5B7C502F597ECCEF0B1
:10605000B6C5A6F5B7C5A7F5AEC5A8F5AFC5A9F5F0
:10606000010E0501AA6F000EAB6FD8ECC0F0B6C5EB
:1060700005F5B7C506F591ECCFF0B6C50BF5B7C57C
:106080000CF5000E0E6E0A0E0D6E7DECCCF00BECD6
:10609000CFF0000E286E000E296E000E2A6E000E44
:1060A0002B6EB80E2C6E050E2D6E000E2F6E010E8F
:1060B0002E6E000EEEECCAF00501B805D8B405D07E
:1060C000000EAF6F010EAE6F1200AA0E286E010E09
:1060D000296E000E2A6E000E2B6EB80E2C6E050E69
:1060E0002D6E000E2F6E050E2E6E080EEEECCAF011
:1060F0000501B805D8B4BBA104D0AA0EBC19D8B408
:1061000005D0000EAF6F020EAE6F1200000EB56F1D
:10611000000EB46F000E286E000E296E000E2A6E5F
:10612000000E2B6EB80E2C6E050E2D6E000E2F6E0F
:10613000010E2E6E370EEEECCAF0000E286E000E29
:10614000296E000E2A6E400E2B6EB80E2C6E050EB8
:106150002D6E000E2F6E050E2E6E290EEEECCAF07F
:106160000501B851D8B40AD0B44BB52BB5BFD2D7BE
:10617000B80EB45D0B0EB559D8A0CCD7B851D8A481
:106180009FD7000E286E000E296E000E2A6E000E9C
:106190002B6EB80E2C6E050E2D6E000E2F6E050E9A
:1061A0002E6E3A0EEEECCAF0B8C55FF5FE0E5F1625
:1061B000D8B406D0000E0501AF6F030EAE6F12000B
:1061C0000501B9AD9ED7B9AFF5D7010E286E000E07
:1061D000296E000E2A6E000E2B6EB80E2C6E050E68
:1061E0002D6E000E2F6E010E2E6E3B0EEEECCAF0E1
:1061F0000501B851D8A4DED7B6C5A6F5B7C5A7F531
:10620000B0C5A8F5B1C5A9F5010EAA6F000EAB6F18
:10621000D8ECC0F0000E0501AF6F000EAE6F12009B
:106220000AC6A6F50BC6A7F5130E0501A86F060E44
:10623000A96F51ECC3F00601106F1051D8A4E2D041
:1062400020EE0EF00A51D9260B51DA22DFACDAD05B
:1062500020EE0EF00A51D9260B51DA22DFAE35D0EE
:10626000220E0A250501E26F000E06010B21050131
:10627000E36F060120EE18F00A51D9260B51DA22FD
:10628000DEC4E4F5DEC4E5F5DEC4E6F5DEC4E7F51C
:10629000000E0501E96F010EE86F060120EE01F026
:1062A0001351D9261451DA22DF5001ECC9F000094C
:1062B000D8B402D0010E1200060120EE0EF00A51F1
:1062C000D9260B51DA227F0EDF16CEECCFF001C5B6
:1062D0000CF602C50DF603C50EF604C50FF613C67F
:1062E00000F614C601F620EE1CF00A51D9260B5117
:1062F000DA22DEC402F6DEC403F6DEC404F6DEC42F
:1063000005F612ECC4F00601106F1051D8A47AD033
:1063100020EE20F00A51D9260B51DA22DEC411F604
:10632000DDC412F620EE0BF01151D9261251DA22FB
:10633000000EDB8A0AC6D9F40BC6DAF4DEC405F512
:10634000DDC406F511C607F512C608F520EE06F005
:106350000A51D9260B51DA22DEC409F5DEC40AF54A
:10636000DEC40BF5DEC40CF5E9ECCDF01C0E060125
:106370001125016E000E1221026E20EE0AF00A5164
:10638000D9260B51DA22DEC403F5DEC404F5DEC4DF
:1063900005F5DEC406F55DECCBF0160E1125016E99
:1063A000000E1221026E0CC603F50DC604F50EC6D2
:1063B00005F50FC606F55DECCBF0120E1125016E4A
:1063C000000E1221026E000E046E000E036E20EC11
:1063D000CFF0060120EE04F01351D9261451DA2231
:1063E000010EDF6E13C600F614C601F604ECB2F01F
:1063F0000601106F20EE0EF00A51D9260B51DA2259
:10640000BF0EDF161051120000C6EDF501C6EEF505
:10641000E3ECB7F0FF6FFF51D8A4E8D000C6D9F481
:1064200001C6DAF4030EDE18D8A4CAD0060120EEA5
:1064300005F00051D9260151DA22DE04D8A4C0D0DB
:10644000300E0025016E000E0121026E000E046E5A
:10645000000E036E020E066E000E056EE0ECCEF02E
:106460002E0E0025016E020E0121026EAA0E046E90
:10647000550E036E20ECCFF0300E06010025016EA4
:10648000000E0121026E520E036E520E046E610E5A
:10649000056E410E066E5DECCBF0140E0025016E0C
:1064A000020E0121026E720E036E720E046E410E18
:1064B000056E610E066E5DECCBF0180E0025016EC8
:1064C000020E0121026E20EE10F00051D92601517A
:1064D000DA22DEC403F5DEC404F5DEC405F5DEC44D
:1064E00006F55DECCBF01C0E0025016E020E0121BD
:1064F000026E20EE0CF00051D9260151DA22DEC4E2
:1065000003F5DEC404F5DEC405F5DEC406F55DEC76
:10651000CBF020EE1CF00051D9260151DA22DEC466
:1065200002F6DEC403F6DEC404F6DEC405F6010E90
:106530000225066F000E0321076F000E0421086F6D
:10654000000E0521096F20EE2CF00051D9260151D3
:10655000DA2206C6DEF407C6DEF408C6DEF409C693
:10656000DEF4300E00250501E26F000E0601012168
:106570000501E36F060120EE2CF00051D9260151F0
:10658000DA22DEC4E4F5DEC4E5F5DEC4E6F5DEC4F9
:10659000E7F5000E0501E96F010EE86F060120EE38
:1065A00001F00051D9260151DA22DF5001ECC9F087
:1065B000060120EE05F00051D9260151DA22DF6AEA
:1065C000000E0501A66F000EA76F000EA86F060152
:1065D00020EE01F00051D9260151DA22DF50A6EC5D
:1065E000CCF00009D8B402D0010EFF6FFF511200A9
:1065F00020EE09F01050D9261150DA22DF6A20EE81
:1066000016F00E50D9260F50DA22DE50DE10DE10C2
:10661000DE10D8B41200000E196E000E186E18C5E8
:1066200016F519C517F543D020EE1AF00E50D926ED
:106630000F50DA22DEC412F5DDC413F51650122411
:10664000D96E17501320DA6EDF501A6E164A172AC9
:10665000200E1A18D8B42BD0050E1A18D8A402D0C0
:10666000E50E1A6E090E16181710D8A410D018507F
:106670001024126E19501120136E090E1224D96EB7
:10668000000E1320DA6E2E0EDF6E184A192A1850EB
:106690001024126E19501120136E090E1224D96E97
:1066A000000E1320DA6E1AC5DFF4184A192A1750A3
:1066B00004E10B0E165CD8A0B7D718501024126E48
:1066C00019501120136E090E1224D96E000E1320DA
:1066D000DA6EDF6A20EE08F01050D9261150DA2267
:1066E00010EE1AF00E50E1260F50E22200EE0BF0F1
:1066F000E650E926E550EA22EF503F0BDF6E20EE30
:106700001AF00E50D9260F50DA22DEC412F5DDC47D
:1067100013F51C0E1224016E000E1320026ECDEC38
:10672000C4F010C5D9F411C5DAF401C5DEF402C510
:10673000DEF403C5DEF404C5DEF420EE1AF00E50DC
:10674000D9260F50DA22DEC412F5DDC413F5160E79
:106750001224016E000E1320026E2AECCEF020EE01
:1067600006F01050D9261150DA2201C5DEF402C518
:10677000DDF420EE1AF00E50D9260F50DA22DEC4D6
:1067800012F5DDC413F5180E1224016E000E13204D
:10679000026E2AECCEF020EE04F01050D9261150F3
:1067A000DA2201C5DEF402C5DDF412002BC6D9F4ED
:1067B0002CC6DAF4DEC442F6DDC443F630512F11A4
:1067C0002E1104E1020E2D5DD8A010D020EE14F0A1
:1067D0004251D9264351DA22DE502D5DDE502E592A
:1067E000DE502F59DE503059D8A002D0020E1200D0
:1067F0003151321133113411D8B41CD042C60AF6CB
:1068000043C60BF631C60CF632C60DF633C60EF68D
:1068100034C60FF6FF0E106FFF0E116FFF0E126FD2
:10682000FF0E136FD6EC9AF0416F4151D8B402D0ED
:10683000415112002BC60AF62CC60BF62DC60CF6DB
:106840002EC60DF62FC60EF630C60FF666ECA0F07B
:106850000AC63DF60BC63EF60CC63FF60DC640F620
:1068600006013D513E113F114011D8B478D03D058D
:106870003E113F114011D8B4B9D73D2909E13E2955
:1068800007E13F2905E14029D8A402D0010E1200FA
:1068900042C60AF643C60BF62DC60CF62EC60DF6FA
:1068A0002FC60EF630C60FF6000E106F000E116FD9
:1068B000000E126F000E136FD6EC9AF0416F41512B
:1068C000D8A4B6D720EE14F04251D9264351DA228B
:1068D000FE0EDE24356FFF0EDE20366FFF0EDE204B
:1068E000376FFF0EDE20386F20EE10F04251D926B0
:1068F0004351DA223551DE5C3651DE583751DE58CD
:106900003851DE58D8B013D020EE10F04251D926BD
:106910004351DA22DE2A000EDE22DE22DE2220EEC3
:1069200005F04251D9264351DA22000EDB803DC6E4
:106930002DF63EC62EF63FC62FF640C630F620EEA8
:1069400014F04251D9264351DA22DE502D5DDE503B
:106950002E59DE502F59DE503059D8A06BD7000E7B
:1069600012000BC744F50CC745F50DC746F50EC719
:1069700047F534C544F535C545F536C546F537C543
:1069800047F5810E386EFF0E396E44C53AF545C5A0
:106990003BF546C53CF547C53DF5180E05D0D890EA
:1069A0003D323C323B323A32E82EF9D73A50382465
:1069B000426E000E3920436E43BE0FD0435004E1B7
:1069C000170E425CD8A009D034C534F535C535F56D
:1069D00036C536F537C537F5120043BE5BD042C524
:1069E00038F5FF0E396EFF0E3A6E7F0E3B6E000ECD
:1069F0003C6E386601D007D03C343C323B323A32F0
:106A00003932382EF6D739C53EF53AC53FF53BC584
:106A100040F53CC541F53E504414386E3F50451496
:106A2000396E405046143A6E415047143B6E385010
:106A300039103A103B10D8B4C7D744C538F545C50E
:106A400039F546C53AF547C53BF5200E05D0D89037
:106A50003B323A3239323832E82EF9D73850D8B48E
:106A600008D03E5044263F504522405046224150D7
:106A700047223E1C386E3F1C396E401C3A6E411C4A
:106A80003B6E38504416395045163A5046163B5026
:106A9000471632D044C538F545C539F546C53AF5EF
:106AA00047C53BF5200E05D0D8903B323A323932FB
:106AB0003832E82EF9D7386608D0000E446E000E42
:106AC000456E000E466E000E16D0D8904434386ED7
:106AD0004534396E46343A6E47343B6E385039107F
:106AE0003A103B10D8B408D0000E446E000E456E2C
:106AF000800E466EBF0E476E44C534F545C535F56C
:106B000046C536F547C537F512006AC6D9F46BC6D7
:106B1000DAF4DEC474F6DDC475F603D006016C4BFE
:106B20006D2B6CC6F6F46DC6F7F4000EF86E240EED
:106B3000F76403D00800F55005D0F6C4E9F4F7C4B3
:106B4000EAF4EF502F0AD8B4E9D76CC6F6F46DC654
:106B5000F7F4000EF86E240EF76403D00800F55029
:106B600005D0F6C4E9F4F7C4EAF4EF505C0AD8B4EF
:106B7000D5D7060120EE06F06A51D9266B51DA22EC
:106B8000DE6ADE6ADE6ADD6A6CC6F6F46DC6F7F4AC
:106B9000000EF86E240EF76403D00800F55005D0FF
:106BA000F6C4E9F4F7C4EAF4EF5006016E6F200E64
:106BB0006E6117D020EE27F06A51D9266B51DA2288
:106BC000800EDF6E6AC624F66BC625F6000E266FB1
:106BD000000E276F000E286F000E296F31ECA5F014
:106BE00027D06AC609F56BC60AF56C0E0B6E060E49
:106BF0000C6E07ECA8F00601776F7751D8A456D039
:106C00006AC662F66BC663F633ECBBF0776F20EEB4
:106C100027F06A51D9266B51DA22DF50766F77510F
:106C2000D8B408D0040E7719D8B476B53FD0050E85
:106C3000776F3CD076B53AD020EE04F06A51D92671
:106C40006B51DA22DFA8F3D774C608F575C609F5CB
:106C500020EE0EF06A51D9266B51DA22DEC46EF6B0
:106C6000DDC46FF6FF0E6E15706F010E6F15716F3C
:106C700070517425726F71517521736F300E7225CA
:106C80000A6E000E73210B6E40ECCAF0060120EE76
:106C900006F06A51D9266B51DA2208C5DEF409C51F
:106CA000DEF40AC5DEF40BC5DEF49BD77751120083
:106CB000000EAB6F000EAA6FBC0EAA25D96E170E80
:106CC000AB21DA6EA50EDF6EBD0EAA25D96E170EAA
:106CD000AB21DA6E5A0EDF6E020EAA27000EAB232E
:106CE000AB05D8A0E9D7000EAC6F000EAD6F000E5B
:106CF000AE6F000EAF6F5A0E9A6FFE0E9B6FACC553
:106D00009CF5ADC59DF5AEC59EF5AFC59FF548ECAC
:106D1000CFF025EEBCF3ACC5DFF425EEBDF3ADC579
:106D2000DFF425EEBEF3AEC5DFF4ACC501F5ADC5AD
:106D300002F5BC0E036E170E046E010E066E000EF9
:106D4000056E7BECCAF0ACC501F5ADC502F5BC0E15
:106D5000036E180E046E010E066E000E056E53ECE7
:106D6000CCF0BC0E016E170E026EBC0E036E180E38
:106D7000046E010E066E000E056E32ECC6F0015078
:106D80000210D8A436D00501AC51AD11AE11AF112F
:106D9000D8B420D0000E026E000E016EBC0E036E41
:106DA000180E046E010E066E000E056E53ECCCF04C
:106DB000BC0E016E170E026EBC0E036E180E046E32
:106DC000010E066E000E056E32ECC6F00150021088
:106DD000D8B40FD0000E0501AC27100EAD23000E65
:106DE000AE23000EAF23AF5104E1100EAE5DD8A06C
:106DF00082D77D0E05019A6FFC0E9B6FACC59CF58A
:106E0000ADC59DF5AEC59EF5AFC59FF5ACC5A6F564
:106E1000ADC5A7F5AEC5A8F5AFC5A9F50B0E05D054
:106E2000D890A933A833A733A633E82EF9D7A6C53F
:106E3000A0F5A7C5A1F548ECCFF0120018C60AF6D8
:106E400019C60BF6000E0C6F000E0D6F000E0E6FC4
:106E5000000E0F6FF7ECACF00AC632F60BC633F635
:106E6000020E32193311D8B40FD0335108E1030E9A
:106E7000325DD8B004D01A511B11D8A405D032C647
:106E800018F633C619F61200000E356F000E346F77
:106E900034C61CF635C61DF61C3B1D3BF00E1D17F7
:106EA0001C510F0B1D13F00E1C171C5118251E6FC3
:106EB0001D5119211F6FF60E1E25016E010E1F2197
:106EC000026ECDECC4F0220E206F060E216FD8901A
:106ED0003435D96E3535DA6ED890D936DA36205158
:106EE000D9262151DA2201C5DEF402C5DEF403C53C
:106EF000DEF404C5DEF4344B352B355104E1040EC9
:106F0000345DD8A0C5D71A511B11D8A405D0000EE6
:106F1000356F000E346F06D0FF0E1A25346FFF0E4A
:106F20001B21356F220E1C6F060E1D6FD890343555
:106F3000D96E3535DA6ED890D936DA361C51D92665
:106F40001D51DA22DE50DE10DE10DE10D8A405D08E
:106F5000000E336F030E326F22D018C60AF619C620
:106F60000BF6220E1C6F060E1D6FD8903435D96EAD
:106F70003535DA6ED890D936DA361C51D9261D51FE
:106F8000DA22DEC40CF6DEC40DF6DEC40EF6DEC474
:106F90000FF6F7ECACF00AC632F60BC633F61A5110
:106FA0001B11D8A46CD7335104E1020E325DD8A076
:106FB00066D7344B352B355105E1040E345DD8B01E
:106FC0005ED7B0D75CD7000E5F6E050120EE04F0EF
:106FD000ED51D926EE51DA22DF50D8B4ABD0300EC5
:106FE000ED25E26F000EEE21E36F20EE2CF0ED5167
:106FF000D926EE51DA22DEC4E4F5DEC4E5F5DEC4BE
:10700000E6F5DEC4E7F5000EE96F010EE86F20EE4D
:1070100001F0ED51D926EE51DA22DF5001ECC9F032
:107020000009D8A485D020EE04F0ED51D926EE5108
:10703000DA22DF6A20EE18F0ED51D926EE51DA227D
:1070400010EE20F0ED51E126EE51E222E6C4F3F518
:10705000E6C4F4F5E6C4F5F5E6C4F6F510EE2CF05A
:10706000ED51E126EE51E222E6C4F7F5E6C4F8F56B
:10707000E6C4F9F5E6C4FAF5F351F75DFB6FF45198
:10708000F859FC6FF551F959FD6FF651FA59FE6F39
:10709000DE50FB5DDE50FC59DE50FD59DE50FE59DE
:1070A000D8B048D020EE03F0ED51D926EE51DA22C7
:1070B000020EDE18D8A43ED0300EED25E26F000E91
:1070C000EE21E36F20EE18F0ED51D926EE51DA22D1
:1070D000DEC4EFF5DEC4F0F5DEC4F1F5DEC4F2F592
:1070E00020EE2CF0ED51D926EE51DA22DEC4F3F574
:1070F000DEC4F4F5DEC4F5F5DEC4F6F5EF51F32594
:10710000E46FF051F421E56FF151F521E66FF25192
:10711000F621E76F000EE96F010EE86F20EE01F037
:10712000ED51D926EE51DA22DF5001ECC9F002D040
:10713000010E5F6E5F50120020AE02D0010E01D032
:10714000000E276E070116AF279316AF05D0000E6D
:10715000246E010E236E04D015C723F516C724F53F
:1071600013C725F514C726F52750D8B410D0250627
:10717000D8A026062750D8A404D0000E226E2B0ECD
:1071800003D0000E226E2D0E216E21C527F5000EB4
:10719000296E4F0E286E000E7C6F44D02806D8A0B2
:1071A00029062D0E2824D96E070E2920DA6E1DC55A
:1071B00001F51EC502F51FC503F520C504F50A0E2D
:1071C000056E000E066E000E076E000E086E88EC4F
:1071D000C6F001C50BF502C50CF534ECCFF00B5031
:1071E000300FDF6E2306D8A024062506D8A0260679
:1071F0001DC501F51EC502F51FC503F520C504F523
:107200000A0E056E000E066E000E076E000E086E6A
:1072100087ECC2F001C51DF502C51EF503C51FF5BB
:1072200004C520F529BE1CD0295003E12804D8A0AC
:1072300017D01D501E101F102010D8A4AFD724BE89
:1072400005D02450ABE12304D8B0A8D726BE08D07F
:10725000265003E12504D8A003D0070127B39ED709
:107260002750D8B40BD02806D8A029062D0E2824E4
:10727000D96E070E2920DA6E27C5DFF41BC512F57B
:107280001CC513F52D0E2824146E070E2920156E2B
:1072900025C516F526C517F504ECCAF012000A68D4
:1072A0000B6801C5D9F402C5DAF4DEC40CF5DDC4FF
:1072B0000DF50CC507F50DC508F50C500D10D8A43B
:1072C00003D001680268120007C5F6F408C5F7F498
:1072D000000EF86E240EF76403D00800F55005D0B8
:1072E000F6C4E9F4F7C4EAF4EF50096E074A082A35
:1072F000200E096404D03A0E0918D8A4E5D73A0E36
:107300000918D8A46BD0000E066E010E056E0CC5D0
:10731000F6F40DC5F7F4000EF86E240EF76403D0F2
:107320000800F55005D0F6C4E9F4F7C4EAF4EF50CC
:10733000036E2F0E03643AD00CC5F6F40DC5F7F4B6
:10734000000EF86E240EF76403D00800F55005D047
:10735000F6C4E9F4F7C4EAF4EF50036E3A0E0360A2
:1073600025D0020E0C24036E000E0D20046E075073
:1073700003181CE108500418D8A418D00CC5F6F462
:107380000DC5F7F4000EF86E240EF76403D0080064
:10739000F55005D0F6C4E9F4F7C4EAF4EF50036EF3
:1073A000D00E0324056E066AFF0E062206BE05D027
:1073B00006500FE10504D8B00CD005C50AF506C586
:1073C0000BF501C5D9F402C5DAF407C5DEF408C52A
:1073D000DDF40AC501F50BC502F51200000E026EC0
:1073E000000E016E1200156E1550D8A410AE1AD002
:1073F0000DC511F50EC512F50FC513F510C514F521
:10740000111E121E131E141E112A000E1222132208
:10741000142211C517F512C518F513C519F514C5B1
:107420001AF508D00DC517F50EC518F50FC519F5D5
:1074300010C51AF50D500E100F101010D8A409D059
:10744000000E0D6E000E0E6E000E0F6E000E106E12
:107450001200960E166E06D0162AD8901A321932DD
:1074600018321732000E1714116E000E1814126E17
:10747000000E1914136EFE0E1A14146E1150121011
:1074800013101410D8B40DD0E7D7162A010E172602
:10749000000E182219221A22D8901A3219321832E4
:1074A0001732000E1714116E000E1814126E000E13
:1074B0001914136EFF0E1A14146E115012101310BB
:1074C0001410D8B407D0E1D71606D890173618365E
:1074D00019361A3619BE03D0020E1660F5D716A05B
:1074E000199ED890163216C511F5126A136A146ADD
:1074F00011C514F5136A126A116A1150171212504D
:1075000018121350191214501A121550D8A410AE94
:1075100001D01A8E17C50DF518C50EF519C50FF552
:107520001AC510F512000DC515F50EC516F5155046
:107530001610D8A404D0D90E156EFF0E166E000ECC
:10754000186E000E176E02D0174A182A175015240D
:107550000F6E18501620106E0FC5F6F410C5F7F414
:10756000000EF86E240EF76403D00800F55005D025
:10757000F6C4E9F4F7C4EAF4EF500009D8A4E4D75C
:10758000070116BF0ED01750155D1651800A0F6EF9
:107590001850800A0F58D8B004D015C717F516C771
:1075A00018F517C511F518C512F513C713F514C74B
:1075B00014F527A10DD034D0000E036E200E026EFC
:1075C0000BC504F50CC505F587ECC7F0174A182A5A
:1075D0001350175C1850800A0F6E1450800A0F5811
:1075E000D8B01ED0E9D715C5F6F416C5F7F4000ECD
:1075F000F86E240EF76403D00800F55005D0F6C4E9
:10760000E9F4F7C4EAF4EF500F6E0F50026E036A0C
:107610000BC504F50CC505F587ECC7F0154A162A0D
:107620001106D8A012061128DEE11228D8A4DBD753
:10763000070127A112000CD0000E036E200E026E6F
:107640000BC504F50CC505F587ECC7F0174A182AD9
:107650001350175C1850800A0F6E1450800A0F5890
:10766000D8B01200E9D762C6D9F463C6DAF4DEC432
:1076700066F6DDC467F662C624F663C625F6000E1C
:10768000266F000E276F000E286F000E296F31EC59
:10769000A5F0696F6951D8B403D006016951120091
:1076A00066C600F667C601F620EE16F06251D926CE
:1076B0006351DA22DEC402F6DEC403F6DEC404F649
:1076C000DEC405F612ECC4F00601696F6951D8A456
:1076D000E4D720EE1AF06251D9266351DA22DEC4D3
:1076E00064F6DDC465F664C6D9F465C6DAF4DF5025
:1076F000686F6851D8A403D0040E696FCED720EE0E
:1077000004F06251D9266351DA2210EE1AF0625168
:10771000E1266351E22200EE0BF0E650E926E55047
:10772000EA22EF503F0BDF6E20EE1AF06251D926AD
:107730006351DA2210EE0BF0DE50E126DD50E2223A
:10774000E7B61AD020EE1AF06251D9266351DA2238
:10775000DEC401F5DDC402F51C0E6225036E000EC9
:107760006321046E000E066E0B0E056E32ECC6F041
:1077700001500210D8B491D762C648F663C649F6E4
:10778000000E06014B6F000E4A6FB3EC9EF006012F
:10779000696F6951D8A481D783D700C6EDF501C6BA
:1077A000EEF5E3ECB7F00009D8B402D0010E1200F8
:1077B00000C60DF501C60EF502C60FF503C610F59D
:1077C00004C611F505C612F5B2ECC3F00DC50AF6F4
:1077D0000EC50BF60FC50CF610C50DF6060120EE12
:1077E0002CF00051D9260151DA220AC6DEF40BC66C
:1077F000DEF40CC6DEF40DC6DEF4300E0025016E9C
:10780000000E0121026E000E046E000E036E020EC9
:10781000066E000E056EE0ECCEF0300E0025086F0F
:10782000000E0121096F000E0F6F010E0E6F000E8A
:10783000116F000E106F05D006010E5110270F5169
:10784000112320EE0AF00051D9260151DA22DE5030
:10785000105DDE501159D8B028D008C6E2F509C62F
:10786000E3F510510A250501E46F060111510B21C2
:107870000501E56F000E06010C210501E66F000E03
:1078800006010D210501E76F0EC6E8F50FC6E9F503
:10789000060120EE01F00051D9260151DA22DF5015
:1078A00001ECC9F00009D8B4C7D7060120EE0AF0F0
:1078B0000051D9260151DA221051DE1804E111518C
:1078C000DE18D8B402D0010E1200000E1200040E11
:1078D0006E6F62C6D9F463C6DAF4DEC46AF6DDC43C
:1078E0006BF672D06AC600F66BC601F620EE16F093
:1078F0006251D9266351DA22DEC402F6DEC403F6F1
:10790000DEC404F6DEC405F612ECC4F006016E6FA8
:107910006E51D8A465D020EE1AF06251D926635179
:10792000DA22DEC466F6DDC467F666C6D9F467C639
:10793000DAF4DF506D6F6D51D8A403D0040E6E6F72
:107940004FD020EE1AF06251D9266351DA2210EEA0
:107950000BF0DE50E126DD50E222E7503F0B6C6F6A
:1079600020EE04F06251D9266351DA226CC6DFF4AE
:10797000E50E6D19D8B419D02E0E6D19D8B415D0E6
:107980000F0E6C19D8B411D06C51DF0B080AD8A4B3
:1079900002D0010E01D0000E666F676B645166194C
:1079A00004E165516719D8B41BD062C648F663C6B6
:1079B00049F6000E4B6F000E4A6FB3EC9EF00601C5
:1079C0006E6F6E51D8A40CD020EE16F06251D926FD
:1079D0006351DA22DE50DE10DE10DE10D8A482D72A
:1079E0006E51D8B40AD020EE16F06251D9266351F8
:1079F000DA22DE6ADE6ADE6ADD6A6E511200806FAC
:107A000006018051D8B402D0020E1200000E05010A
:107A1000C76F000EC86F000EC96F000ECA6F010E4F
:107A2000CC6F800ECB6F000ECD6F060ECE6F000EAA
:107A3000D06F800ECF6F0EECAFF00501C751C811AB
:107A4000D8A4E2D7550E06017E19D8A4DDD7AA0E18
:107A50007F19D8A4D9D74205D8B414D0040E42193E
:107A6000D8B410D0060E4219D8B40CD00B0E42195F
:107A7000D8B408D00C0E4219D8B404D00E0E421956
:107A8000D8A4C2D749510701D56FD66BD76BD86B35
:107A900006014851D5C7E5F5D6C7E6F5D7C7E7F5DE
:107AA0000501E46BE4110701D56F0501E5510701FC
:107AB000D66F0501E6510701D76F0501E7510701B0
:107AC000D86F06014751D5C7E5F5D6C7E6F5D7C744
:107AD000E7F50501E46BE4110701D56F0501E551F8
:107AE0000701D66F0501E6510701D76F0501E75180
:107AF0000701D86F06014651D5C7E5F5D6C7E6F5AB
:107B0000D7C7E7F50501E46BE4110701D56F05015F
:107B1000E5510701D66F0501E6510701D76F050151
:107B2000E7510701D86F000E1200AF51B011D8A471
:107B300002D0090E1200B10E816F060E826FB30ED5
:107B4000836F060E846F000E856F70EC84F0060163
:107B5000B56FB551D8A470D0AFC6D9F4B0C6DAF4B9
:107B6000B3C6DEF4B4C6DDF4AFC66AF6B0C66BF6D3
:107B7000B1C66CF6B2C66DF685ECB5F0B56FB55111
:107B8000D8A454D020EE27F0AF51D926B051DA2234
:107B9000DFBE2AD020EE04F0AF51D926B051DA2250
:107BA000DFA820D0B3C608F5B4C609F520EE1AF058
:107BB000AF51D926B051DA22DEC40AF5DDC40BF587
:107BC00040ECCAF0060120EE06F0AF51D926B051C4
:107BD000DA2208C5DEF409C5DEF40AC5DEF40BC5F9
:107BE000DEF402D0050EB56FB551D8A41FD020EE3B
:107BF00006F0B351D926B451DA2210EE02F0AF519B
:107C0000E126B051E222DEC4E6F4DDC4E5F4AFC6FD
:107C100024F6B0C625F6000E266F000E276F000E64
:107C2000286F000E296F31ECA5F0B56F040EB51961
:107C3000D8A402D0050EB56FB551D8B406D0AFC6E2
:107C4000D9F4B0C6DAF4DE6ADD6AB5511200ACC50B
:107C5000C3F5ADC5C4F50F0E0501AE25B06F000E1E
:107C6000AF21B16FF00EB015AE6FFF0EB115AF6F53
:107C7000000EC66F000EC56F75D0C5C5B0F50F0EEE
:107C8000B017D8A416D0C00E9A6FFF0E9B6FA6C572
:107C90009CF5A7C59DF5C551A8259E6FC651A92184
:107CA0009F6F000EAA21A06F000EAB21A16F48ECC0
:107CB000CFF0E00E9A6FFF0E9B6FC551C325D96EB2
:107CC000C651C421DA6EDF50B06FB0519C6F9D6B0E
:107CD00048ECCFF0C551C325D96EC651C421DA6E28
:107CE0001F0EDF641ED0C551C325D96EC651C421F5
:107CF000DA6E7F0EDF6015D0C551C325D96EC6512F
:107D0000C421DA6E0F0EC515B06F000EC615B16F27
:107D1000B20EB025E16E050EB121E26EDFC4E7F4CC
:107D20000ED00F0EC515B06F000EC615B16FB20E96
:107D3000B025D96E050EB121DA6E2E0EDF6EC5515B
:107D40000F0B0F0AD8A40CD0000EC26F9F0E9A6FB3
:107D5000FF0E9B6FB20E9C6F050E9D6F48ECCFF02F
:107D6000C54BC62BAE51C55DAF51C659D8B0120038
:107D700084D7070116AF279316AF05D0000E2A6EE1
:107D8000010E296E04D015C729F516C72AF513C7A9
:107D90002BF514C72CF5780E2118D8B404D0000E9A
:107DA000276E410E03D0000E276E610E266E26C58B
:107DB00028F5000E2F6E4F0E2E6E000E7C6F35D004
:107DC0002E06D8A02F061D500F0B2D6E0A0E2D600B
:107DD00002D0300E02D02850F60F2D262D0E2E2464
:107DE000D96E070E2F20DA6E2DC5DFF42906D8A034
:107DF0002A062B06D8A02C061DC522F51EC523F584
:107E00001FC524F520C525F5050E05D0D8902532CF
:107E1000243223322232E82EF9D722C51DF523C59C
:107E20001EF524C51FF525C520F52FBE1DD02F50EA
:107E300004E1020E2E5CD8A017D01D501E101F109A
:107E40002010D8A4BDD72ABE05D02A50B9E12904F4
:107E5000D8B0B6D72CBE08D02C5003E12B04D8A044
:107E600003D0070127B3ACD71BC512F51CC513F50A
:107E70002D0E2E24146E070E2F20156E2BC516F511
:107E80002CC517F504ECCAF01200A8C5BFF5A9C5AA
:107E9000C0F50F0E0501AA25AC6F000EAB21AD6F2A
:107EA000F00EAC15AA6FFF0EAD15AB6F000EC26FD2
:107EB000000EC16F6DD0C1C5ACF50F0EAC17D8A4C4
:107EC0000ED0D10E9A6FFF0E9B6FA6C59CF5A7C56D
:107ED0009DF5C1C59EF5C2C59FF548ECCFF0E00EFB
:107EE0009A6FFF0E9B6FC151BF25D96EC251C02141
:107EF000DA6EDF50AC6FAC519C6F9D6B48ECCFF0ED
:107F0000C151BF25D96EC251C021DA6E1F0EDF6488
:107F10001ED0C151BF25D96EC251C021DA6E7F0E6D
:107F2000DF6015D0C151BF25D96EC251C021DA6EB4
:107F30000F0EC115AC6F000EC215AD6FAE0EAC25A5
:107F4000E16E050EAD21E26EDFC4E7F40ED00F0E38
:107F5000C115AC6F000EC215AD6FAE0EAC25D96E5B
:107F6000050EAD21DA6E2E0EDF6EC1510F0B0F0A1A
:107F7000D8A40CD0000EBE6F9F0E9A6FFF0E9B6FA1
:107F8000AE0E9C6F050E9D6F48ECCFF0C14BC22B1F
:107F9000AA51C15DAB51C259D8B012008CD70401AF
:107FA0001969C9680969C7682969CB680181C680F0
:107FB0000183C682018BC68A118BC88A000E02011A
:107FC000616F010E626F0F0E636F0E0E646F150E00
:107FD000656F160E666F0D0E676F080E686F000EE8
:107FE0000001D86F7F0ED96F7F0EDA6F7F0EDB6FC7
:107FF000010EDC6F100EDD6F000EDE6F000EDF6F06
:10800000800ED76F840ED66F000ED46FC698010E07
:108010000201056F010E0001D56F010ED86F020E2F
:10802000D96F030EDA6F070EDB6F010EDC6F040EE3
:10803000DD6F100EDE6F400EDF6F800ED76F8A0E81
:10804000D66F020ED56F330ED86F340ED96F7F0EF8
:10805000DA6F7F0EDB6F020EDC6F080EDD6F100E25
:10806000DE6F400EDF6F000ED76F820ED66F000EF0
:10807000D56F550E0401596FAA0E596F5991080E0C
:108080005D6F000E5E6F000E5F6F550E596FAA0E8A
:10809000596F5981B492A482D68EC292150E016E88
:1080A000C60EE82EFED7012EFCD700D0C290C282A9
:1080B000120062C6D9F463C6DAF4DEC469F6DDC420
:1080C0006AF662C624F663C625F6000E266F000E19
:1080D000276F000E286F000E296F31ECA5F06D6F31
:1080E0006D51D8A45DD0000E6C6F000E6B6F69C629
:1080F00000F66AC601F620EE16F06251D9266351E9
:10810000DA22DEC402F6DEC403F6DEC404F6DEC400
:1081100005F612ECC4F006016D6F6D51D8A440D085
:1081200020EE1AF06251D9266351DA22DEC466F6D7
:10813000DDC467F666C6D9F467C6DAF4E50EDE1864
:10814000D8B411D020EE1AF06251D9266351DA2248
:10815000DEC466F6DDC467F666C6D9F467C6DAF42F
:10816000DF50D8A40AD06B4B6C2B64516B1909E11A
:1081700065516C19D8B414D004D0000E6C6F000E89
:108180006B6F62C648F663C649F6000E4B6F010E70
:108190004A6FB3EC9EF006016D6F6D51D8B4A7D74E
:1081A000040E6D19D8A402D0070E6D6F6D51120028
:1081B000000184838481000E886F000E8B6F859987
:1081C000868386810501AA05D8A403D00001849581
:1081D00002D0000184850501AB51D8A405D000016F
:1081E000859F858D859B0ED0830E9A6FFB0E9B6FAE
:1081F0004F0E9C6FFF0E9D6FABC59EF59F6B48ECBD
:10820000CFF0FFD7000E8C6F2DD0020E00018C6FC7
:10821000020E896F12000F0E0001896F1200070E07
:108220000001896F1200050E0001896F1200040E13
:108230000001896F1200030E0001896F1200020E07
:108240000001896F1200B20E9A6FF90E9B6F4F0EEC
:108250009C6FFF0E9D6FA8C59EF5A9C59FF548ECC4
:10826000CFF01200A8C5ACF5A9C5ADF50501AD511B
:10827000000AD8A4E8D7AC51000AD8B4C6D7010A7E
:10828000D8B4C9D7030AD8B4CAD7010AD8B4CBD74F
:10829000070AD8B4CCD7010AD8B4CDD7030AD8B4CA
:1082A000CED7D1D7000E1A14226E000E1B14236EE7
:1082B000800E1C14246E7F0E1D14256E2250231078
:1082C00024102510D8A408D0000E1A6E000E1B6EC4
:1082D000000E1C6E000E1D6E000E1E14226E000E8F
:1082E0001F14236E800E2014246E7F0E2114256E21
:1082F0002250231024102510D8A408D0000E1E6E82
:10830000000E1F6E000E206E000E216E1DAE09D0F5
:108310001A6C1B1ED8B01B2A1C1ED8B01C2A800E3B
:108320001D5621AE09D01E6C1F1ED8B01F2A201E5C
:10833000D8B0202A800E2156000E1A1A000E1B1AE1
:10834000000E1C1A800E1D1A000E1E1A000E1F1A97
:10835000000E201A800E211A1E501A5C1F501B5846
:1083600020501C5821501D58D8B002D0D89012006F
:10837000D8801200B1C6B5F6B2C6B6F6B50E016E1B
:10838000060E026E4FECB9F001C5B9F602C5BAF699
:108390000601BAAF02D00B0E1200D890B935D96ED3
:1083A000BA35DA6E230ED926070EDA22DEC4B7F606
:1083B000DDC4B8F6B751B811D8B410D0D890B935DB
:1083C000D96EBA35DA6E230ED926070EDA22DE6AA6
:1083D000DD6AB7C6D9F4B8C6DAF4DF6AAF51B011B6
:1083E000D8B41AD020EE01F0AF51D926B051DA221C
:1083F000B9C6DFF4AFC6D9F4B0C6DAF4DF6AD890F4
:10840000B935D96EBA35DA6E230ED926070EDA22BF
:10841000AFC6DEF4B0C6DDF4B351D8A402D0000E6E
:108420001200B10E816F060E826FAF0E836F060EC3
:10843000846F000E856F70EC84F00601B46FB45148
:1084400012000FC70BF510C70CF511C70DF512C7B9
:108450000EF501C50BF502C50CF503C50DF504C5F8
:108460000EF50BC505F50CC506F50DC507F50EC5D2
:1084700008F5180E05D0D8900832073206320532BA
:10848000E82EF9D70550096E0A6A09500A10D8A4D7
:1084900019D0D8900B34056E0C34066E0D34076E6F
:1084A0000E34086E0550061007100810D8A405D029
:1084B000000E026E020E016E1200000E026E030E1E
:1084C000016E120009280A10D8A41CD00BC505F5AE
:1084D0000CC506F50DC507F50EC508F5090ED890B3
:1084E0000536063607360836E82EF9D70550061049
:1084F00007100810D8A402D0010E01D0000E016EA2
:10850000026A1200000E026E040E016E1200000ECE
:108510000A6E08AE0AD0081E071E061E056C000E65
:10852000062207220822010E0A6E04AE0AD0041E9B
:10853000031E021E016C000E022203220422010E01
:108540000A1A000E0B6E000E0C6E000E0D6E000E61
:108550000E6E0550061007100810D8B42AD0010E70
:10856000096E06D0D8900536063607360836092A31
:1085700008AEF8D7D8900B360C360D360E360550AF
:10858000015C065002580750035808500458D8A000
:1085900009D00550015E0650025A0750035A085090
:1085A000045A0B80D8900832073206320532092E61
:1085B000E1D70A50D8B408D00E1E0D1E0C1E0B6C4D
:1085C000000E0C220D220E220BC501F50CC502F582
:1085D0000DC503F50EC504F512006EC6D9F46FC6BD
:1085E000DAF4DEC470F6DDC471F66EC662F66FC6EC
:1085F00063F6000E656F010E646F59ECC0F0726F88
:108600007251D8A44CD070C600F671C601F620EEA7
:1086100016F06E51D9266F51DA22DEC402F6DEC49E
:1086200003F6DEC404F6DEC405F612ECC4F006015F
:10863000726F7251D8A433D020EE1AF06E51D92641
:108640006F51DA22DEC401F5DDC402F5000E046EBE
:10865000000E036E000E066E200E056EE0ECCEF0EE
:1086600020EE1AF06E51D9266F51DA22DEC401F5E0
:10867000DDC402F51C0E6E25036E000E6F21046E24
:10868000000E066E0B0E056EA6ECCDF0060120EE78
:1086900004F07051D9267151DA22010EDF6E725149
:1086A0001200090EB06FA651A711D8B441D0A6C5CB
:1086B000D9F4A7C5DAF4DE50DE10D8B439D0A6C597
:1086C000D9F4A7C5DAF4DEC4AAF5DDC4ABF5AAC5B2
:1086D000D9F4ABC5DAF4DF50D8B42AD0A6C5D9F4A2
:1086E000A7C5DAF410EE06F0DE50E126DD50E222F6
:1086F00020EE02F0A651D926A751DA22E650DE1864
:1087000017E1E650DE18D8A413D0A6C5D9F4A7C542
:10871000DAF410EE01F0DE50E126DD50E222E750FF
:108720006EECCFF00501AA6FAAB102D0000EB06FB7
:10873000B051D8B405D0000EAE6F000EAF6F08D0A8
:10874000A6C5D9F4A7C5DAF4DEC4AEF5DDC4AFF52D
:10875000A8C5D9F4A9C5DAF4AEC5DEF4AFC5DDF419
:10876000B0511200020E0F5E000E105A115A125A2A
:1087700020EE14F00D50D9260E50DA22FE0EDE2423
:10878000136EFF0EDE20146EFF0EDE20156EFF0E40
:10879000DE20166E13500F5C1450105815501158EF
:1087A00016501258D8A009D0000E0D6E000E0E6E95
:1087B000000E0F6E000E106E120020EE28F00D500D
:1087C000D9260E50DA22DEC413F5DEC414F5DEC459
:1087D00015F5DEC416F520EE0AF00D50D9260E5020
:1087E000DA22DEC417F5DDC418F517C501F518C582
:1087F00002F5036A046A0FC505F510C506F511C533
:1088000007F512C508F528ECCCF0135001240D6EC5
:10881000145002200E6E155003200F6E16500420C7
:10882000106E1200000E0501FF6F060120EE2CF005
:108830000051D9260151DA220251DE180AE1035112
:10884000DE1807E10451DE1804E10551DE18D8B442
:1088500044D000C6EDF501C6EEF5E3ECB7F0FF6FCE
:10886000FF51D8A43AD0300E060100250501E46F6F
:10887000000E060101210501E56F02C6E6F503C6FB
:10888000E7F504C6E8F505C6E9F5000EEB6F010E45
:10889000EA6F060120EE01F00051D9260151DA22DB
:1088A000DF5042ECC9F00009D8B408D006010269D3
:1088B000036904690569010E0501FF6F060120EED9
:1088C0002CF00051D9260151DA2202C6DEF403C68B
:1088D000DEF404C6DEF405C6DEF40501FF51120025
:1088E000033404340A6E0A50D8A409D0000E016E75
:1088F000000E026E000E036E000E046E120001C523
:1089000005F502C506F503C507F504C508F5200EF3
:1089100005D0D8900832073206320532E82EF9D752
:108920000550096E038EFF0E0116FF0E0216FF0E94
:108930000316000E0416960E0A5E0AAE0DD00A50FB
:10894000800A970FD8A0D2D7D890043203320232CF
:1089500001320A3EF9D70DD01F0E0A6407D0C6D7E0
:10896000D89001360236033604360A060A50D8A4D7
:10897000F7D70950D8B408D0041E031E021E016C9C
:10898000000E02220322042201C501F502C502F5F0
:1089900003C503F504C504F5120020EE03F00150F1
:1089A000D9260250DA22DF50056E05500A6E0B6A96
:1089B0000C6A0D6A20EE02F00150D9260250DA222C
:1089C000DF50056E05500AC507F50BC508F50CC547
:1089D00009F5066A06100A6E07500B6E08500C6EF9
:1089E00009500D6E20EE01F00150D9260250DA2216
:1089F000DF50056E05500AC507F50BC508F50CC517
:108A000009F5066A06100A6E07500B6E08500C6EC8
:108A100009500D6E01C5D9F402C5DAF4DF50056EB8
:108A200005500AC507F50BC508F50CC509F5066A1A
:108A300006100A6E07500B6E08500C6E09500D6E32
:108A40000AC501F50BC502F50CC503F50DC504F506
:108A50001200000E0F6E000E0E6E07C5D9F408C589
:108A6000DAF4DEC4F6F4DDC4F7F4000EF86E0800A4
:108A7000F5502A0AD8A433D007C5D9F408C5DAF4CA
:108A8000DE2A000EDD2209C5D9F40AC5DAF4DFC4F6
:108A90000BF5020EDE26DFC40CF5000EDD220BC541
:108AA000D9F40CC5DAF4DEC40EF5DDC40FF528D018
:108AB0000EC501F50FC502F5000E046E0A0E036E19
:108AC0005BECCFF00D5001240E6E000E02200F6EF5
:108AD00007C5D9F408C5DAF4DE2A000EDD2207C581
:108AE000D9F408C5DAF4DEC4F6F4DDC4F7F4000EF8
:108AF000F86E0800F550D00F0D6E090E0D64D8D732
:108B00000EC507F50FC508F5120003C50CF504C521
:108B10000DF505500C240A6E06500D200B6E41D049
:108B200001C507F502C501F507C502F50CC5D9F465
:108B30000DC5DAF4DF50076E0750011A0C4A0D2AF2
:108B400001C507F502C508F5040E096ED890083274
:108B50000732092EFBD70F0E0716000E0816075016
:108B6000011A0850021A01C507F502C508F50C0ED6
:108B7000D89007360836E82EFBD70750011A085060
:108B8000021AFF0E0114076E000E0214086E050E85
:108B9000D89007360836E82EFBD70750011A085040
:108BA000021A0A500C5C0B500D58D8A0B9D701C559
:108BB00001F502C502F512006FC6A6F570C6A7F54D
:108BC000730E0501A86F060EA96F51ECC3F00601E4
:108BD000756F7551D8A444D071517211D8A40FD0BB
:108BE0006FC624F670C625F6000E266F000E276F9E
:108BF000000E286F000E296F31ECA5F030D06FC643
:108C000062F670C663F6000E656F000E646F67EC67
:108C1000BCF0756F040E7519D8A402D0000E756FE4
:108C20007551D8A41DD06FC60EF570C60FF571C66C
:108C300010F572C611F5F8ECB2F06FC648F670C6C2
:108C400049F6000E06014B6F000E4A6FB3EC9EF022
:108C50000601756F040E7519D8A402D0000E756F49
:108C60007551120001C509F502C50AF503C50BF5DA
:108C700004C50CF507D00506D8A00606094A0A2A3D
:108C80000B4A0C2A05500610D8B41AD009C5D9F4DD
:108C90000AC5DAF4DF50076E0BC5F6F40CC5F7F41D
:108CA000000EF86E240EF76403D00800F55005D0CE
:108CB000F6C4E9F4F7C4EAF4EF500718D8B4DBD7E8
:108CC00005500610D8A405D0000E026E000E016EED
:108CD000120009C5D9F40AC5DAF4DF50076E0BC5D6
:108CE000F6F40CC5F7F4000EF86E240EF76403D00A
:108CF0000800F55005D0F6C4E9F4F7C4EAF4EF50E3
:108D0000086E0850075C016E026AD8A002061200C5
:108D1000000E0A6E04AE0AD0041E031E021E016C71
:108D2000000E022203220422010E0A6E08AE08D0B1
:108D3000081E071E061E056C000E062207220822CA
:108D40000550061007100810D8B424D0010E096E83
:108D500006D0D8900536063607360836092A08AEFA
:108D6000F8D70550015C06500258075003580850C8
:108D70000458D8A008D00550015E0650025A07508A
:108D8000035A0850045AD890083207320632053286
:108D9000092EE7D70A50D8B408D0041E031E021EBD
:108DA000016C000E02220322042201C501F502C556
:108DB00002F503C503F504C504F512001E6E06C7CF
:108DC00026F507C727F51E5040091F6E1BC520F565
:108DD0001AC521F519C522F518C523F51F0E016E18
:108DE000050E026E000E046E050E036EF7ECCBF05E
:108DF0000109246E26C505F527C506F591ECCFF0CF
:108E000026C50BF527C50CF5000E0E6E010E0D6E76
:108E10007DECCCF026C501F527C502F51F0E036ECB
:108E2000050E046E000E066E060E056E93ECCBF07A
:108E300008C712F509C713F5FF0EB0ECCEF0256E8A
:108E40001CC5D9F41DC5DAF425C5DFF42528D8A43E
:108E500005D0000E196E010E186E1200000E196E6C
:108E6000000E186E1200080E0001B16F000E040112
:108E7000006F000E086F000E106F000E186F20912B
:108E800020932095000E286FC2922283CA92C09E22
:108E9000C89EC280CA90C294CA94000E0201056F97
:108EA000BE88C6980401118DC88CC282D0ACFED792
:108EB000C88604011187C6840185C6860187010E14
:108EC0000201D56FA00ED46FD189D18B0401018F1F
:108ED000C68E070E0201766FBE8CC69C260E076FEB
:108EE000D28F000EC16E000EC96E000EBF6E000E56
:108EF000C76E000EC36E000ECB6EC08AC89ABE8AC3
:108F0000C69AC08E04011393139113951200045056
:108F10000510D8B404D004500510D8A404D00250D1
:108F2000EBECCFF0120020EE0AF00450D9260550E9
:108F3000DA22DE50DE10D8B416D020EE0AF004504B
:108F4000D9260550DA2210EE03F00450E126055030
:108F5000E222DE50E65CE650800A0A6EDE50800AAD
:108F60000A58D8B0120020EE03F00450D92605505C
:108F7000DA22DEC406F5DDC407F504C5D9F405C55B
:108F8000DAF4DEC408F5DDC409F506500824D96E0C
:108F900007500920DA6E02C5DFF420EE03F004501A
:108FA000D9260550DA22DE2A000EDD22120005063F
:108FB000D8A0060605280FE10628D8A40CD0000E7C
:108FC000026E000E016E1200014A022A034A042AB0
:108FD0000506D8A0060601C5D9F402C5DAF4DF50AB
:108FE000D8B420D003C5F6F404C5F7F4000EF86E2B
:108FF0000800F5500009D8B415D005500610D8B4B3
:1090000011D001C5D9F402C5DAF4DF50076E03C5EB
:10901000F6F404C5F7F4000EF86E0800F5500718D2
:10902000D8B4D2D701C5D9F402C5DAF4DF50076E3F
:1090300003C5F6F404C5F7F4000EF86E0800F55009
:10904000075C016E026AD8A002061200036E670E6A
:10905000F66ED90EF76E000EF86E0900F550035C3F
:10906000D8A03CD0680EF66ED90EF76E000EF86EE2
:1090700003500900F55CD8A005D0000E026E010E69
:10908000016E1200690EF66ED90EF76E000EF86EC4
:109090000900F550035CD8A00BD06A0EF66ED90E0D
:1090A000F76E000EF86E03500900F55CD8B0E5D7F6
:1090B0006B0EF66ED90EF76E000EF86E0900F550C5
:1090C000035CD8A00BD06C0EF66ED90EF76E000EB6
:1090D000F86E03500900F55CD8B0CFD7000E026ED1
:1090E000000E016E1200070113511411D8A405D00F
:1090F00013C711F514C712F506D0FF0E1325116E14
:10910000FF0E1421126E27A109D00DC502F5036AC6
:109110000BC504F50CC505F587ECC7F012AE04D0FD
:10912000000E126E000E116E000E106E000E0F6E0D
:109130000CD0000E036E200E026E0BC504F50CC59C
:1091400005F587ECC7F00F4A102A11500F5C10503C
:10915000800A0E6E1250800A0E58D8A0EAD7070176
:1091600027B112000DC502F5036A0BC504F50CC545
:1091700005F587ECC7F01200000E0114096E000E11
:1091800002140A6E800E03140B6E7F0E04140C6E14
:1091900009500A100B100C10D8A408D0000E016E54
:1091A000000E026E000E036E000E046E000E05141B
:1091B000096E000E06140A6E800E07140B6E7F0EE9
:1091C00008140C6E09500A100B100C10D8A408D00B
:1091D000000E056E000E066E000E076E000E086E85
:1091E000055001180AE10650021807E1075003185C
:1091F00004E108500418D8B402D0D8901200D880E6
:109200001200000E0501EC6F000EEB6F33D0E4513D
:109210000701D5250501C76FE5510701D6210501D5
:10922000C86FE6510701D7210501C96FE751070152
:10923000D8210501CA6F000ECC6F000ECB6FE2C5BE
:10924000CDF5E3C5CEF5020ED06F000ECF6FA5ECC5
:10925000AAF00501C751C811D8B402D0010E1200FE
:10926000010EE427000EE523E623E723020EE327A1
:10927000EB4BEC2BE851EB5DE951EC59D8A0C7D78B
:10928000000E1200000E0501EE6F000EED6F33D0E0
:10929000E6510701D5250501C76FE7510701D62122
:1092A0000501C86FE8510701D7210501C96FE951D0
:1092B0000701D8210501CA6F000ECC6F000ECB6FDD
:1092C000E4C5CDF5E5C5CEF5020ED06F000ECF6F2B
:1092D0000EECAFF00501C751C811D8B402D0010E91
:1092E0001200010EE627000EE723E823E923020E11
:1092F000E527ED4BEE2BEA51ED5DEB51EE59D8A091
:10930000C7D7000E1200000E096E000E0A6E000E86
:109310000B6E000E0C6E0550061007100810D8B426
:109320002AD0010E0D6E06D0D890053606360736C7
:1093300008360D2A08AEF8D7D89009360A360B360B
:109340000C360550015C065002580750035808506F
:109350000458D8A009D00550015E0650025A0750A3
:10936000035A0850045A0980D8900832073206324E
:1093700005320D2EE1D709C501F50AC502F50BC569
:1093800003F50CC504F51200140EF66E9C0EF76E74
:10939000010EF86E02EE80F010EE40F00900F5C408
:1093A000EEF4E550E150FAE1EC0EF66E9F0EF76E2A
:1093B000010EF86E01EED5F310EE07F00900F5C4CA
:1093C000EEF4E550E150FAE102EEC0F014EEFCF0EC
:1093D000EE6AE550E150FCE1E250FAE102EE00F005
:1093E000800EEE6AE806FDE101EE00F3BF0EEE6AC4
:1093F000E806FDE10401080E5D6F000E5E6F000ED1
:109400005F6F000104EFAEF0070127A10AD014C579
:109410000BF515C50CF512C50DF513C50EF546EC8B
:10942000CEF017AE04D0000E176E000E166E000EB2
:109430001A6E000E196E0CD0000E036E200E026E16
:1094400012C504F513C505F587ECC7F0194A1A2AA9
:109450001650195C1A50800A186E1750800A185856
:10946000D8A0EAD7070127B1120014C50BF515C51E
:109470000CF512C50DF513C50EF546ECCEF0120035
:109480001A0E0A24016E000E0B20026E2AECCEF09A
:1094900001C510F502C511F5126A136A08C5D9F4A1
:1094A00009C5DAF4030EDE18D8A41CD0140E0A2461
:1094B000016E000E0B20026E2AECCEF001500C6EF5
:1094C00002500D6E0E6A0F6A0DC50FF50CC50EF534
:1094D0000D6A0C6A0C5010120D5011120E5012121F
:1094E0000F50131210C508F511C509F512C50AF57C
:1094F00013C50BF5120001C50BF502C50CF50CC523
:10950000C1F40BC5BFF4000ECB6E000E0A6E000E48
:10951000096E25D0C09A09500324076E0A50042012
:10952000086E07C5F6F408C5F7F4000EF86E240EB1
:10953000F76403D00800F55005D0F6C4E9F4F7C489
:10954000EAF4EF50C36EC08A0B2A0BC5BFF40B5070
:10955000D8A403D00C2A0CC5C1F4094A0A2A055024
:10956000095C06500A58D8B01200D4D7000E070183
:109570001E6F000E1D6F1EBF0ED01E5104E1140E93
:109580001D5DD8A008D08E0E05019A6FFF0E9B6F4F
:1095900048ECCFF0FFD7000E0501AF6F000EAE6FA5
:1095A000000EB16F050EB06F000EB36F640EB26F98
:1095B00014ECB0F0AE51AF11D8B41200110E050189
:1095C000BE6F3C0EBD6FCB0EE82EFED7BD2FFCD775
:1095D000BE2FFAD707011D4B1E2BCDD7326E06C703
:1095E00030F507C731F52CC535F52DC536F528C53D
:1095F00018F529C519F52AC51AF52BC51BF535C56A
:109600001CF536C51DF53250DEECC6F018C533F535
:1096100019C534F533503410D8B403D00BECCFF067
:10962000120030C501F531C502F5010E3524036E77
:10963000000E3620046EFF0E2E24056EFF0E2F2026
:10964000066EE0ECABF00BECCFF01200036E630E95
:10965000F66ED90EF76E000EF86E0900F550035C39
:10966000D8A026D0640EF66ED90EF76E000EF86EF6
:1096700003500900F55CD8A005D0000E026E010E63
:10968000016E1200650EF66ED90EF76E000EF86EC2
:109690000900F550035CD8A00BD0660EF66ED90E0B
:1096A000F76E000EF86E03500900F55CD8B0E5D7F0
:1096B000000E026E000E016E120001C5D9F402C543
:1096C000DAF403C5DFF4014A022A0450036E0550A0
:1096D000046E0650056E066A01C5D9F402C5DAF4B7
:1096E00003C5DFF4014A022A0450036E0550046EDC
:1096F0000650056E066A01C5D9F402C5DAF403C541
:10970000DFF4014A022A0450036E0550046E06502D
:10971000056E066A01C5D9F402C5DAF403C5DFF4A3
:10972000014A022A120003C509F504C50AF50550CD
:109730000610D8B4120006C583F005C582F009C52D
:10974000D9F40AC5DAF4DF500001816F094A0A2A08
:10975000000E086E010E076E0ED009C5D9F40AC5B9
:10976000DAF4DF50816F094A0A2AB1A0FED700015E
:109770008051074A082A0550075C06500858D8A0AF
:10978000ECD7B1A0FED700018051120004D0014AED
:10979000022A034A042A01C5D9F402C5DAF4DF50CB
:1097A000056E03C5F6F404C5F7F4000EF86E080064
:1097B000F5500518D8A407D001C5D9F402C5DAF4CC
:1097C000DF50D8A4E4D701C5D9F402C5DAF4DF50DC
:1097D000056E03C5F6F404C5F7F4000EF86E080034
:1097E000F550055C016E026AD8A002061200000E58
:1097F000096E01C50AF502C50BF503500A24056E72
:1098000004500B20066E1CD00AC5D9F40BC5DAF43F
:10981000DF50091A0A4A0B2A000E086E000E076E66
:1098200009AE02D0890E091AD8900936074A082ACB
:1098300008BEF6D7085004E1080E075CD8A0F0D7A0
:1098400005500A5C06500B58D8A0DED7095012000C
:10985000000E096E000E0A6E000E0B6E000E0C6EEE
:1098600001A008D00550092606500A2207500B22F5
:1098700008500C22D8900536063607360836D890A0
:10988000043203320232013201500210031004107C
:10989000D8A4E6D709C501F50AC502F50BC503F53D
:1098A0000CC504F5120001C509F502C50AF50AC583
:1098B000C1F409C5BFF4CB68000E086E000E076E38
:1098C00015D0BE9A07500324D96E08500420DA6ED2
:1098D000D3C4DFF4BE8A092A09C5BFF40950D8A44D
:1098E00003D00A2A0AC5C1F4074A082A0550075CB2
:1098F00006500858D8B01200E4D711680BC501F51E
:109900000CC502F518ECCDF0000E106E000E0F6EB7
:1099100010D00BC501F50CC502F5110E036E050E36
:10992000046E000E066E010E056E93ECCBF00F4A2E
:10993000102A0D500F5C0E501058D8A0EAD70BC556
:1099400001F50CC502F562ECCEF012000501A96F1D
:10995000010E0501AA6F10D0000EAA6F1CD00C0ECC
:109960009A6FFA0E9B6FA9C59CF59D6BA6C59EF5D7
:109970009F6B48ECCFF00FD0A651000AD8B4ECD7BB
:10998000010AD8B4ECD7030AD8B4E9D7010AD8B48D
:10999000E6D7070AE4D7AA5112009E0EA26F050E61
:1099A000A36F9AC5A4F59BC5A5F5000EA86F000E80
:1099B000A76F000EAF6F000EAE6FA40E946F050E72
:1099C000956F9CC596F59DC597F5A20E986F050EEF
:1099D000996F3DECCDF0A7519A25D96EA8519B21E6
:1099E000DA6EDF6A120004BE09D001C501F502C5B6
:1099F00002F503C503F504C504F5120001C505F51C
:109A000002C506F503C507F504C508F5051E061EC3
:109A1000071E081E052A000E06220722082205C579
:109A200001F506C502F507C503F508C504F51200E2
:109A300001C503F502C504F520EE02F00350D92656
:109A40000450DA22DF50D8A410D0310E0201116F79
:109A5000320E126F20EE03F00350D9260450DA22A2
:109A6000CBC4DFF4C892C890C88420EE02F0035043
:109A7000D9260450DA22DF2A120096C55BF597C575
:109A80005CF50ED094C551F595C552F55B0E536E3D
:109A9000050E546E98C555F599C556F5A7EC95F089
:109AA0005BC5F6F45CC5F7F4000EF86E0800F550DF
:109AB0000009D8A4E7D7000E0501956F000E946F3A
:109AC0001200000E1E1A000E1F1A000E201A800E21
:109AD000211A1AC501F51BC502F51CC503F51DC5E4
:109AE00004F51EC505F51FC506F520C507F521C5FA
:109AF00008F5ABECA3F001C51AF502C51BF503C5CB
:109B00001CF504C51DF5120001C5F6F402C5F7F4F5
:109B1000000EF86E0800F5500318D8A405D001C552
:109B200001F502C502F5120001C5F6F402C5F7F40D
:109B3000014A022A000EF86E0800F5500009D8A468
:109B4000E3D7000E016E000E026E120003C509F588
:109B500004C50AF501C507F502C508F510D009C509
:109B6000D9F40AC5DAF4DF500B6E094A0A2A07C590
:109B7000D9F408C5DAF40BC5DFF4074A082A05064C
:109B8000D8A006060528EBE10628D8B41200E7D7CE
:109B9000CA0E05019A6FFB0E9B6F48ECCFF0280EA2
:109BA0009A6FFE0E9B6F48ECCFF0110E0501A76F68
:109BB0003C0EA66FCB0EE82EFED7A62FFCD7A72F04
:109BC000FAD70F0E05019A6FFE0E9B6F48ECCFF08F
:109BD00012001A0E0724016E000E0820026E09C53D
:109BE00003F50AC504F520ECCFF005C5D9F406C588
:109BF000DAF4030EDE18D8A41200140E0724016E46
:109C0000000E0820026E0BC503F50CC504F520EC10
:109C1000CFF012001A0000001A0000001A00000025
:109C20001A0000000000000000000000000000001A
:109C300000000000800000008000000080000000A4
:109C40008000000000000000000000000000000094
:109C50006440000020EE01F00150D9260250DA22C3
:109C6000DF50036E0350066E076A01C5D9F402C5C2
:109C7000DAF4DF50036E0650046E0350066E04C51E
:109C800007F506C501F507C502F51200000E116EB5
:109C9000000E106E0BD00FC502F5036A0DC504F55A
:109CA0000EC505F587ECC7F0104A112A10500B2499
:109CB000D96E11500C20DA6EDF500F6E0F50D8B4F1
:109CC0001200E9D701C503F502C504F520EE02F044
:109CD0000350D9260450DA22DF06DF50D8A4120040
:109CE000000E0201116F000E126F20EE03F0035000
:109CF000D9260450DA22DF50CB6E120001C505F5DB
:109D000002C506F503C5F6F404C5F7F4034A042AB0
:109D1000000EF86E05C5D9F406C5DAF4054A062A20
:109D20000800F5C4DFF4DF50D8B41200EBD701C54A
:109D300003F502C504F520EE02F00350D9260450C5
:109D4000DA22DF6A000E0001846F000E856F100EAC
:109D500002016A6F120E6B6FC8980001848F1200A7
:109D6000166E06C714F507C715F514C50FF515C50A
:109D700010F580ECCFF0176E16501718D8A407D046
:109D80001206D8A0130612501310D8A4EED71750FD
:109D900012000150021003100410D8B408D0000EB5
:109DA000011A000E021A000E031A800E041A01C5D1
:109DB00001F502C502F503C503F504C504F512005B
:109DC00001C507F502C508F508D007C5D9F408C5CF
:109DD000DAF403C5DFF4074A082A0506D8A0060608
:109DE0000528F3E10628D8B41200EFD7B1C5A6F5CF
:109DF000B2C5A7F5B30EA86F050EA96F51ECC3F05D
:109E0000B56FB551D8A41200B1C5D9F4B2C5DAF412
:109E1000DE6ADD6A120006C712F507C713F512C520
:109E200005F513C506F5A2ECCFF012C50BF513C569
:109E30000CF5000E0E6E010E0D6E7DECCCF01200D6
:109E400001C5D9F402C5DAF403C5DFF4014A022AD8
:109E500004C503F5046A01C5D9F402C5DAF403C5E3
:109E6000DFF4014A022A12000CBE05D00BC50BF527
:109E70000CC50CF512000BC50DF50CC50EF50D1E2D
:109E80000E1E0D4A0E2A0DC50BF50EC50CF512005F
:109E90009C0E5D6E050E5E6E000E946F000E956F4B
:109EA0009AC596F59BC597F55D0E986F050E996F4F
:109EB0003DECCDF0120001500302F3C405F5F4C4EB
:109EC00006F501500402F350062602500302F35037
:109ED000062605C501F506C502F512005F6E5F5046
:109EE000D8B402D0020E12000701D52907E1D62905
:109EF00005E1D72903E1D829D8B4F4D7000E120020
:109F000011680FC501F510C502F5110E036E050E9F
:109F1000046E000E066E010E056EE0ECABF0115003
:109F2000120005C501F506C502F518ECCDF005C512
:109F300001F506C502F5000E046E010E036ED7ECA6
:109F4000CFF0120005C501F506C502F5000E046E3E
:109F5000000E036ED7ECCFF005C501F506C502F57E
:109F600062ECCEF0120001C504F502C505F505C589
:109F7000C1F404C5BFF4BE9A00000000D3C403F5C9
:109F8000BE8A03501200D0ACFED7000EC76E000E82
:109F9000C96EBE8AC08AC69AC89A1200000E016EA7
:109FA000000E026E210E036E000E046E12000350AE
:109FB0000410D8A402D0C0881200C0981200B7A024
:109FC000FED7C7C201F5026A1200C768C968CB682C
:109FD000C68AC88A1200016EB7A2FED701C5C9F2AF
:029FE00012006D
:0F9FE400D3C4C9F2B4921100FFFFFFFFBB070106
:020000040030CA
:080000008CFFFFF79FFFFFFFDB
:01000900FFF7
:00000001FF
